Opening the BGMEA member list...
  pagination shows 215 page(s)
  page 1/215  members so far: 20
  page 2/215  members so far: 40
  page 3/215  members so far: 60
  page 4/215  members so far: 80
  page 5/215  members so far: 100
  page 6/215  members so far: 120
  page 7/215  members so far: 140
  page 8/215  members so far: 160
  page 9/215  members so far: 180
  page 10/215  members so far: 200
  page 11/215  members so far: 220
  page 12/215  members so far: 240
  page 13/215  members so far: 260
  page 14/215  members so far: 280
  page 15/215  members so far: 300
  page 16/215  members so far: 320
  page 17/215  members so far: 340
  page 18/215  members so far: 360
  page 19/215  members so far: 380
  page 20/215  members so far: 400
  page 21/215  members so far: 420
  page 22/215  members so far: 440
  page 23/215  members so far: 460
  page 24/215  members so far: 480
  page 25/215  members so far: 500
  page 26/215  members so far: 520
  page 27/215  members so far: 540
  page 28/215  members so far: 560
  page 29/215  members so far: 580
  page 30/215  members so far: 600
  page 31/215  members so far: 620
  page 32/215  members so far: 640
  page 33/215  members so far: 660
  page 34/215  members so far: 680
  page 35/215  members so far: 700
  page 36/215  members so far: 720
  page 37/215  members so far: 740
  page 38/215  members so far: 760
  page 39/215  members so far: 780
  page 40/215  members so far: 800
  page 41/215  members so far: 820
  page 42/215  members so far: 840
  page 43/215  members so far: 860
  page 44/215  members so far: 880
  page 45/215  members so far: 900
  page 46/215  members so far: 920
  page 47/215  members so far: 940
  page 48/215  members so far: 960
  page 49/215  members so far: 980
  page 50/215  members so far: 1000
  page 51/215  members so far: 1020
  page 52/215  members so far: 1040
  page 53/215  members so far: 1060
  page 54/215  members so far: 1080
  page 55/215  members so far: 1100
  page 56/215  members so far: 1120
  page 57/215  members so far: 1140
  page 58/215  members so far: 1160
  page 59/215  members so far: 1180
  page 60/215  members so far: 1200
  page 61/215  members so far: 1220
  page 62/215  members so far: 1240
  page 63/215  members so far: 1260
  page 64/215  members so far: 1280
  page 65/215  members so far: 1300
  page 66/215  members so far: 1320
  page 67/215  members so far: 1340
  page 68/215  members so far: 1360
  page 69/215  members so far: 1380
  page 70/215  members so far: 1400
  page 71/215  members so far: 1420
  page 72/215  members so far: 1440
  page 73/215  members so far: 1460
  page 74/215  members so far: 1480
  page 75/215  members so far: 1500
  page 76/215  members so far: 1520
  page 77/215  members so far: 1540
  page 78/215  members so far: 1560
  page 79/215  members so far: 1580
  page 80/215  members so far: 1600
  page 81/215  members so far: 1620
  page 82/215  members so far: 1640
  page 83/215  members so far: 1660
  page 84/215  members so far: 1680
  page 85/215  members so far: 1700
  page 86/215  members so far: 1720
  page 87/215  members so far: 1740
  page 88/215  members so far: 1760
  page 89/215  members so far: 1780
  page 90/215  members so far: 1800
  page 91/215  members so far: 1820
  page 92/215  members so far: 1840
  page 93/215  members so far: 1860
  page 94/215  members so far: 1880
  page 95/215  members so far: 1900
  page 96/215  members so far: 1920
  page 97/215  members so far: 1940
  page 98/215  members so far: 1960
  page 99/215  members so far: 1980
  page 100/215  members so far: 2000
  page 101/215  members so far: 2020
  page 102/215  members so far: 2040
  page 103/215  members so far: 2060
  page 104/215  members so far: 2080
  page 105/215  members so far: 2100
  page 106/215  members so far: 2120
  page 107/215  members so far: 2140
  page 108/215  members so far: 2160
  page 109/215  members so far: 2180
  page 110/215  members so far: 2200
  page 111/215  members so far: 2220
  page 112/215  members so far: 2240
  page 113/215  members so far: 2260
  page 114/215  members so far: 2280
  page 115/215  members so far: 2300
  page 116/215  members so far: 2320
  page 117/215  members so far: 2340
  page 118/215  members so far: 2360
  page 119/215  members so far: 2380
  page 120/215  members so far: 2400
  page 121/215  members so far: 2420
  page 122/215  members so far: 2440
  page 123/215  members so far: 2460
  page 124/215  members so far: 2480
  page 125/215  members so far: 2500
  page 126/215  members so far: 2520
  page 127/215  members so far: 2540
  page 128/215  members so far: 2560
  page 129/215  members so far: 2580
  page 130/215  members so far: 2600
  page 131/215  members so far: 2620
  page 132/215  members so far: 2640
  page 133/215  members so far: 2660
  page 134/215  members so far: 2680
  page 135/215  members so far: 2700
  page 136/215  members so far: 2720
  page 137/215  members so far: 2740
  page 138/215  members so far: 2760
  page 139/215  members so far: 2780
  page 140/215  members so far: 2800
  page 141/215  members so far: 2820
  page 142/215  members so far: 2840
  page 143/215  members so far: 2860
  page 144/215  members so far: 2880
  page 145/215  members so far: 2900
  page 146/215  members so far: 2920
  page 147/215  members so far: 2940
  page 148/215  members so far: 2960
  page 149/215  members so far: 2980
  page 150/215  members so far: 3000
  page 151/215  members so far: 3020
  page 152/215  members so far: 3040
  page 153/215  members so far: 3060
  page 154/215  members so far: 3080
  page 155/215  members so far: 3100
  page 156/215  members so far: 3120
  page 157/215  members so far: 3140
  page 158/215  members so far: 3160
  page 159/215  members so far: 3180
  page 160/215  members so far: 3200
  page 161/215  members so far: 3220
  page 162/215  members so far: 3240
  page 163/215  members so far: 3260
  page 164/215  members so far: 3280
  page 165/215  members so far: 3300
  page 166/215  members so far: 3320
  page 167/215  members so far: 3340
  page 168/215  members so far: 3360
  page 169/215  members so far: 3380
  page 170/215  members so far: 3400
  page 171/215  members so far: 3420
  page 172/215  members so far: 3440
  page 173/215  members so far: 3460
  page 174/215  members so far: 3480
  page 175/215  members so far: 3500
  page 176/215  members so far: 3520
  page 177/215  members so far: 3540
  page 178/215  members so far: 3560
  page 179/215  members so far: 3580
  page 180/215  members so far: 3600
  page 181/215  members so far: 3620
  page 182/215  members so far: 3640
  page 183/215  members so far: 3660
  page 184/215  members so far: 3680
  page 185/215  members so far: 3700
  page 186/215  members so far: 3720
  page 187/215  members so far: 3740
  page 188/215  members so far: 3760
  page 189/215  members so far: 3780
  page 190/215  members so far: 3800
  page 191/215  members so far: 3820
  page 192/215  members so far: 3840
  page 193/215  members so far: 3860
  page 194/215  members so far: 3880
  page 195/215  members so far: 3900
  page 196/215  members so far: 3920
  page 197/215  members so far: 3940
  page 198/215  members so far: 3960
  page 199/215  members so far: 3980
  page 200/215  members so far: 4000
  page 201/215  members so far: 4020
  page 202/215  members so far: 4040
  page 203/215  members so far: 4060
  page 204/215  members so far: 4080
  page 205/215  members so far: 4100
  page 206/215  members so far: 4120
  page 207/215  members so far: 4140
  page 208/215  members so far: 4160
  page 209/215  members so far: 4180
  page 210/215  members so far: 4200
  page 211/215  members so far: 4220
  page 212/215  members so far: 4240
  page 213/215  members so far: 4260
  page 214/215  members so far: 4280
  page 215/215  members so far: 4291
  [1/4291] remaining=4290  1 World Apparel Limited
  [2/4291] remaining=4289  1st & Fair Fashion Wear Pvt. Ltd.
  [3/4291] remaining=4288  3A Fashions Ltd.
  [4/4291] remaining=4287  3M Composite Ltd.
  [5/4291] remaining=4286  3N Fashion (BD) Ltd.
  [6/4291] remaining=4285  3S International Ltd.
  [7/4291] remaining=4284  4 Star Fashions Ltd.
  [8/4291] remaining=4283  4 You Clothing Ltd.
  [9/4291] remaining=4282  4 Z Apparels
  [10/4291] remaining=4281  4A Yarn Dyeing Ltd.
  [11/4291] remaining=4280  4S-Park Style Ltd.
  [12/4291] remaining=4279  5F Apparels Ltd.
  [13/4291] remaining=4278  9 Star Apparels Inds. Ltd.
  [14/4291] remaining=4277  A & A Fashion Sweaters Ltd.
  [15/4291] remaining=4276  A & A Trousers Ltd.
  [16/4291] remaining=4275  A & B Design & Fashion (Pvt.) Ltd.
  [17/4291] remaining=4274  A & O Apparels (Pvt) Ltd.
  [18/4291] remaining=4273  A & T Flat Knit Industry
  [19/4291] remaining=4272  A J Fashions Ltd.
  [20/4291] remaining=4271  A Line Sport Ltd.
  [20/4291]  remaining=4271  50/min  ETA 86 min
  [21/4291] remaining=4270  A One Dress Makers Ltd.
  [22/4291] remaining=4269  A Plus Industries Ltd.
  [23/4291] remaining=4268  A Plus Sweater Ltd.
  [24/4291] remaining=4267  A S Fashion House
  [25/4291] remaining=4266  A. I Fashion
  [26/4291] remaining=4265  A.B. Sweater Inds. (BD) Ltd.
  [27/4291] remaining=4264  A.B.M. Fashions Ltd.
  [28/4291] remaining=4263  A.B.R. Sweaters Industries Ltd.
  [29/4291] remaining=4262  A.G. Dresses Limited.
  [30/4291] remaining=4261  A.J. Super Garments Ltd.
  [31/4291] remaining=4260  A.K. Khan & Co. Ltd.(Garments Div)
  [32/4291] remaining=4259  A.K.J. Fashions Fabrics Ltd.
  [33/4291] remaining=4258  A.K.M. Knit Wear Ltd.
  [34/4291] remaining=4257  A.M. Design Ltd.
  [35/4291] remaining=4256  A.M. Fashion
  [36/4291] remaining=4255  A.M. Fashions Ltd.
  [37/4291] remaining=4254  A.N. Sweaters Ltd.
  [38/4291] remaining=4253  A.N.B. Fashion Ltd.
  [39/4291] remaining=4252  A.R. Khan Sizing & Fabrics Ltd.
  [40/4291] remaining=4251  A.R.B. Knitting & Dyeing Inds. Ltd.
  note: bgmea_factories.xlsx is open in another program; wrote bgmea_factories.locked.xlsx instead. Close bgmea_factories.xlsx to let the next checkpoint update it.
  [40/4291]  remaining=4251  48/min  ETA 88 min
  [41/4291] remaining=4250  A.R.B.A Garments & Industry
  [42/4291] remaining=4249  A.S. Garments & Textiles Ltd.
  [43/4291] remaining=4248  A.S.R. Apparels Ltd.
  [44/4291] remaining=4247  A.S.T Garments Ltd.
  [45/4291] remaining=4246  A.T. Knit Fashions Ltd.
  [46/4291] remaining=4245  A.T.S. Apparels Ltd.
  [47/4291] remaining=4244  A.Z. Stitch Ltd.
  [48/4291] remaining=4243  A4B Wears Ltd.
  [49/4291] remaining=4242  AA & S International Ltd.
  [50/4291] remaining=4241  AA Knit Fashion
  [51/4291] remaining=4240  Aany Apparel Ltd.
  [52/4291] remaining=4239  Aanytex Limited
  [53/4291] remaining=4238  Aaron Denim Ltd.
  [54/4291] remaining=4237  AB Apparels Ltd.
  [55/4291] remaining=4236  AB Fashion Maker
  [56/4291] remaining=4235  AB Mart Fashion Wear Ltd.
  [57/4291] remaining=4234  ABA Fashions Ltd.
  [58/4291] remaining=4233  ABA Garments Ltd.
  [59/4291] remaining=4232  Ababil Knit Composite Ltd.
  [60/4291] remaining=4231  Ababill Fashion BD Ltd.
  [60/4291]  remaining=4231  49/min  ETA 87 min
  [61/4291] remaining=4230  Abalone Fashion Ltd.
  [62/4291] remaining=4229  Abanti Colour Tex. Ltd.
  [63/4291] remaining=4228  ABC Garments Ltd
  [64/4291] remaining=4227  ABC Knit Dyeing & Finishing Mills Ltd.
  [65/4291] remaining=4226  Abdullah Fashion
  [66/4291] remaining=4225  Abdullah Fashions
  [67/4291] remaining=4224  Abdullah Fashions Ltd.
  [68/4291] remaining=4223  Abedin Garments Ltd.
  [69/4291] remaining=4222  ABG Sweaters Ltd.
  [70/4291] remaining=4221  Abir Fashions
  [71/4291] remaining=4220  Abloom Design Ltd.
  [72/4291] remaining=4219  Ably Garments Ltd.
  [73/4291] remaining=4218  Aboni Fashions Ltd.
  [74/4291] remaining=4217  Aboni Knit Wear Ltd.
  [75/4291] remaining=4216  Absolute Quality Wear Limited
  [76/4291] remaining=4215  ABSS High-Tech Sweater Ltd.
  [77/4291] remaining=4214  Acelon Knit Composite Ltd.
  [78/4291] remaining=4213  Achieve Fashion Ltd.
  [79/4291] remaining=4212  ACME Apparels (Pvt) Ltd.
  [80/4291] remaining=4211  ACS Textiles (Bangladesh) Limited
  [80/4291]  remaining=4211  49/min  ETA 86 min
  [81/4291] remaining=4210  ACS Towel Limited
  [82/4291] remaining=4209  Active Composite Mills Ltd.
  [83/4291] remaining=4208  Active Stitch Ltd.
  [84/4291] remaining=4207  Actor Sporting Limited
  [85/4291] remaining=4206  Actual Garments BD Ltd.
  [86/4291] remaining=4205  Adams Apparels Ltd.
  [87/4291] remaining=4204  Adams Styles Ltd.
  [88/4291] remaining=4203  Adhunik Poshak Shilpa Ltd.
  [89/4291] remaining=4202  Adiba Apparels
  [90/4291] remaining=4201  Adila Apparels
  [91/4291] remaining=4200  Aditi Apparels Ltd.
  [92/4291] remaining=4199  Aditto Fashion Ltd.
  [93/4291] remaining=4198  Adiyat Apparels Ltd.
  [94/4291] remaining=4197  Adiyy Apparels Ltd.
  [95/4291] remaining=4196  Adorn Fashions Ltd.
  [96/4291] remaining=4195  Adorn Knitwear Ltd.
  [97/4291] remaining=4194  ADS Apparel Limited
  [98/4291] remaining=4193  Adury Apparels Ltd.
  [99/4291] remaining=4192  Adury Fashion & Print Ltd.
  [100/4291] remaining=4191  Advance Attire Ltd.
  [100/4291]  remaining=4191  49/min  ETA 86 min
  [101/4291] remaining=4190  Advance Design
  [102/4291] remaining=4189  Advance Sweater Industry Ltd.
  [103/4291] remaining=4188  Advance World Ltd.
  [104/4291] remaining=4187  Adventure Garments Ltd.
  [105/4291] remaining=4186  AF Manufacturer Limited
  [106/4291] remaining=4185  AFCO Abedin Garments Ltd.
  [107/4291] remaining=4184  Affan Composite Ltd.
  [108/4291] remaining=4183  Afifa Apparels Ltd.
  [109/4291] remaining=4182  Afiya Knitwear Ltd.
  [110/4291] remaining=4181  Afrah Dresses Ltd.
  [111/4291] remaining=4180  Afrah Fashion Ltd.
  [112/4291] remaining=4179  Aftab Garments Ltd.
  [113/4291] remaining=4178  Aftabunnesa Garments Ltd.
  [114/4291] remaining=4177  Aftabunnesa Textiles Ltd.
  [115/4291] remaining=4176  AG's Apparels Ltd
  [116/4291] remaining=4175  Agami Apparels Ltd.
  [117/4291] remaining=4174  Agami Fashions Limited
  [118/4291] remaining=4173  Ahad Fashion Ltd.
  [119/4291] remaining=4172  Ahava Apparels Ltd.
  [120/4291] remaining=4171  Ahava Composite Ltd.
  [120/4291]  remaining=4171  49/min  ETA 86 min
  [121/4291] remaining=4170  Ahmed Fashions
  [122/4291] remaining=4169  Ahmed Socks Industries
  [123/4291] remaining=4168  Ahnaf Islam Fashion
  [124/4291] remaining=4167  Ahsan Apparels Ltd.
  [125/4291] remaining=4166  Ahsiar Textile Limited
  [126/4291] remaining=4165  AIM Knit Wear Ltd.
  [127/4291] remaining=4164  Ajax Sweater Ltd.
  [128/4291] remaining=4163  AJI Apparels Industry Ltd.
  [129/4291] remaining=4162  Akbar Apparels Ltd.
  [130/4291] remaining=4161  AKH Apparels Ltd.
  [131/4291] remaining=4160  AKH Eco Apparels Ltd.
  [132/4291] remaining=4159  AKH Fashions Ltd.
  [133/4291] remaining=4158  AKH Knitting & Dyeing Ltd.
  [134/4291] remaining=4157  AKH Knitwear Ltd.
  [135/4291] remaining=4156  AKH Outwear Limited
  [136/4291] remaining=4155  AKH Shirts Ltd.
  [137/4291] remaining=4154  AKH Stitch Art Ltd.
  [138/4291] remaining=4153  Akhand Fashion (Pvt.) Ltd.
  [139/4291] remaining=4152  Akik Apparels Ltd.
  [140/4291] remaining=4151  AKR Fashions Ltd.
  [140/4291]  remaining=4151  49/min  ETA 85 min
  [141/4291] remaining=4150  Al - Muslim Washing Ltd.
  [142/4291] remaining=4149  Al Yusar Textiles Ltd.
  [143/4291] remaining=4148  AL-Afaz Sweater
  [144/4291] remaining=4147  Al-Amin Export Ltd.
  [145/4291] remaining=4146  Al-Amin Garment Inds. Ltd
  [146/4291] remaining=4145  Al-Amin Knit Wears
  [147/4291] remaining=4144  Al-Haj Aktar Garments Ltd.
  [148/4291] remaining=4143  AL-Haram Apparels Ltd.
  [149/4291] remaining=4142  Al-Islam Textiles Ltd.
  [150/4291] remaining=4141  Al-Ittefaq Textiles Ltd.
  [151/4291] remaining=4140  Al-Muslim Apparels Ltd.
  [152/4291] remaining=4139  Al-Muslim Fashions Wear Ltd.
  [153/4291] remaining=4138  Al-Muslim Garments Ltd.
  [154/4291] remaining=4137  Al-Nesar Garments
  [155/4291] remaining=4136  Al-Nour Garments Limited
  [156/4291] remaining=4135  Al-Tahsin Apparels Ltd.
  [157/4291] remaining=4134  Al-Thaseen Garments Industries Ltd.
  [158/4291] remaining=4133  Alamode Apparels Ltd.
  [159/4291] remaining=4132  Alauddin & Sons (Pvt.) Ltd. (Gr.Dv.)
  [160/4291] remaining=4131  Alauddin Garments Ltd.
  [160/4291]  remaining=4131  49/min  ETA 85 min
  [161/4291] remaining=4130  Aleaya Sweater Ltd.
  [162/4291] remaining=4129  Alema Textiles Ltd.
  [163/4291] remaining=4128  Alert Fashions Ltd.
  [164/4291] remaining=4127  Aleya apparels Ltd.
  [165/4291] remaining=4126  Alfa Patterns (Bangladesh) Ltd.
  [166/4291] remaining=4125  Alfa Textiles Ltd.
  [167/4291] remaining=4124  Ali Garments Ltd.
  [168/4291] remaining=4123  Alien Apparels Ltd.
  [169/4291] remaining=4122  Aliens Texwear Ltd.
  [170/4291] remaining=4121  Alif Apparels Limited
  [171/4291] remaining=4120  Alif Casual Wear Ltd.
  [172/4291] remaining=4119  Alif Classic Knitzone Ltd.
  [173/4291] remaining=4118  Alif Embroidery Village Ltd.
  [174/4291] remaining=4117  Alif Garments Ltd
  [175/4291] remaining=4116  Alif Outwears Limited
  [176/4291] remaining=4115  Alif Textiles Ltd.
  [177/4291] remaining=4114  Alim Knit (BD) Ltd.
  [178/4291] remaining=4113  Alim Knitwears Ltd.
  [179/4291] remaining=4112  Aliza Fashion Ltd.
  [180/4291] remaining=4111  All Nation Uniform Ltd.
  [180/4291]  remaining=4111  49/min  ETA 84 min
  [181/4291] remaining=4110  All Round Knit Wear Ltd.
  [182/4291] remaining=4109  All Weather Fashions Ltd.
  [183/4291] remaining=4108  Allahma Apparels
  [184/4291] remaining=4107  Alliance Apparels Ltd.
  [185/4291] remaining=4106  Alliance Fashion Wears Ltd.
  [186/4291] remaining=4105  Alliance Garments Ltd.
  [187/4291] remaining=4104  Alliance Knit Composite Ltd.
  [188/4291] remaining=4103  Alliance Stitches Ltd.
  [189/4291] remaining=4102  Allied Garments Ltd.
  [190/4291] remaining=4101  Alltex Industries Ltd.
  [191/4291] remaining=4100  Allure Apparel Ltd.
  [192/4291] remaining=4099  Alluring Fashions Ltd.
  [193/4291] remaining=4098  Alpha Clothing Ltd.
  [194/4291] remaining=4097  Alpha Dresswear Ltd.
  [195/4291] remaining=4096  Alpha Knit Apparels Ltd.
  [196/4291] remaining=4095  Alpha Knitting Wear Ltd.
  [197/4291] remaining=4094  Alpha Product Development Company (BD) Ltd.
  [198/4291] remaining=4093  Alps Apparels Ltd.
  [199/4291] remaining=4092  Alsina Garments Ltd.
  [200/4291] remaining=4091  Alternative Sweaters Ltd.
  [200/4291]  remaining=4091  49/min  ETA 84 min
  [201/4291] remaining=4090  Alvin Fashion Ltd.
  [202/4291] remaining=4089  Ama Syntex Ltd.
  [203/4291] remaining=4088  Aman Fashions & Designs Ltd.
  [204/4291] remaining=4087  Aman Graphics & Designs Ltd.
  [205/4291] remaining=4086  Aman Green Village Ltd.
  [206/4291] remaining=4085  Aman Knittings Ltd.
  [207/4291] remaining=4084  Aman Sweaters Ltd.
  [208/4291] remaining=4083  Aman Tex Unit-2 Ltd.
  [209/4291] remaining=4082  Aman Winter Wears Ltd.
  [210/4291] remaining=4081  Amana Knittex
  [211/4291] remaining=4080  Amana Textile
  [212/4291] remaining=4079  Amanah Apparels
  [213/4291] remaining=4078  Amanah Fashion Ltd.
  [214/4291] remaining=4077  Amantex Ltd.
  [215/4291] remaining=4076  Amazing Fashions Ltd.
  [216/4291] remaining=4075  Ambia Apparels Ltd.
  [217/4291] remaining=4074  Ambia Fashions Ltd.
  [218/4291] remaining=4073  Ambition Garments Ltd.
  [219/4291] remaining=4072  AMC Knit Composite Ltd.
  [220/4291] remaining=4071  AMC Sweaters Ltd.
  [220/4291]  remaining=4071  49/min  ETA 83 min
  [221/4291] remaining=4070  Ameen Fabrics Ltd.
  [222/4291] remaining=4069  Ameertex Limited
  [223/4291] remaining=4068  Amena (Pvt) Ltd.
  [224/4291] remaining=4067  Amex Apparel Ltd.
  [225/4291] remaining=4066  Amex Knitting & Dyeing Inds. Ltd. (U-2) G.D.
  [226/4291] remaining=4065  Amex Limited
  [227/4291] remaining=4064  Amheco Fabrics
  [228/4291] remaining=4063  Amichi Apparels Ltd.
  [229/4291] remaining=4062  Amir Shirts Ltd.
  [230/4291] remaining=4061  Amity Design Ltd.
  [231/4291] remaining=4060  Amity Sweaters Ltd.
  [232/4291] remaining=4059  Amotex Ltd.
  [233/4291] remaining=4058  Amotex Ltd. (Woven Unit)
  [234/4291] remaining=4057  Ample Fashion Ltd.
  [235/4291] remaining=4056  Amreen Sweater Ltd.
  [236/4291] remaining=4055  Amrjin Apparels Ltd.
  [237/4291] remaining=4054  AMS Int'l (Sweaters) Ltd.
  [238/4291] remaining=4053  Amtranet Limited
  [239/4291] remaining=4052  An.An. Apparels Ltd.
  [240/4291] remaining=4051  Anam Garments Ltd.
  [240/4291]  remaining=4051  49/min  ETA 83 min
  [241/4291] remaining=4050  Anan Socks Limited
  [242/4291] remaining=4049  Ananna Sweaters Ltd.
  [243/4291] remaining=4048  Anannya Fashions Ltd.
  [244/4291] remaining=4047  Anannya Socks & Inners Industries Ltd.
  [245/4291] remaining=4046  Ananta Apparels Ltd.
  [246/4291] remaining=4045  Ananta Apparels Ltd.
  [247/4291] remaining=4044  Ananta Apparels Ltd.
  [248/4291] remaining=4043  Ananta Casual Wear Ltd.
  [249/4291] remaining=4042  Ananta Denim Technology Ltd.
  [250/4291] remaining=4041  Ananta Fashion Ltd.
  [251/4291] remaining=4040  Ananta Garments Ltd.
  [252/4291] remaining=4039  Ananta Huaxiang Ltd.
  [253/4291] remaining=4038  Ananta Jeanswear Ltd.
  [254/4291] remaining=4037  Ananta Sportswear Ltd.
  [255/4291] remaining=4036  Anaya Sweater Limited
  [256/4291] remaining=4035  Angel Fashion
  [257/4291] remaining=4034  Angel Grace Fashion Ltd.
  [258/4291] remaining=4033  Angel Sweater (BD) Ltd.
  [259/4291] remaining=4032  Angela Fashion Limited
  [260/4291] remaining=4031  Angora Fashions Ltd.
  [260/4291]  remaining=4031  49/min  ETA 82 min
  [261/4291] remaining=4030  Angora Sweaters Ltd.
  [262/4291] remaining=4029  Angshuk Ltd.
  [263/4291] remaining=4028  Anika Apparels (Pvt) Ltd
  [264/4291] remaining=4027  Anika Fashions (Pvt.) Ltd.
  [265/4291] remaining=4026  Anika Garments (Pvt.) Ltd.
  [266/4291] remaining=4025  Anis Fashion Wear Ltd.
  [267/4291] remaining=4024  Anisa Knitwear Ltd.
  [268/4291] remaining=4023  Anita Apparels Ltd.
  [269/4291] remaining=4022  Anjuman Designers Ltd.
  [270/4291] remaining=4021  Anjuman Garments (Pvt.) Ltd.
  [271/4291] remaining=4020  Ankhi Apparels Ltd.
  [272/4291] remaining=4019  Ankon Fashion
  [273/4291] remaining=4018  Anlima Textile Ltd.
  [274/4291] remaining=4017  Annesha Style Ltd.
  [275/4291] remaining=4016  Annex Fashion Ltd.
  [276/4291] remaining=4015  Anon Tex Knit Tex Ltd.
  [277/4291] remaining=4014  Anowara Apparels Ltd.
  [278/4291] remaining=4013  Anowara Dress Makers Ltd.
  [279/4291] remaining=4012  Anowara Fashions Ltd.
  [280/4291] remaining=4011  Anowara knit Composite Ltd.
  [280/4291]  remaining=4011  49/min  ETA 82 min
  [281/4291] remaining=4010  ANR Fashion Wear Ltd.
  [282/4291] remaining=4009  Antim Knitting Dyeing & Finising Ltd.
  [283/4291] remaining=4008  Anupam Eco Fashions Ltd.
  [284/4291] remaining=4007  Anupam Hosiery Inds (Pvt) Ltd.
  [285/4291] remaining=4006  Anupom Fashion Wear Ltd.
  [286/4291] remaining=4005  ANZ Industries Limited
  [287/4291] remaining=4004  Anza Textile Ltd.
  [288/4291] remaining=4003  Anzir Apparels Ltd.
  [289/4291] remaining=4002  Anzir Apparels Ltd. (U-2)
  [290/4291] remaining=4001  Anzir Terry Towels Ltd.
  [291/4291] remaining=4000  Apace Ltd.
  [292/4291] remaining=3999  Apex Fashion Wear Ltd.
  [293/4291] remaining=3998  Apex Knit Composite Ltd.
  [294/4291] remaining=3997  Apex Lingerie Ltd.
  [295/4291] remaining=3996  Apex Spinning & Knitting Mills Ltd.
  [296/4291] remaining=3995  Apex Textile Printing Mills Ltd.
  [297/4291] remaining=3994  Apex Weaving & Finishing Mills Ltd.
  [298/4291] remaining=3993  Apical Industries Ltd.
  [299/4291] remaining=3992  Apollo Apparels Limited
  [300/4291] remaining=3991  Apollo Sewing & Garments Ltd.
  [300/4291]  remaining=3991  49/min  ETA 81 min
  [301/4291] remaining=3990  Apparel Crafts Ltd.
  [302/4291] remaining=3989  Apparel Export Ltd.
  [303/4291] remaining=3988  Apparel Fair Ltd.
  [304/4291] remaining=3987  Apparel Gallery Ltd.
  [305/4291] remaining=3986  Apparel Industry Ltd.
  [306/4291] remaining=3985  Apparel Options (Pvt) Ltd.
  [307/4291] remaining=3984  Apparel Plus Eco Ltd.
  [308/4291] remaining=3983  Apparel Plus Ltd.
  [309/4291] remaining=3982  Apparel Promoters Ltd.
  [310/4291] remaining=3981  Apparel Stitch Ltd.
  [311/4291] remaining=3980  Apparel Today Ltd.
  [312/4291] remaining=3979  Apparel-21 Ltd.
  [313/4291] remaining=3978  Apparels Bangla Sourcing Ltd.
  [314/4291] remaining=3977  Apparels Exporters
  [315/4291] remaining=3976  Apparels Fashion BD
  [316/4291] remaining=3975  Apparels Village Ltd.
  [317/4291] remaining=3974  Appear Composite Fashion Ltd.
  [318/4291] remaining=3973  Applique Fashionwear Ltd.
  [319/4291] remaining=3972  Appollo Knitwear (BD) Ltd.
  [320/4291] remaining=3971  Appolo Fashions Ltd.
  [320/4291]  remaining=3971  49/min  ETA 81 min
  [321/4291] remaining=3970  Appropriate Apparels Ltd.
  [322/4291] remaining=3969  April Fashions Ltd.
  [323/4291] remaining=3968  APS Apparels Ltd.
  [324/4291] remaining=3967  Aps Clothing Ltd.
  [325/4291] remaining=3966  APS Holdings Ltd.
  [326/4291] remaining=3965  APS Knit Composite Ltd.
  [327/4291] remaining=3964  APT Fashion Wear (Pvt) Ltd.
  [328/4291] remaining=3963  Apt International Ltd.
  [329/4291] remaining=3962  APT Sweater Ltd.
  [330/4291] remaining=3961  Aptech Caswier Ltd.
  [331/4291] remaining=3960  Aqsha Fashions Limited
  [332/4291] remaining=3959  AR Jeans Producer Ltd.
  [333/4291] remaining=3958  AR Raafi Apparel Studio Ltd.
  [334/4291] remaining=3957  AR Rauf Style Core Ltd.
  [335/4291] remaining=3956  AR Style Ltd.
  [336/4291] remaining=3955  Arabee Knitwear Ltd.
  [337/4291] remaining=3954  Arabi Fashion Ltd.
  [338/4291] remaining=3953  Araf Sweaters Fashion
  [339/4291] remaining=3952  Arafat Fashion Garments Ltd.
  [340/4291] remaining=3951  Arbella Fashion Ltd.
  [340/4291]  remaining=3951  49/min  ETA 81 min
  [341/4291] remaining=3950  Arcadia Apparels
  [342/4291] remaining=3949  Arcorp Denim Ltd.
  [343/4291] remaining=3948  Areana Garments Ltd
  [344/4291] remaining=3947  Arefin Textile Mills Ltd.
  [345/4291] remaining=3946  Argenta Garment Industries
  [346/4291] remaining=3945  ARH Knit Composite Ltd.
  [347/4291] remaining=3944  Arham Knittex BD
  [348/4291] remaining=3943  Ariba Apparels Ltd.
  [349/4291] remaining=3942  Arien Knit Composite Ltd.
  [350/4291] remaining=3941  Aries Apparels Limited
  [351/4291] remaining=3940  Arina International Ltd.
  [352/4291] remaining=3939  Arion Dresses Ltd.
  [353/4291] remaining=3938  Aristo Fashions Ltd.
  [354/4291] remaining=3937  Aristocral Sweater & Dyeing Ind. Ltd.
  [355/4291] remaining=3936  Aristocrat Fashions (Pvt) Ltd.
  [356/4291] remaining=3935  Ariyan Socks Industries Ltd.
  [357/4291] remaining=3934  Arizona Sweater Ltd.
  [358/4291] remaining=3933  ARK Pullover Ltd.
  [359/4291] remaining=3932  Arkay Knit Dyeing Mills Ltd.
  [360/4291] remaining=3931  ARL Apparels Ltd.
  [360/4291]  remaining=3931  49/min  ETA 80 min
  [361/4291] remaining=3930  ARL Dresses Ltd.
  [362/4291] remaining=3929  Armana Apparels Ltd.
  [363/4291] remaining=3928  Armana Fashions Limited
  [364/4291] remaining=3927  Armin Sweaters (BD) Ltd.
  [365/4291] remaining=3926  Armom Knitwear Ltd.
  [366/4291] remaining=3925  Armour Garments Ltd.
  [367/4291] remaining=3924  Arna Tex Ltd.
  [368/4291] remaining=3923  Arnob Sweaters Ltd.
  [369/4291] remaining=3922  Aroma Fashion Wear Ltd.
  [370/4291] remaining=3921  Aroma Fashions Ltd.
  [371/4291] remaining=3920  Around Star Sweaters Ltd.
  [372/4291] remaining=3919  Arpita Fashion Wear
  [373/4291] remaining=3918  Array Wears Ltd.
  [374/4291] remaining=3917  Arrival Fashion Ltd.
  [375/4291] remaining=3916  Arrow Fabrics (Pvt.) Ltd.
  [376/4291] remaining=3915  Arrow Jeans (Pvt) Ltd.
  [377/4291] remaining=3914  Arrow Sports Wear Ltd.
  [378/4291] remaining=3913  Arrowtech Sportswear (BD) Ltd.
  [379/4291] remaining=3912  Artistic Apparels Ltd.
  [380/4291] remaining=3911  Artistic Design Ltd.
  [380/4291]  remaining=3911  49/min  ETA 80 min
  [381/4291] remaining=3910  Arunima Apparels Ltd
  [382/4291] remaining=3909  Arunima Sports Wear Ltd.
  [383/4291] remaining=3908  Arva Textile Ltd.
  [384/4291] remaining=3907  Asan Hosiery
  [385/4291] remaining=3906  Ascot Fashion Wear Limited
  [386/4291] remaining=3905  ASH Shakur Crafts Ltd.
  [387/4291] remaining=3904  Ashiana Garments Industries Ltd.
  [388/4291] remaining=3903  Ashique Dress Design Ltd.
  [389/4291] remaining=3902  Ashique Fashionwear Ltd.
  [390/4291] remaining=3901  Ashique Jeans Apparels Ltd.
  [391/4291] remaining=3900  Ashraf-UL Sweater (Pvt.) Ltd.
  [392/4291] remaining=3899  Ashulia Apparels Ltd.
  [393/4291] remaining=3898  Ashya Sweater Ltd.
  [394/4291] remaining=3897  Asia Sourcing Trading Ltd.
  [395/4291] remaining=3896  Asian Apparels Ltd.
  [396/4291] remaining=3895  Asif Apparels Ltd.
  [397/4291] remaining=3894  Asif Fashion Industries Ltd.
  [398/4291] remaining=3893  Asko Knitwears Ltd.
  [399/4291] remaining=3892  Aspire Garments Ltd.
  [400/4291] remaining=3891  ASR Computerized Sweater (Ind) Ltd.
  [400/4291]  remaining=3891  49/min  ETA 80 min
  [401/4291] remaining=3890  ASR Sweater Ltd.
  [402/4291] remaining=3889  Asrotex
  [403/4291] remaining=3888  Asrotex Ltd.
  [404/4291] remaining=3887  Assertion Designers Ltd.
  [405/4291] remaining=3886  Associated Garments Ltd
  [406/4291] remaining=3885  AST Knitwear Ltd.
  [407/4291] remaining=3884  Aster Apparels
  [408/4291] remaining=3883  Astex Garments Limited
  [409/4291] remaining=3882  Astras Garments Ltd
  [410/4291] remaining=3881  Astro Knitwear Ltd.
  [411/4291] remaining=3880  Astro Stich Art Ltd.
  [412/4291] remaining=3879  Aswad Composite Mills Ltd.
  [413/4291] remaining=3878  Atashi Fashion Ltd.
  [414/4291] remaining=3877  ATD Garments Co. Ltd.
  [415/4291] remaining=3876  Athens Design Ltd.
  [416/4291] remaining=3875  Athletic Support Ltd.
  [417/4291] remaining=3874  Atlantex Apparel (Pvt.) Ltd.
  [418/4291] remaining=3873  Atlantic Garments Ltd.
  [419/4291] remaining=3872  Atlantic Jeans Ltd.
  [420/4291] remaining=3871  Atlantis Garments & Buying Ltd.
  [420/4291]  remaining=3871  49/min  ETA 79 min
  [421/4291] remaining=3870  ATN Fashion Ltd.
  [422/4291] remaining=3869  ATS Auto Sweater Ltd.
  [423/4291] remaining=3868  ATS Jeans Wear (Pvt) Ltd.
  [424/4291] remaining=3867  ATS Pearl Limited
  [425/4291] remaining=3866  Attires Manufacturing Co. Ltd.
  [426/4291] remaining=3865  Attraction Garments Ltd.
  [427/4291] remaining=3864  August Apparels Ltd.
  [428/4291] remaining=3863  Auko-Tex Ltd.
  [429/4291] remaining=3862  Aurum Sweater Ltd.
  [430/4291] remaining=3861  Autchan Tex BD
  [431/4291] remaining=3860  Authentic Garments (Pvt) Ltd.
  [432/4291] remaining=3859  Auto Tex Fabrics Ltd
  [433/4291] remaining=3858  Automation Knitwear Ltd.
  [434/4291] remaining=3857  Autumn Loop Apparels Ltd.
  [435/4291] remaining=3856  Avant Garments Ltd.
  [436/4291] remaining=3855  Avantex Apparels Ltd.
  [437/4291] remaining=3854  Avenger Textiles Ltd.
  [438/4291] remaining=3853  Avertex (Pvt) Ltd.
  [439/4291] remaining=3852  Avrora Fashion Ltd.
  [440/4291] remaining=3851  Axis Knitwears Ltd.
  [440/4291]  remaining=3851  49/min  ETA 79 min
  [441/4291] remaining=3850  Axon Fashion Limited
  [442/4291] remaining=3849  Ayasha & Galeya Fashions Ltd.
  [443/4291] remaining=3848  Ayesha Clothing Co. Ltd.
  [444/4291] remaining=3847  Ayesha Enterprise (Gmts.) Ltd.
  [445/4291] remaining=3846  Ayesha Fashion Ltd.
  [446/4291] remaining=3845  Ayman Textile & Hosiery Ltd.
  [447/4291] remaining=3844  AZ Apparels
  [448/4291] remaining=3843  AZ Composite Ltd.
  [449/4291] remaining=3842  Azad Knit Composite Textile Mills (Pvt.) Ltd.
  [450/4291] remaining=3841  Azam Knitting Ltd.
  [451/4291] remaining=3840  Azim & Son (Pvt.) Ltd. (Unit-2)
  [452/4291] remaining=3839  Azim & Sons (Pvt.) Ltd.
  [453/4291] remaining=3838  Azim Garments Ltd.
  [454/4291] remaining=3837  Azim Mannan Garments Ltd. (A)
  [455/4291] remaining=3836  Aziz Fashions (Pvt) Ltd.
  [456/4291] remaining=3835  Aziz Garments Ltd.
  [457/4291] remaining=3834  AZM Style Wear Ltd.
  [458/4291] remaining=3833  Azmat Apparels Ltd.
  [459/4291] remaining=3832  Azmat Fashions Ltd.
  [460/4291] remaining=3831  Azmeri Composite Knit Ltd.
  [460/4291]  remaining=3831  49/min  ETA 78 min
  [461/4291] remaining=3830  Azmery Garments Ltd.
  [462/4291] remaining=3829  Azra Enterprise Ltd.
  [463/4291] remaining=3828  B A Fashionwear Ltd.
  [464/4291] remaining=3827  B. Bangla Garments Ltd.
  [465/4291] remaining=3826  B. Brothers Garments Co. Ltd.
  [466/4291] remaining=3825  B. Brothers Garments Co. Ltd.(U-2)
  [467/4291] remaining=3824  B. T. L. Apparels Ltd.
  [468/4291] remaining=3823  B.H.I.S. Apparels Ltd.
  [469/4291] remaining=3822  B.H.I.S. Fashions Ltd.
  [470/4291] remaining=3821  B.H.S. Fashions Ltd.
  [471/4291] remaining=3820  B.P. Garments Ltd.
  [472/4291] remaining=3819  B.R. Knitting Mills
  [473/4291] remaining=3818  B.S.A. Fashion Ltd.
  [474/4291] remaining=3817  B2B Excellence Ltd.
  [475/4291] remaining=3816  Babui Knit Fashions Ltd.
  [476/4291] remaining=3815  Babui Tex Ltd.
  [477/4291] remaining=3814  Baby's Fashions Ltd.
  [478/4291] remaining=3813  Babylon Casualwear Ltd.
  [479/4291] remaining=3812  Babylon Dresses Ltd.
  [480/4291] remaining=3811  Babylon Garments Limited
  [480/4291]  remaining=3811  49/min  ETA 78 min
  [481/4291] remaining=3810  Badgetex Apparels Ltd.
  [482/4291] remaining=3809  Badhan Corporation Ltd.
  [483/4291] remaining=3808  Badhan Knit Fashion Ltd.
  [484/4291] remaining=3807  Badrunnesa Sweaters Ltd.
  [485/4291] remaining=3806  Baizid Fashion Wear Ltd.
  [486/4291] remaining=3805  Bakhrabad Knitting Inds. Ltd.
  [487/4291] remaining=3804  Bakrsons Apparels Ltd.
  [488/4291] remaining=3803  Bakul Apparels Ltd.
  [489/4291] remaining=3802  Balaka Stitch (Pvt) Ltd.
  [490/4291] remaining=3801  Banabeathee Fashionwear Ltd.
  [491/4291] remaining=3800  Banalata Apparels Ltd.
  [492/4291] remaining=3799  Banalata Garments Ltd.
  [493/4291] remaining=3798  Bandar Knitting (Pvt) Ltd.
  [494/4291] remaining=3797  Bando Apparels Ltd.
  [495/4291] remaining=3796  Bando Design Ltd.
  [496/4291] remaining=3795  Bando Eco Apparels Ltd.
  [497/4291] remaining=3794  Bando Fashions Ltd.
  [498/4291] remaining=3793  Banex Apparel Ltd.
  [499/4291] remaining=3792  Banga Fashion Ltd.
  [500/4291] remaining=3791  Banga Garments Ltd.
  [500/4291]  remaining=3791  49/min  ETA 78 min
  [501/4291] remaining=3790  Bangla Poshak Ltd.
  [502/4291] remaining=3789  Bangladesh Dresses Limited
  [503/4291] remaining=3788  Bangladesh Dresses Ltd.(Unit-2)
  [504/4291] remaining=3787  Bangladesh Dyeing & Finishing Inds. Ltd.
  [505/4291] remaining=3786  Bangladesh Spinners & Knitters (Pvt) Ltd.
  [506/4291] remaining=3785  Banika Fashions Ltd.
  [507/4291] remaining=3784  Baraka Fashions Ltd.
  [508/4291] remaining=3783  Bari Apparels Ltd.
  [509/4291] remaining=3782  Baridhi Garments Ltd.
  [510/4291] remaining=3781  Barisons Creations Ltd.
  [511/4291] remaining=3780  Base Fashions Ltd.
  [512/4291] remaining=3779  Base Textile Ltd.
  [513/4291] remaining=3778  Basic Apparels Ltd.
  [514/4291] remaining=3777  Basic Knitwear Ltd.
  [515/4291] remaining=3776  Basic Shirts Limited
  [516/4291] remaining=3775  Bassic Clothing Ltd.
  [517/4291] remaining=3774  Basundhara Garments Ltd.
  [518/4291] remaining=3773  Basunia Textiles Ltd.
  [519/4291] remaining=3772  Baxter Brenton (BD) Clothing Mfg. Co. Ltd.
  [520/4291] remaining=3771  Bay City Apparels Ltd.
  [520/4291]  remaining=3771  49/min  ETA 77 min
  [521/4291] remaining=3770  Bayezid Dresses (Pvt.) Ltd.
  [522/4291] remaining=3769  Baytex
  [523/4291] remaining=3768  BB Attire Ltd.
  [524/4291] remaining=3767  BD Designs Private Ltd.
  [525/4291] remaining=3766  BD Fashion Sourcing Ltd.
  [526/4291] remaining=3765  BD. SKy Composite Ltd.
  [527/4291] remaining=3764  BDS Alliance Ltd.
  [528/4291] remaining=3763  Bea-Con Knit Wear Ltd.
  [529/4291] remaining=3762  Beam Fashion Limited
  [530/4291] remaining=3761  Beats Fashion Ltd.
  [531/4291] remaining=3760  Beau Monde Apparels Ltd.
  [532/4291] remaining=3759  Beau Monde Garments Ltd.
  [533/4291] remaining=3758  Beautiful Jackets Ltd.
  [534/4291] remaining=3757  Beauty Garments (Pvt) Ltd.
  [535/4291] remaining=3756  Beijing Sports Wear Ltd.
  [536/4291] remaining=3755  Beka Garments & Textiles Ltd.
  [537/4291] remaining=3754  Belamy Textiles Ltd.
  [538/4291] remaining=3753  Belkuchi Knit Wear Ltd
  [539/4291] remaining=3752  Bellissima Apparels Ltd.
  [540/4291] remaining=3751  Benchmark Apparels Ltd.
  [540/4291]  remaining=3751  49/min  ETA 77 min
  [541/4291] remaining=3750  Benchmark Exports Limited
  [542/4291] remaining=3749  Benchmark Knitwear Limited
  [543/4291] remaining=3748  Benetex Inds. Ltd.
  [544/4291] remaining=3747  Benevolent Fashions Int'l Ltd.
  [545/4291] remaining=3746  Bengal Fine Knitex Ltd.
  [546/4291] remaining=3745  Bengal Glory Ltd.
  [547/4291] remaining=3744  Bengal Knittex Ltd.
  [548/4291] remaining=3743  Bengal Leisure Wear Ltd.
  [549/4291] remaining=3742  Bengal Sweater Fashion Ltd.
  [550/4291] remaining=3741  Benimoy Textile Mills
  [551/4291] remaining=3740  Benson Apparels Ltd.
  [552/4291] remaining=3739  Bentex Apparels Ltd.
  [553/4291] remaining=3738  Beq Knit Ltd.
  [554/4291] remaining=3737  Beq Sweaters Ltd.
  [555/4291] remaining=3736  Best Ladies Wear Ltd.
  [556/4291] remaining=3735  Best Shirts Ltd.
  [557/4291] remaining=3734  Best Sportswear Limited
  [558/4291] remaining=3733  Best Wool Sweaters Ltd.
  [559/4291] remaining=3732  Besta Apparels
  [560/4291] remaining=3731  Bestec Bd Ltd.
  [560/4291]  remaining=3731  49/min  ETA 77 min
  [561/4291] remaining=3730  Bestex Fashions Ltd.
  [562/4291] remaining=3729  Beximco Fashions Ltd.
  [563/4291] remaining=3728  Beximco PPE Ltd.
  [564/4291] remaining=3727  Bextex Garments Ltd.
  [565/4291] remaining=3726  BG Collection Ltd.
  [566/4291] remaining=3725  Bhaiya Apparels Limited
  [567/4291] remaining=3724  BHML Industries Ltd.
  [568/4291] remaining=3723  BHML Sweaters Ltd.
  [569/4291] remaining=3722  Bhuiyan Tex Wear
  [570/4291] remaining=3721  Bhusan Apparels Ltd.
  [571/4291] remaining=3720  Bhuyan Warmtex (Pvt.) Ltd.
  [572/4291] remaining=3719  Bichitra Garments Ltd.
  [573/4291] remaining=3718  BIDI Apparels Ltd.
  [574/4291] remaining=3717  Big Boss Corporation Ltd.
  [575/4291] remaining=3716  BIG-X Apparels
  [576/4291] remaining=3715  Billah Resources Ltd.
  [577/4291] remaining=3714  Binni Garments Ltd
  [578/4291] remaining=3713  Biped Sweaters Ltd.
  [579/4291] remaining=3712  Birds A & Z Ltd.
  [580/4291] remaining=3711  Birds Apparels Ltd.
  [580/4291]  remaining=3711  49/min  ETA 76 min
  [581/4291] remaining=3710  Birds Fadrex Ltd.
  [582/4291] remaining=3709  Birds Garments Ltd.
  [583/4291] remaining=3708  Birds Garments Ltd. Unit-2
  [584/4291] remaining=3707  Birds RNR Fashions Ltd.
  [585/4291] remaining=3706  Biswas Fashions Ltd.
  [586/4291] remaining=3705  Biswas Garments Ltd.
  [587/4291] remaining=3704  Biswas Garments Ltd. (U-2)
  [588/4291] remaining=3703  Bit Body Bangladesh Ltd.
  [589/4291] remaining=3702  Bitex Creations Ltd.
  [590/4291] remaining=3701  BK Fashion Wear Ltd.
  [591/4291] remaining=3700  BKC Sweater Ltd.
  [592/4291] remaining=3699  Blessing Knitwear Ltd.
  [593/4291] remaining=3698  Blessings Knit Inds. Ltd.
  [594/4291] remaining=3697  BLJ Apparels Ltd.
  [595/4291] remaining=3696  BLJ Bangladesh Corporation Ltd.
  [596/4291] remaining=3695  Bloomingtex Ltd.
  [597/4291] remaining=3694  BLP Warm Fashion Ltd.
  [598/4291] remaining=3693  Blue Apparels Limited
  [599/4291] remaining=3692  Blue Cap Knit Fashion Ltd.
  [600/4291] remaining=3691  Blue Planet Fashionwear Ltd.
  [600/4291]  remaining=3691  49/min  ETA 76 min
  [601/4291] remaining=3690  Blue Planet Knitwear Ltd.
  [602/4291] remaining=3689  Blue Seal Textile Ltd.
  [603/4291] remaining=3688  Blue Sky Fashion Ltd
  [604/4291] remaining=3687  Blue-Bell Knitting & Processing Inds.Ltd
  [605/4291] remaining=3686  Blueaglez Bangladesh Ltd.
  [606/4291] remaining=3685  BMTF Apparels Ltd.
  [607/4291] remaining=3684  BNM Garments Industry Limited
  [608/4291] remaining=3683  Bodice Apparels Ltd.
  [609/4291] remaining=3682  Body Fashion (Pvt) Ltd.
  [610/4291] remaining=3681  Body Link Sweater Ltd.
  [611/4291] remaining=3680  Bodystretch (BD) Ltd.
  [612/4291] remaining=3679  Bonded Fashion Ltd.
  [613/4291] remaining=3678  Bongo Stitches Ltd.
  [614/4291] remaining=3677  Bonian Knit Fashions Ltd.
  [615/4291] remaining=3676  Bonny & Bonny Apparels (Pvt) Ltd.
  [616/4291] remaining=3675  Bonny Apparels (Pvt) Ltd.
  [617/4291] remaining=3674  Bonny Apparels (Pvt) Ltd.(U-2)
  [618/4291] remaining=3673  Boost Design Ltd.
  [619/4291] remaining=3672  Borax Apparels Ltd.
  [620/4291] remaining=3671  Bornil Knit Composite Limited
  [620/4291]  remaining=3671  49/min  ETA 75 min
  [621/4291] remaining=3670  Bottoms Gallery (Pvt.) Ltd.
  [622/4291] remaining=3669  Bovs Apparels Ltd.
  [623/4291] remaining=3668  BP Wears (Pvt) Ltd.
  [624/4291] remaining=3667  Bramaks Limited
  [625/4291] remaining=3666  Brandix Casualwear Bangladesh Ltd.
  [626/4291] remaining=3665  Brands Apparel Ltd.
  [627/4291] remaining=3664  Brannerson Apparel Ltd.
  [628/4291] remaining=3663  Bravo Apparel Manufacturer Ltd.
  [629/4291] remaining=3662  Bravo Design Ltd.
  [630/4291] remaining=3661  Brickland Composite Ltd.
  [631/4291] remaining=3660  Bridge Apparels Ltd.
  [632/4291] remaining=3659  Bridgenet Apparels Ltd.
  [633/4291] remaining=3658  Bright Apparels Ltd.
  [634/4291] remaining=3657  Brightex Apparels Ltd.
  [635/4291] remaining=3656  Brilliane Sweater Limited
  [636/4291] remaining=3655  Brishti Garments Ltd.
  [637/4291] remaining=3654  Britex Sportswear Limited
  [638/4291] remaining=3653  Bro Tex Ltd.
  [639/4291] remaining=3652  Brooks (BD) Garments Co. Ltd.
  [640/4291] remaining=3651  Brother Creative Fashion Ltd.
  [640/4291]  remaining=3651  49/min  ETA 75 min
  [641/4291] remaining=3650  Brother Trade Wear
  [642/4291] remaining=3649  Brothers Apparels Ltd.
  [643/4291] remaining=3648  Brothers Fashion Limited
  [644/4291] remaining=3647  BrownField Sustainable Apparel Manufacturing (BSAM)
  [645/4291] remaining=3646  BSA Apparels Ltd.
  [646/4291] remaining=3645  BSA Garment Industry (Pvt) Ltd. (U-2)
  [647/4291] remaining=3644  BSA Garments Inds. (Pvt) Ltd.
  [648/4291] remaining=3643  BSA Garments Inds. (Pvt) Ltd.(H.U.)
  [649/4291] remaining=3642  Buildex Knit Composite Ltd.
  [650/4291] remaining=3641  Bulbul Knitting & Sewing Ltd.
  [651/4291] remaining=3640  Bunon Knitwear Ltd.
  [652/4291] remaining=3639  Byzid Apparels (Pvt) Ltd.
  [653/4291] remaining=3638  C & A Fashion Ltd.
  [654/4291] remaining=3637  C & A Textiles Ltd.
  [655/4291] remaining=3636  C & B Composite Ltd.
  [656/4291] remaining=3635  C & R Sweater Ltd.
  [657/4291] remaining=3634  C.A. Apparels Limited
  [658/4291] remaining=3633  C.B.M. International Ltd.
  [659/4291] remaining=3632  C.K. Sweaters Ltd.
  [660/4291] remaining=3631  C2C Fashion Limited
  [660/4291]  remaining=3631  49/min  ETA 75 min
  [661/4291] remaining=3630  CA Knitwear Ltd.
  [662/4291] remaining=3629  Cad Tex Garments Limited
  [663/4291] remaining=3628  Caesar Apparels Ltd.
  [664/4291] remaining=3627  Calico Garments Ltd.
  [665/4291] remaining=3626  Calm Denims Ltd.
  [666/4291] remaining=3625  Calvin Fashion Ltd.
  [667/4291] remaining=3624  Cambridge Garments Ltd.
  [668/4291] remaining=3623  Camellia Apparels Limited
  [669/4291] remaining=3622  Camio Knitwear Ltd.
  [670/4291] remaining=3621  Camio USA Knitwear Ltd.
  [671/4291] remaining=3620  Camlet Fashions Ltd.
  [672/4291] remaining=3619  Can-Am Garments (Pvt) Ltd.
  [673/4291] remaining=3618  Canvas Clothings Ltd.
  [674/4291] remaining=3617  Canvas Garments (Pvt) Ltd.
  [675/4291] remaining=3616  Capital Designs Limited
  [676/4291] remaining=3615  Capital Fashions Limited
  [677/4291] remaining=3614  Capital Garments Ltd.
  [678/4291] remaining=3613  Capital Poshak Ltd.
  [679/4291] remaining=3612  Capri Apparels Ltd.
  [680/4291] remaining=3611  Capri Garments Ltd.
  [680/4291]  remaining=3611  49/min  ETA 74 min
  [681/4291] remaining=3610  Cardinal Apparels Ltd.
  [682/4291] remaining=3609  Carlos Leather Fashion Ltd.
  [683/4291] remaining=3608  Carnival Fashions (Pvt) Ltd.
  [684/4291] remaining=3607  Cassiiopea Garments Ltd.
  [685/4291] remaining=3606  Cassiopea Apparels Ltd.
  [686/4291] remaining=3605  Cassiopea Clothing Ltd.
  [687/4291] remaining=3604  Cassiopea Dress Ltd.
  [688/4291] remaining=3603  Cassiopea Fashion Ltd.
  [689/4291] remaining=3602  Cassiopea Sweaters Ltd.
  [690/4291] remaining=3601  Casual Garments Ltd.
  [691/4291] remaining=3600  Cathay Apparels Ltd.
  [692/4291] remaining=3599  Cavron Limited
  [693/4291] remaining=3598  CD Acrylic Bangladesh Ltd.
  [694/4291] remaining=3597  CD Spinning Mills Ltd.
  [695/4291] remaining=3596  CDF Design (BD)
  [696/4291] remaining=3595  Celebrity Export Garments Ltd.
  [697/4291] remaining=3594  Centex Fashions Ltd.
  [698/4291] remaining=3593  Centex Textile & Apparels Ltd.
  [699/4291] remaining=3592  Central Garments Industry Ltd.
  [700/4291] remaining=3591  Century Design & Fashion (Pvt) Ltd.
  [700/4291]  remaining=3591  49/min  ETA 74 min
  [701/4291] remaining=3590  Century Sweaters (Pvt) Ltd.
  [702/4291] remaining=3589  CG Apparels Ltd.
  [703/4291] remaining=3588  Chaity Apparels Ltd.
  [704/4291] remaining=3587  Chaity Classic Sportswear (MFG) Co. Ltd.
  [705/4291] remaining=3586  Chaity Composite Ltd.
  [706/4291] remaining=3585  Chaity Garments Ltd.
  [707/4291] remaining=3584  Chaity Knit Composite Ltd.
  [708/4291] remaining=3583  Chancellor Garments Ltd.
  [709/4291] remaining=3582  Chandrima Garments (Pvt) Ltd.
  [710/4291] remaining=3581  Chantik Apparels
  [711/4291] remaining=3580  Chantik Garments Ltd.
  [712/4291] remaining=3579  Charm Fashion
  [713/4291] remaining=3578  Charming Knitwears Ltd.
  [714/4291] remaining=3577  Chello of Bangladesh Ltd.
  [715/4291] remaining=3576  Cheng Yi Garments Inds. Ltd.
  [716/4291] remaining=3575  Cherry (Pvt) Ltd.
  [717/4291] remaining=3574  Cherry Knit Wear Ltd.
  [718/4291] remaining=3573  Chestnut International Ltd.
  [719/4291] remaining=3572  Chic Wings (BD) Intimates Co. Ltd.
  [720/4291] remaining=3571  Children Place Ltd.
  [720/4291]  remaining=3571  49/min  ETA 74 min
  [721/4291] remaining=3570  China Zhonghe Garment Company Ltd.
  [722/4291] remaining=3569  Chistytex apparels Ltd.
  [723/4291] remaining=3568  Chittagong Asian Apparels Ltd.
  [724/4291] remaining=3567  Chittagong Fashion Speialised Tex. Ltd.
  [725/4291] remaining=3566  Chittagong Fashion Wear Ltd.
  [726/4291] remaining=3565  Chittagong Knitwears (Pvt.) Ltd.
  [727/4291] remaining=3564  Choice Garments Ltd.
  [728/4291] remaining=3563  Cholonbil Fashion Ltd.
  [729/4291] remaining=3562  Chong Won Ars Sweaters Ltd.
  [730/4291] remaining=3561  Chorka Apparels Ltd.
  [731/4291] remaining=3560  Chorka Textile Ltd.
  [732/4291] remaining=3559  Chorus Fashions Ltd.
  [733/4291] remaining=3558  Choudhury Apparels (Pvt) Ltd.
  [734/4291] remaining=3557  Chowdhury Apparel Inds.
  [735/4291] remaining=3556  Chowdhury Associates Ltd.
  [736/4291] remaining=3555  Chowdhury Composite Tex-Knit Ltd.
  [737/4291] remaining=3554  Chowdhury Fashion Wear Ltd.
  [738/4291] remaining=3553  Chowdhury Garments Ltd.
  [739/4291] remaining=3552  Chowdhury Knitwears Ltd.
  [740/4291] remaining=3551  Chowgacha Fashions Ltd.
  [740/4291]  remaining=3551  49/min  ETA 73 min
  [741/4291] remaining=3550  Chumki Apparels Ltd.
  [742/4291] remaining=3549  Chumki Knitwears Ltd.
  [743/4291] remaining=3548  Chun Ji Knit Ltd.
  [744/4291] remaining=3547  Cidatex Apparel Ltd.
  [745/4291] remaining=3546  Circular Fashion Industries Ltd.
  [746/4291] remaining=3545  Citadel Apparels Ltd.
  [747/4291] remaining=3544  City Sweater Int'l Ltd.
  [748/4291] remaining=3543  Civic Apparels Ltd.
  [749/4291] remaining=3542  Civic Fashion Limited
  [750/4291] remaining=3541  Cixing Bangladesh Ltd.
  [751/4291] remaining=3540  Clamoon Garments Ltd.
  [752/4291] remaining=3539  Classic Fashion Concept Ltd.
  [753/4291] remaining=3538  Classic Shirts Ltd.
  [754/4291] remaining=3537  Classical Fashion Ltd.
  [755/4291] remaining=3536  Classmark Dress Ltd.
  [756/4291] remaining=3535  Claxton Apparels and Textiles Ltd.
  [757/4291] remaining=3534  Clear Tex Inds. Ltd.
  [758/4291] remaining=3533  Clifton Apparels Ltd.
  [759/4291] remaining=3532  Clifton Cotton Mills Ltd.
  [760/4291] remaining=3531  Clifton Fashion Ltd.
  [760/4291]  remaining=3531  48/min  ETA 73 min
  [761/4291] remaining=3530  Clifton Garments Ltd.
  [762/4291] remaining=3529  Clifton Textile and Apparels Ltd.
  [763/4291] remaining=3528  Climax Garb Ltd.
  [764/4291] remaining=3527  Clothhero Apparels Ltd.
  [765/4291] remaining=3526  CN Knit Wears Ltd.
  [766/4291] remaining=3525  CNK Head Wear Ltd.
  [767/4291] remaining=3524  Coast To Coast (Pvt) Ltd.
  [768/4291] remaining=3523  Coast To Coast Apparels Ltd.
  [769/4291] remaining=3522  Coast To Coast Fashion Ltd.
  [770/4291] remaining=3521  Coastalino Attires Ltd.
  [771/4291] remaining=3520  Coeval Textiles Ltd.
  [772/4291] remaining=3519  Coit (Pvt.) Ltd.
  [773/4291] remaining=3518  Cold Asia Sweater Ltd.
  [774/4291] remaining=3517  Collar Knittings
  [775/4291] remaining=3516  Colors & Stitches Ltd.
  [776/4291] remaining=3515  Colossus Apparel Ltd.
  [777/4291] remaining=3514  Colotex Apparel Limited
  [778/4291] remaining=3513  Colour & Co. Ltd.
  [779/4291] remaining=3512  Colour & Fashion Inds. Ltd.
  [780/4291] remaining=3511  Colour Stitch Ltd.
  [780/4291]  remaining=3511  48/min  ETA 72 min
  [781/4291] remaining=3510  Columbia Apparels Ltd.
  [782/4291] remaining=3509  Columbia Garments Ltd.
  [783/4291] remaining=3508  Combine Tex Ltd.
  [784/4291] remaining=3507  Combined Apparels Ltd.
  [785/4291] remaining=3506  Combined Knitting Limited
  [786/4291] remaining=3505  Comfit Composite Knit Ltd.
  [787/4291] remaining=3504  Comfort Apparels (Pvt.) Ltd.
  [788/4291] remaining=3503  Comfort Collection Ltd.
  [789/4291] remaining=3502  Comfort Knit Fashion Ltd.
  [790/4291] remaining=3501  Comfort Socks Ltd.
  [791/4291] remaining=3500  Comfort Wear Garments Ltd.
  [792/4291] remaining=3499  Comilla Fashions Ltd.
  [793/4291] remaining=3498  Commitment Apparels Ltd.
  [794/4291] remaining=3497  Common Threads Ltd.
  [795/4291] remaining=3496  Comoda Garments Ltd.
  [796/4291] remaining=3495  Comptex Bangladesh Ltd.
  [797/4291] remaining=3494  Concept Knitting Ltd.
  [798/4291] remaining=3493  Concord Creations Ltd.
  [799/4291] remaining=3492  Concord Fashion Export Ltd.
  [800/4291] remaining=3491  Concord Raiment Wear Ltd.
  [800/4291]  remaining=3491  48/min  ETA 72 min
  [801/4291] remaining=3490  Concorde Garments Ltd.
  [802/4291] remaining=3489  Concordia Pacific Garments Ltd.
  [803/4291] remaining=3488  Connect Fashions Ltd.
  [804/4291] remaining=3487  Consist Apparels Ltd.
  [805/4291] remaining=3486  Consort Garments Ltd.
  [806/4291] remaining=3485  Consumer Knitex Ltd.
  [807/4291] remaining=3484  Consumer Products Limited
  [808/4291] remaining=3483  Continental Apparels Ltd.
  [809/4291] remaining=3482  Continental Garments Industries (Private) Limited
  [810/4291] remaining=3481  Convince Apparels Ltd.
  [811/4291] remaining=3480  Cordial Design Ltd.
  [812/4291] remaining=3479  Core Spun Apparels Ltd.
  [813/4291] remaining=3478  Coretex Apparels Ltd.
  [814/4291] remaining=3477  Corona Fashion Ltd.
  [815/4291] remaining=3476  Cortz Apparels Ltd.
  [816/4291] remaining=3475  Corus Fashion Limited
  [817/4291] remaining=3474  Cosmic Sweaters Ltd.
  [818/4291] remaining=3473  Cosmo Sweaters Ltd.
  [819/4291] remaining=3472  Cosmopolitan Apparels Ltd.
  [820/4291] remaining=3471  Cosmopolitan Inds. (Pvt.) Ltd.
  [820/4291]  remaining=3471  48/min  ETA 72 min
  [821/4291] remaining=3470  Cosmos Sweaters Ltd.
  [822/4291] remaining=3469  Cotton Clothing (BD) Ltd.
  [823/4291] remaining=3468  Cotton Clout (BD) Ltd.
  [824/4291] remaining=3467  Cotton Club (BD) Ltd.
  [825/4291] remaining=3466  Cotton Dyeing & Finishing Mills Ltd.
  [826/4291] remaining=3465  Cotton Farm Clothing Ltd.
  [827/4291] remaining=3464  Cotton Field (BD) Ltd.
  [828/4291] remaining=3463  Cotton Harvest Ltd.
  [829/4291] remaining=3462  Cotton Line (BD) Ltd.
  [830/4291] remaining=3461  Cotton N Cotton Garments Inds. Ltd.
  [831/4291] remaining=3460  Cotton Textile And Apparels Ltd.
  [832/4291] remaining=3459  Cotton Zone Knit Composite Ltd.
  [833/4291] remaining=3458  Cotton Zone Ltd.
  [834/4291] remaining=3457  Cottonex Fashions Ltd.
  [835/4291] remaining=3456  Cozy Apparels Ltd.
  [836/4291] remaining=3455  Craft Apparels Ltd.
  [837/4291] remaining=3454  Crazy Fashions Ltd.
  [838/4291] remaining=3453  Create Design Ltd.
  [839/4291] remaining=3452  Creative Collections Ltd.
  [840/4291] remaining=3451  Creative Designers Ltd.
  [840/4291]  remaining=3451  48/min  ETA 71 min
  [841/4291] remaining=3450  Creative Outerwear Ltd.
  [842/4291] remaining=3449  Creative Shirts House Ltd.
  [843/4291] remaining=3448  Creative Shirts Ltd.
  [844/4291] remaining=3447  Creative Shirts Ltd. (U-2)
  [845/4291] remaining=3446  Creative stylewear Ltd.
  [846/4291] remaining=3445  Creative Sweaters (Pvt.) Ltd.
  [847/4291] remaining=3444  Creative Sweaters (Pvt) Ltd.(U-2)
  [848/4291] remaining=3443  Creative Tex Ltd.
  [849/4291] remaining=3442  Creative Woolwear Ltd.
  [850/4291] remaining=3441  Crescent Fashion And Design Ltd.
  [851/4291] remaining=3440  Crescent Trade Intl. Ltd.
  [852/4291] remaining=3439  Crony Apparels Ltd.
  [853/4291] remaining=3438  Crony Fashions Ltd.
  [854/4291] remaining=3437  Crony Tex Sweater Ltd.
  [855/4291] remaining=3436  Crossline Woven Apparels Ltd.
  [856/4291] remaining=3435  Crossline Woven Gmts. Ltd.
  [857/4291] remaining=3434  Crosswear Industries Ltd.
  [858/4291] remaining=3433  Crown Easy Wear Ltd.
  [859/4291] remaining=3432  Crown Exclusive Wears Ltd.
  [860/4291] remaining=3431  Crown Fashion & Sweater Ind. Ltd.
  [860/4291]  remaining=3431  48/min  ETA 71 min
  [861/4291] remaining=3430  Crown Fashion Apparels Limited
  [862/4291] remaining=3429  Crown Knit Wear Ltd.
  [863/4291] remaining=3428  Crown Wears (Pvt) Ltd.
  [864/4291] remaining=3427  Croydon-Kowloon Designs Ltd.
  [865/4291] remaining=3426  Crystal Apparels Ltd.
  [866/4291] remaining=3425  Crystal Composite Ltd.
  [867/4291] remaining=3424  Crystal Martin Apparel Bangladesh Ltd.
  [868/4291] remaining=3423  Crystal Martin Knitwear Bangladesh Ltd.
  [869/4291] remaining=3422  Crystal Vestiti Ltd.
  [870/4291] remaining=3421  Crystal Wears Ltd.
  [871/4291] remaining=3420  CRZ Sweater & Knit Composite Ltd.
  [872/4291] remaining=3419  CS Lee Knit Composite Ltd.
  [873/4291] remaining=3418  CSF Garments (Pvt) Ltd.
  [874/4291] remaining=3417  CSF Garments (Pvt) Ltd.
  [875/4291] remaining=3416  Ctg Four Brothers Apparels Ltd.
  [876/4291] remaining=3415  Cupcake Exports Ltd.
  [877/4291] remaining=3414  Cut N Sew Ltd.
  [878/4291] remaining=3413  Cute Dress Industry
  [879/4291] remaining=3412  Cutting Edge Inds. Ltd.
  [880/4291] remaining=3411  Cynosure Apparels Ltd.
  [880/4291]  remaining=3411  48/min  ETA 71 min
  [881/4291] remaining=3410  D & S Pretty Fashions Ltd.
  [882/4291] remaining=3409  D-Tex Limited
  [883/4291] remaining=3408  D. H. Sweater Ltd.
  [884/4291] remaining=3407  D.A. Knit & Fashion Wear
  [885/4291] remaining=3406  D.G. Knitting Co.
  [886/4291] remaining=3405  D.K. Textile Ltd.
  [887/4291] remaining=3404  D.S. Fashion Ltd.
  [888/4291] remaining=3403  D.Z. Garments Ltd.
  [889/4291] remaining=3402  Daania Fashion Ltd.
  [890/4291] remaining=3401  Dada (Dhaka) Ltd.
  [891/4291] remaining=3400  Dae-Gu Product Development Co. (BD) Ltd.
  [892/4291] remaining=3399  Daelim Textile Ltd.
  [893/4291] remaining=3398  Daeyu Fashions Ltd.
  [894/4291] remaining=3397  DAF Knitwears Ltd.
  [895/4291] remaining=3396  Dah Yuan Bangladesh Ltd.
  [896/4291] remaining=3395  Daiso(BD) Company Limited
  [897/4291] remaining=3394  Dalas Fashions Ltd.
  [898/4291] remaining=3393  Dana Bottoms Ltd.
  [899/4291] remaining=3392  Dana Sweater Inds. Ltd.
  [900/4291] remaining=3391  Danny Dhaka Ltd.
  [900/4291]  remaining=3391  48/min  ETA 70 min
  [901/4291] remaining=3390  Danys Knitwear Ltd.
  [902/4291] remaining=3389  Darber Sweater Fashion Ltd.
  [903/4291] remaining=3388  Dardha Garments Ltd.
  [904/4291] remaining=3387  Das Industries Ltd.
  [905/4291] remaining=3386  Dastagir Apparels (Pvt.) Ltd.
  [906/4291] remaining=3385  Data Fashion Ltd.
  [907/4291] remaining=3384  Dawn Garments And Textiles Ltd.
  [908/4291] remaining=3383  Dawn Garments Limited
  [909/4291] remaining=3382  Day Apparels Ltd.
  [910/4291] remaining=3381  Day Fashions Ltd.
  [911/4291] remaining=3380  Daylight Apparel Ltd.
  [912/4291] remaining=3379  Daylight Fashions Ltd.
  [913/4291] remaining=3378  Dazzling Dresses Ltd.
  [914/4291] remaining=3377  Debonair Bag & Luggage Limited
  [915/4291] remaining=3376  Debonair Ltd.
  [916/4291] remaining=3375  Debonair Padding And Quilting Solution Limited
  [917/4291] remaining=3374  Decency Fashion Ltd.
  [918/4291] remaining=3373  Decent Attire
  [919/4291] remaining=3372  Decent Outerwear Ltd.
  [920/4291] remaining=3371  Deen Fashions Ltd
  [920/4291]  remaining=3371  48/min  ETA 70 min
  [921/4291] remaining=3370  Deer Fashions Ltd.
  [922/4291] remaining=3369  Defoin Design (Pvt) Ltd.
  [923/4291] remaining=3368  Dekko Apparels Ltd.
  [924/4291] remaining=3367  Dekko Designs Ltd.
  [925/4291] remaining=3366  Dekko Fashions Ltd.
  [926/4291] remaining=3365  Dekko Garments Ltd.
  [927/4291] remaining=3364  Dekko Knitwears Limited
  [928/4291] remaining=3363  Dekko Knitwears Ltd. (Unit-2)
  [929/4291] remaining=3362  Dekko Readywears Ltd.
  [930/4291] remaining=3361  Delicate Garments Ltd.
  [931/4291] remaining=3360  Delicate Knitwears Ltd.
  [932/4291] remaining=3359  Delmas Apparels (Pvt.) Ltd.
  [933/4291] remaining=3358  Delmas Garments (Pvt) Ltd.
  [934/4291] remaining=3357  Delta Fashions Ltd.
  [935/4291] remaining=3356  Delta Socks Ltd.
  [936/4291] remaining=3355  Delta Ties Limited
  [937/4291] remaining=3354  Deluxe Apparels Ltd.
  [938/4291] remaining=3353  Deluxe Fashions Ltd.
  [939/4291] remaining=3352  Denim And Design Expert (D&D)
  [940/4291] remaining=3351  Denim Asia Ltd.
  [940/4291]  remaining=3351  48/min  ETA 70 min
  [941/4291] remaining=3350  Denim Attires Ltd.
  [942/4291] remaining=3349  Denim Expert Ltd.
  [943/4291] remaining=3348  Denim Fashions Ltd.
  [944/4291] remaining=3347  Denim Plus (BD) Ltd.
  [945/4291] remaining=3346  Denim Processing Plant Ltd.
  [946/4291] remaining=3345  Denim Studio Ltd.
  [947/4291] remaining=3344  Denimach Ltd.
  [948/4291] remaining=3343  Denimic Industry Limited
  [949/4291] remaining=3342  Denison Attires Ltd.
  [950/4291] remaining=3341  Denitex Ltd.
  [951/4291] remaining=3340  Deoti Fashion Ltd.
  [952/4291] remaining=3339  Desh Bangla Fashions Ltd.
  [953/4291] remaining=3338  Desh Fashion
  [954/4291] remaining=3337  Desh Garments Ltd.
  [955/4291] remaining=3336  Desh Lanka Ltd.
  [956/4291] remaining=3335  Desh Sweater Ltd.
  [957/4291] remaining=3334  Deshbandhu Textile Mills Ltd.
  [958/4291] remaining=3333  Deshone Apparels Ltd.
  [959/4291] remaining=3332  Design & Fashion Ltd.
  [960/4291] remaining=3331  Design & Source Ltd.
  [960/4291]  remaining=3331  48/min  ETA 69 min
  [961/4291] remaining=3330  Design Apparels (Pvt) Ltd.
  [962/4291] remaining=3329  Design Destination Ltd.
  [963/4291] remaining=3328  Design Express Ltd.
  [964/4291] remaining=3327  Design Gallery (PVt) Ltd.
  [965/4291] remaining=3326  Design Makers Ltd.
  [966/4291] remaining=3325  Designer Fashion Ltd.
  [967/4291] remaining=3324  Designer Jeans Ltd.
  [968/4291] remaining=3323  Designer Line (Pvt) Ltd.
  [969/4291] remaining=3322  Designtex Fashions Ltd.
  [970/4291] remaining=3321  Designtex Knitwear Ltd.
  [971/4291] remaining=3320  Designtex Sweaters Ltd.
  [972/4291] remaining=3319  Dessin Wears Ltd.
  [973/4291] remaining=3318  Desun Garments Ltd.
  [974/4291] remaining=3317  Deva Limited
  [975/4291] remaining=3316  Dew Fashion Ltd.
  [976/4291] remaining=3315  Dew-Drops Apparels
  [977/4291] remaining=3314  Dewan Fashion Wears Ltd.
  [978/4291] remaining=3313  Deys Sweaters Ind. Ltd.
  [979/4291] remaining=3312  Dhaka Garments & Washing Limited
  [980/4291] remaining=3311  Dhaka Knitting Ltd.
  [980/4291]  remaining=3311  48/min  ETA 69 min
  [981/4291] remaining=3310  Dhaka Nikk Apparels Limited
  [982/4291] remaining=3309  Dhaka Pullovers Ltd.
  [983/4291] remaining=3308  Dhaka Socks Manufacturing Company Ltd.
  [984/4291] remaining=3307  Dhakarea Ltd.
  [985/4291] remaining=3306  Dhali Fashion World
  [986/4291] remaining=3305  Dharla Fashion Ltd.
  [987/4291] remaining=3304  Diamond Attires Ltd.
  [988/4291] remaining=3303  Diamond Fashion Wear (Pvt) Ltd.
  [989/4291] remaining=3302  Diamond Knitwear Ltd.
  [990/4291] remaining=3301  Diamond Sweater Industries Ltd.
  [991/4291] remaining=3300  Diamond Wooltex Ltd.
  [992/4291] remaining=3299  Diana Garments (Pvt.) Ltd.
  [993/4291] remaining=3298  Dibbo Fashions Ltd.
  [994/4291] remaining=3297  Diganta Sweaters Ltd.
  [995/4291] remaining=3296  Digital Sweater & Composite Ltd.
  [996/4291] remaining=3295  Dignity Textile Mills Ltd.
  [997/4291] remaining=3294  Din Apparels Ltd.
  [998/4291] remaining=3293  Dinatex Int'l Limited
  [999/4291] remaining=3292  Dip Knitwear Limited
  [1000/4291] remaining=3291  Dipa Sweater Ltd.
  [1000/4291]  remaining=3291  48/min  ETA 68 min
  [1001/4291] remaining=3290  Diplomat Apparels (Pvt.) Ltd.
  [1002/4291] remaining=3289  Diplomat Garments (Pvt) Ltd.
  [1003/4291] remaining=3288  DIPS Apparel Ltd.
  [1004/4291] remaining=3287  Dipta Apparels Ltd.
  [1005/4291] remaining=3286  Dipta Garments Ltd.
  [1006/4291] remaining=3285  Dird Composite Textiles Ltd.
  [1007/4291] remaining=3284  Dird Garments Ltd.
  [1008/4291] remaining=3283  Direct Sports & Leisure Wear (BD) Ltd.
  [1009/4291] remaining=3282  Disari Apparels (Pvt) Ltd.
  [1010/4291] remaining=3281  Disari Industries (Pvt) Ltd.
  [1011/4291] remaining=3280  Discreet Fashion Wear Ltd.
  [1012/4291] remaining=3279  Dishang Sweater Ltd.
  [1013/4291] remaining=3278  Disney Sweater Ltd.
  [1014/4291] remaining=3277  Diva Tex (Pvt.) Ltd.
  [1015/4291] remaining=3276  Divergent Knitex Ltd.
  [1016/4291] remaining=3275  Divine Design Ltd.
  [1017/4291] remaining=3274  Divine Fabrics Ltd.
  [1018/4291] remaining=3273  Divine Fashion (Pvt.) Ltd.
  [1019/4291] remaining=3272  Divine Garments Ltd.
  [1020/4291] remaining=3271  Divine Intimates Ltd.
  [1020/4291]  remaining=3271  48/min  ETA 68 min
  [1021/4291] remaining=3270  Divine Textile Ltd.
  [1022/4291] remaining=3269  Divine Textile Ltd. (Unit-2)
  [1023/4291] remaining=3268  Diyan Industries Ltd.
  [1024/4291] remaining=3267  DK Apparels Ltd.
  [1025/4291] remaining=3266  DK Global Fashion Wear Ltd.
  [1026/4291] remaining=3265  DK Sweater Ltd.
  [1027/4291] remaining=3264  DM Sourcing
  [1028/4291] remaining=3263  DMC Apparels Ltd.
  [1029/4291] remaining=3262  DND Fashion Wear
  [1030/4291] remaining=3261  DNM Apparel Limited
  [1031/4291] remaining=3260  Dody Export Wear Ltd.
  [1032/4291] remaining=3259  Domain Industries Ltd.
  [1033/4291] remaining=3258  Dominant Knit Fashion Industries Ltd.
  [1034/4291] remaining=3257  Dominion Apparels Limited
  [1035/4291] remaining=3256  Dong Bang Facilities (BD) Ltd.
  [1036/4291] remaining=3255  Doreen Apparels Ltd.
  [1037/4291] remaining=3254  Doreen Fashion Limited
  [1038/4291] remaining=3253  Doreen Garments Ltd.
  [1039/4291] remaining=3252  Dornick Apparels Ltd.
  [1040/4291] remaining=3251  Dotcom Sweater Ltd.
  [1040/4291]  remaining=3251  48/min  ETA 68 min
  [1041/4291] remaining=3250  Dote Fashion Ltd.
  [1042/4291] remaining=3249  Dowas-Land Apparels Ltd.
  [1043/4291] remaining=3248  Dragon Sweater (BD) Ltd.
  [1044/4291] remaining=3247  Dragon Sweater & Spinning Ltd.
  [1045/4291] remaining=3246  Dragoni Fashions Ltd.
  [1046/4291] remaining=3245  Dream Bengal Garments Ltd.
  [1047/4291] remaining=3244  Dream Dress Ltd.
  [1048/4291] remaining=3243  Dream Yard Attires Ltd.
  [1049/4291] remaining=3242  Dreamwears Limited
  [1050/4291] remaining=3241  Dresden Textiles Ltd.
  [1051/4291] remaining=3240  Dress & Dismatic (Pvt) Ltd.
  [1052/4291] remaining=3239  Dress All Ltd.
  [1053/4291] remaining=3238  Dress Creator Limited
  [1054/4291] remaining=3237  Dress Designers Ltd.
  [1055/4291] remaining=3236  Dress Knig Ltd.
  [1056/4291] remaining=3235  Dress Pants Ltd.
  [1057/4291] remaining=3234  Dress Shirts Ltd.
  [1058/4291] remaining=3233  Dress UP Limited
  [1059/4291] remaining=3232  Dress World Ltd.
  [1060/4291] remaining=3231  Dress. Me Industries Ltd.
  [1060/4291]  remaining=3231  48/min  ETA 67 min
  [1061/4291] remaining=3230  Dressmen Apparels Ltd.
  [1062/4291] remaining=3229  Dressmen Fashion Wear Ltd.
  [1063/4291] remaining=3228  Dressmen Garments Ltd.
  [1064/4291] remaining=3227  Dressmen Ltd.
  [1065/4291] remaining=3226  Dressy Clothing Ltd.
  [1066/4291] remaining=3225  DSL Sportwear Ltd.
  [1067/4291] remaining=3224  DSL Sweater Ltd.
  [1068/4291] remaining=3223  Ducati Apparels Ltd.
  [1069/4291] remaining=3222  Duke Garments Limited
  [1070/4291] remaining=3221  Dulal Brothers Ltd.
  [1071/4291] remaining=3220  Duranto Knit Composite Ltd.
  [1072/4291] remaining=3219  DVL Urban Fashion Limited
  [1073/4291] remaining=3218  Dwell Fashions Ltd.
  [1074/4291] remaining=3217  Dynamic 5 Knit Wear Ltd.
  [1075/4291] remaining=3216  Dynamic Export Zone Ltd.
  [1076/4291] remaining=3215  Dynamic Fashions Ltd.
  [1077/4291] remaining=3214  Dynamic Sweater Inds. Ltd.
  [1078/4291] remaining=3213  Dynasty Knit Fashions Ltd.
  [1079/4291] remaining=3212  Dynasty Sweater (BD) Ltd.
  [1080/4291] remaining=3211  E-M.N.S. Fashions Ltd.
  [1080/4291]  remaining=3211  48/min  ETA 67 min
  [1081/4291] remaining=3210  E.H. Fabrics Ltd.
  [1082/4291] remaining=3209  Eagle Textiles
  [1083/4291] remaining=3208  Earl Fashion Ltd.
  [1084/4291] remaining=3207  Earthee Wear Ltd.
  [1085/4291] remaining=3206  East West Dress Pant Ltd.
  [1086/4291] remaining=3205  East West Fashion Garments Ltd.
  [1087/4291] remaining=3204  East West Services Ltd.
  [1088/4291] remaining=3203  Eastbourne Garments Ltd.
  [1089/4291] remaining=3202  Eastern Apparels Ltd.
  [1090/4291] remaining=3201  Eastern Dresses Ltd.
  [1091/4291] remaining=3200  Eastern Garments
  [1092/4291] remaining=3199  Eastern Garments Ltd.
  [1093/4291] remaining=3198  Eastern Knit Wear Ltd.
  [1094/4291] remaining=3197  Echoknits Ltd.
  [1095/4291] remaining=3196  Echotex Ltd.
  [1096/4291] remaining=3195  Eco Couture Ltd.
  [1097/4291] remaining=3194  Eco Garments Limited
  [1098/4291] remaining=3193  Eco Intimates Ltd.
  [1099/4291] remaining=3192  Eco Knit NY Limited
  [1100/4291] remaining=3191  Eco Knitwear LImited
  [1100/4291]  remaining=3191  48/min  ETA 66 min
  [1101/4291] remaining=3190  Ecofab Ltd.
  [1102/4291] remaining=3189  Ecofact Limited
  [1103/4291] remaining=3188  Ecomax Limited
  [1104/4291] remaining=3187  Ecotech Design Ltd.
  [1105/4291] remaining=3186  ECTA Dhaka Ltd.
  [1106/4291] remaining=3185  Eden Apparels Ltd.
  [1107/4291] remaining=3184  Eden Fashions Ltd.
  [1108/4291] remaining=3183  EFA Apparels Ltd.
  [1109/4291] remaining=3182  EFE Textile Ltd.
  [1110/4291] remaining=3181  Efte Knit Composite
  [1111/4291] remaining=3180  EGT Textiles Ltd.
  [1112/4291] remaining=3179  Ehsan Fashions Ltd.
  [1113/4291] remaining=3178  Ehsan Garments Ltd.
  [1114/4291] remaining=3177  Eian Apparels Ltd.
  [1115/4291] remaining=3176  Ekram Export Ltd.
  [1116/4291] remaining=3175  Ekram Sweaters Ltd.
  [1117/4291] remaining=3174  Elahi Garments Ltd.
  [1118/4291] remaining=3173  Elaine Apparels Ltd.
  [1119/4291] remaining=3172  Elate Fashion Ltd.
  [1120/4291] remaining=3171  Elegance Orientale Ltd.
  [1120/4291]  remaining=3171  48/min  ETA 66 min
  [1121/4291] remaining=3170  Eleven Attire Ltd.
  [1122/4291] remaining=3169  Elham Fashion Ltd.
  [1123/4291] remaining=3168  Elham International Ltd.
  [1124/4291] remaining=3167  Elite Garments Inds. Ltd.
  [1125/4291] remaining=3166  Emaz Fashion Wear Ltd.
  [1126/4291] remaining=3165  Emerald Dresses Ltd.
  [1127/4291] remaining=3164  Emerging Apparels & Fashions Limited
  [1128/4291] remaining=3163  EMP Dhaka Co. Ltd.
  [1129/4291] remaining=3162  Empiric Attires Ltd.
  [1130/4291] remaining=3161  Enayet Garments Ltd.
  [1131/4291] remaining=3160  Endeavour Clothing Ltd.
  [1132/4291] remaining=3159  Endora Sweater Ltd.
  [1133/4291] remaining=3158  Energypac Fashions Ltd.
  [1134/4291] remaining=3157  Enigma Tech Ltd.
  [1135/4291] remaining=3156  ENM Apparels
  [1136/4291] remaining=3155  Enoka Apparels Ltd.
  [1137/4291] remaining=3154  Enrich Ltd.
  [1138/4291] remaining=3153  EnT Apparel Industry Ltd.
  [1139/4291] remaining=3152  Entrust Design Limited
  [1140/4291] remaining=3151  Entrust Fashions Ltd.
  [1140/4291]  remaining=3151  48/min  ETA 66 min
  [1141/4291] remaining=3150  Envoy Design Ltd.
  [1142/4291] remaining=3149  Envoy Fashions Ltd.
  [1143/4291] remaining=3148  Envoy Garments Ltd.
  [1144/4291] remaining=3147  Eon Attires Ltd.
  [1145/4291] remaining=3146  Epcot Apparels Ltd.
  [1146/4291] remaining=3145  Epcot International Ltd.
  [1147/4291] remaining=3144  Epcot Jeans Ltd.
  [1148/4291] remaining=3143  Epic Garments Mafg. Co. Ltd.(U-2)
  [1149/4291] remaining=3142  Epic Garments Manf. Co. Ltd.
  [1150/4291] remaining=3141  Epic Garments Manufacturing Co. Ltd. (Unit-7)
  [1151/4291] remaining=3140  Epoch Garments Ltd.
  [1152/4291] remaining=3139  Epyllion Knitwears Ltd.
  [1153/4291] remaining=3138  Epyllion Style Ltd.
  [1154/4291] remaining=3137  ERZ Apparels
  [1155/4291] remaining=3136  Esas Wear Ltd.
  [1156/4291] remaining=3135  Escorp Apparels Ltd.
  [1157/4291] remaining=3134  ESE Knitwear Ltd.
  [1158/4291] remaining=3133  Esex Limited
  [1159/4291] remaining=3132  ESKE Clothing Ltd.
  [1160/4291] remaining=3131  Eslite Garments (Bangladesh) Co. Ltd.
  [1160/4291]  remaining=3131  48/min  ETA 65 min
  [1161/4291] remaining=3130  Esprit Apparels Ltd.
  [1162/4291] remaining=3129  Esquire Knit Composite Ltd.
  [1163/4291] remaining=3128  Esquire Sweaters Ltd.
  [1164/4291] remaining=3127  Essential Apparel Ltd.
  [1165/4291] remaining=3126  Essential Clothing Ltd.
  [1166/4291] remaining=3125  Esses Fashions Ltd.
  [1167/4291] remaining=3124  Ethical Garments Ltd.
  [1168/4291] remaining=3123  Ethical Sweaters Ltd.
  [1169/4291] remaining=3122  Eton Fashions Ltd.
  [1170/4291] remaining=3121  Ettadee Jeans Ltd.
  [1171/4291] remaining=3120  Euphoria Apparels Ltd.
  [1172/4291] remaining=3119  Euro Apparels Ltd.
  [1173/4291] remaining=3118  Euro Arte Apparels Ltd.
  [1174/4291] remaining=3117  Euro Denim & Fashion Ltd.
  [1175/4291] remaining=3116  Euro Jeans Ltd.
  [1176/4291] remaining=3115  Euro Knit Wear Ltd.
  [1177/4291] remaining=3114  Euro-Mart Apparels Ltd.
  [1178/4291] remaining=3113  EuroArte garments limited
  [1179/4291] remaining=3112  Euroasia felt Industries Ltd.
  [1180/4291] remaining=3111  European Pantalon Fashion Ltd.
  [1180/4291]  remaining=3111  48/min  ETA 65 min
  [1181/4291] remaining=3110  Eurotex Knitwear Ltd.
  [1182/4291] remaining=3109  Eurozone Fashion Ltd.
  [1183/4291] remaining=3108  Eutex Fashion Limited
  [1184/4291] remaining=3107  Eva Sweater Ltd.
  [1185/4291] remaining=3106  Evana Garments Ltd.
  [1186/4291] remaining=3105  Eve Dress-Shirts Ltd.
  [1187/4291] remaining=3104  Eve Garments Ltd.
  [1188/4291] remaining=3103  Ever Blue Fashion Ltd.
  [1189/4291] remaining=3102  Ever Fashion Ltd.
  [1190/4291] remaining=3101  Ever Fashion Tongi Ltd.
  [1191/4291] remaining=3100  Everbright Sweater Ltd.
  [1192/4291] remaining=3099  Everest Sweaters Ltd.
  [1193/4291] remaining=3098  Evergreeen Garments Limited
  [1194/4291] remaining=3097  Evergreen Sweaters Ltd.
  [1195/4291] remaining=3096  Evernal Industry Ltd.
  [1196/4291] remaining=3095  Evertop Product Development Co. Ltd.
  [1197/4291] remaining=3094  Evince Dress Shirts Ltd.
  [1198/4291] remaining=3093  Evince Garments Ltd.
  [1199/4291] remaining=3092  Evince Limited.
  [1200/4291] remaining=3091  Evitex Apparels Ltd.
  [1200/4291]  remaining=3091  48/min  ETA 64 min
  [1201/4291] remaining=3090  Evitex Dress Shirt Ltd.
  [1202/4291] remaining=3089  Evitex Fashions Ltd.
  [1203/4291] remaining=3088  Ewings Garments & Textiles Ltd.
  [1204/4291] remaining=3087  Excel Apparels Ltd.
  [1205/4291] remaining=3086  Excel Industries Ltd.
  [1206/4291] remaining=3085  Excellent Attire Ltd.
  [1207/4291] remaining=3084  Excellent Sweater Ltd.
  [1208/4291] remaining=3083  Excelsior Garments Ltd.
  [1209/4291] remaining=3082  Excom Fashions Ltd.
  [1210/4291] remaining=3081  Executive Attire Ltd.
  [1211/4291] remaining=3080  Executive Greentex Ltd.
  [1212/4291] remaining=3079  Executive Hi-Fashions Ltd.
  [1213/4291] remaining=3078  Executive Intimates Ltd.
  [1214/4291] remaining=3077  Exensive Fashion Ltd.
  [1215/4291] remaining=3076  Experience Clothing Co. Ltd.
  [1216/4291] remaining=3075  Explore Garments Ltd.
  [1217/4291] remaining=3074  Explore Knit Wear Ltd.
  [1218/4291] remaining=3073  Expo Dress Ltd.
  [1219/4291] remaining=3072  Expo Knitwears Ltd.
  [1220/4291] remaining=3071  Export Connection Ltd.
  [1220/4291]  remaining=3071  48/min  ETA 64 min
  [1221/4291] remaining=3070  Export Knitwear Ltd.
  [1222/4291] remaining=3069  Exsaco Ltd.
  [1223/4291] remaining=3068  F & P Apparels Ltd.
  [1224/4291] remaining=3067  F M Fashion Wear
  [1225/4291] remaining=3066  F.B. Fashion (Pvt) Ltd.
  [1226/4291] remaining=3065  F.F. Apparels Ltd.
  [1227/4291] remaining=3064  F.M. Fashion Wear Ltd.
  [1228/4291] remaining=3063  Fabric Touch And Design Ltd.
  [1229/4291] remaining=3062  Fabrica Knit Composite Ltd.
  [1230/4291] remaining=3061  Fabulous Fashions Ltd.
  [1231/4291] remaining=3060  Fahami Apparels Ltd.
  [1232/4291] remaining=3059  Fahami Dresses Ltd.
  [1233/4291] remaining=3058  Fahami Industries Ltd.
  [1234/4291] remaining=3057  Fahami Knitwear Ltd.
  [1235/4291] remaining=3056  Fahami Shirts Ltd.
  [1236/4291] remaining=3055  Fahami Trousers Ltd.
  [1237/4291] remaining=3054  Fahim Attire And Composite Ltd.
  [1238/4291] remaining=3053  Fahim Textile Mills Ltd.
  [1239/4291] remaining=3052  Fahima Knit Fashion Ltd.
  [1240/4291] remaining=3051  Fair Apparels Ltd.
  [1240/4291]  remaining=3051  48/min  ETA 64 min
  [1241/4291] remaining=3050  Fair Tex Sweater Ltd.
  [1242/4291] remaining=3049  Fair Textile Mills Ltd.
  [1243/4291] remaining=3048  Fair Washing Ltd.
  [1244/4291] remaining=3047  Fairmonde Knitting Ltd.
  [1245/4291] remaining=3046  Faith Jacquard Fashion Ltd.
  [1246/4291] remaining=3045  Faiyaz Apparel Ltd.
  [1247/4291] remaining=3044  Faiza Industries Ltd.
  [1248/4291] remaining=3043  Faiza Sweater Ltd.
  [1249/4291] remaining=3042  Fakhruddin Textile Mills Ltd.
  [1250/4291] remaining=3041  Fakir Apparels Ltd.
  [1251/4291] remaining=3040  Fakir Eco-Knitwears Ltd.
  [1252/4291] remaining=3039  Fakir Elegant Fashion Limited
  [1253/4291] remaining=3038  Fakir Fashion Ltd.
  [1254/4291] remaining=3037  Fakir Knitwears Ltd.
  [1255/4291] remaining=3036  Falcon Int'l Knit Composite
  [1256/4291] remaining=3035  Falcon International
  [1257/4291] remaining=3034  Faltex Composite Ltd.
  [1258/4291] remaining=3033  Fame Composite Ltd.
  [1259/4291] remaining=3032  Fame Design Ltd.
  [1260/4291] remaining=3031  Fame Knitwears Ltd.
  [1260/4291]  remaining=3031  48/min  ETA 63 min
  [1261/4291] remaining=3030  Fame Sweaters Ltd.
  [1262/4291] remaining=3029  Familiar Limited
  [1263/4291] remaining=3028  Family Style Garments Ltd.
  [1264/4291] remaining=3027  Familytex (BD) Ltd.
  [1265/4291] remaining=3026  Famous Design Ltd.
  [1266/4291] remaining=3025  Fancy Fashion Sweaters Ltd.
  [1267/4291] remaining=3024  Far East Knitting & Dyeing Ind. Ltd.
  [1268/4291] remaining=3023  Faraz Fabrics (Pvt.) Ltd.
  [1269/4291] remaining=3022  Fardar Fashions Ltd.
  [1270/4291] remaining=3021  Fareast Dresses Ltd.
  [1271/4291] remaining=3020  Farha Apparels Ltd.
  [1272/4291] remaining=3019  Farida Fashion Sweater Ltd.
  [1273/4291] remaining=3018  Farida Garments (Pvt.) Ltd.
  [1274/4291] remaining=3017  Fariha Knit Tex Ltd.
  [1275/4291] remaining=3016  Farish cotton Ltd.
  [1276/4291] remaining=3015  Farisha Composite Knitwear Ltd.
  [1277/4291] remaining=3014  Farkantex Ltd.
  [1278/4291] remaining=3013  Farmin Apparels Limited
  [1279/4291] remaining=3012  Farmin Fashion Design Ltd.
  [1280/4291] remaining=3011  Farnoor Garments Ltd.
  [1280/4291]  remaining=3011  48/min  ETA 63 min
  [1281/4291] remaining=3010  Farrell Fashions Ltd.
  [1282/4291] remaining=3009  Farriz Design (BD) Knitworks
  [1283/4291] remaining=3008  Farseeing Knit Composite Ltd.
  [1284/4291] remaining=3007  Farshe Dyeing Ltd.
  [1285/4291] remaining=3006  Farzana Fashions World Ltd.
  [1286/4291] remaining=3005  Fashion 2000 Ltd.
  [1287/4291] remaining=3004  Fashion Apparel Industries
  [1288/4291] remaining=3003  Fashion Asia Ltd.
  [1289/4291] remaining=3002  Fashion Composite Products Ltd.
  [1290/4291] remaining=3001  Fashion Craft Design Ltd.
  [1291/4291] remaining=3000  Fashion Craft Knit Wear Ltd.
  [1292/4291] remaining=2999  Fashion Craft Ltd.
  [1293/4291] remaining=2998  Fashion Create Apparels Ltd.
  [1294/4291] remaining=2997  Fashion Enterprise
  [1295/4291] remaining=2996  Fashion Export International Ltd.
  [1296/4291] remaining=2995  Fashion Exposure Ltd.
  [1297/4291] remaining=2994  Fashion Fair Ltd.
  [1298/4291] remaining=2993  Fashion Fiber Limited
  [1299/4291] remaining=2992  Fashion Flash Ltd.
  [1300/4291] remaining=2991  Fashion Floor BD Ltd.
  [1300/4291]  remaining=2991  48/min  ETA 62 min
  [1301/4291] remaining=2990  Fashion Flow Apparels Ltd.
  [1302/4291] remaining=2989  Fashion Flying BD Ltd.
  [1303/4291] remaining=2988  Fashion Forum Ltd.
  [1304/4291] remaining=2987  Fashion Fx Ltd.
  [1305/4291] remaining=2986  Fashion Gears Ltd.
  [1306/4291] remaining=2985  Fashion Globe Denim Wear Ltd.
  [1307/4291] remaining=2984  Fashion House (Southern) Ltd.
  [1308/4291] remaining=2983  Fashion Innovation Ltd.
  [1309/4291] remaining=2982  Fashion Jeans Ltd.
  [1310/4291] remaining=2981  Fashion Knit Garments Ltd.
  [1311/4291] remaining=2980  Fashion Linkers Ltd.
  [1312/4291] remaining=2979  Fashion Loopline Limited
  [1313/4291] remaining=2978  Fashion Makers Ltd.
  [1314/4291] remaining=2977  Fashion Network Ltd.
  [1315/4291] remaining=2976  Fashion of Wales Ltd.
  [1316/4291] remaining=2975  Fashion Overseas
  [1317/4291] remaining=2974  Fashion Park Int'l Ltd.
  [1318/4291] remaining=2973  Fashion Plus Ltd.
  [1319/4291] remaining=2972  Fashion Point Ltd
  [1320/4291] remaining=2971  Fashion Products Ltd.
  [1320/4291]  remaining=2971  48/min  ETA 62 min
  [1321/4291] remaining=2970  Fashion Pulse Ltd.
  [1322/4291] remaining=2969  Fashion Shaily Apparels Limited
  [1323/4291] remaining=2968  Fashion Skirt & Trousers Ltd.
  [1324/4291] remaining=2967  Fashion Spot BD
  [1325/4291] remaining=2966  Fashion Step Ltd.
  [1326/4291] remaining=2965  Fashion Store Ltd.
  [1327/4291] remaining=2964  Fashion Summit Ltd.
  [1328/4291] remaining=2963  Fashion Toys Ltd.
  [1329/4291] remaining=2962  Fashion Trade
  [1330/4291] remaining=2961  Fashion Trousers Ltd.
  [1331/4291] remaining=2960  Fashion Watch Ltd.
  [1332/4291] remaining=2959  Fashion Zone Ltd.
  [1333/4291] remaining=2958  Fashion-1
  [1334/4291] remaining=2957  Fashion.Com Limited
  [1335/4291] remaining=2956  Fashions Designs Ltd.
  [1336/4291] remaining=2955  Fashions Mart Ltd.
  [1337/4291] remaining=2954  Fashions Suits And Trousers Ltd.
  [1338/4291] remaining=2953  Fashions Support Ltd.
  [1339/4291] remaining=2952  Fashrobe Garments Ltd.
  [1340/4291] remaining=2951  Fast Jacquard Industries Ltd.
  [1340/4291]  remaining=2951  48/min  ETA 62 min
  [1341/4291] remaining=2950  Fatullah Apparels
  [1342/4291] remaining=2949  Fatullah Dyeing & Calendering Mills Ltd.
  [1343/4291] remaining=2948  Fatullah Fabrics Ltd.
  [1344/4291] remaining=2947  Favourite Garments Ltd.
  [1345/4291] remaining=2946  Favourite Knit Wears Ltd.
  [1346/4291] remaining=2945  Fawn Wear Ltd.
  [1347/4291] remaining=2944  Fay-Max Sweater Composite Ltd.
  [1348/4291] remaining=2943  FB Excellence Fashion Co. Ltd.
  [1349/4291] remaining=2942  FCI (BD) Limited
  [1350/4291] remaining=2941  Federal Garments Ltd.
  [1351/4291] remaining=2940  Feiyue Fashions Ltd.
  [1352/4291] remaining=2939  Felix Fashions Ltd.
  [1353/4291] remaining=2938  Fergasam (Bangladesh) Ltd.
  [1354/4291] remaining=2937  Feroja Apparels
  [1355/4291] remaining=2936  Feroza Apparels
  [1356/4291] remaining=2935  Feroza Garments Ltd.
  [1357/4291] remaining=2934  FGS Denim Wear Ltd.
  [1358/4291] remaining=2933  Fiat Fashion Ltd.
  [1359/4291] remaining=2932  Fiesta Apparels Limited
  [1360/4291] remaining=2931  Figo Apparels Ltd.
  [1360/4291]  remaining=2931  48/min  ETA 61 min
  [1361/4291] remaining=2930  Figo Fashions Ltd.
  [1362/4291] remaining=2929  Fija Fashions Apparels Ltd.
  [1363/4291] remaining=2928  Fin Fashion Ltd.
  [1364/4291] remaining=2927  Fin-Bangla Apparels Ltd.
  [1365/4291] remaining=2926  Fine Crafts Ltd.
  [1366/4291] remaining=2925  Finesse Apparels Ltd.
  [1367/4291] remaining=2924  Finnkoli Apparels Ltd.
  [1368/4291] remaining=2923  First Wear Ltd.
  [1369/4291] remaining=2922  Firststep Apparels (Pvt.) Ltd.
  [1370/4291] remaining=2921  Fit Well Sweater (Pvt.) Ltd.
  [1371/4291] remaining=2920  Five Star Fashions Ltd.
  [1372/4291] remaining=2919  Fivestar Attires Limited
  [1373/4291] remaining=2918  Flamingo Fashions Ltd.
  [1374/4291] remaining=2917  Flamingo Knit Wear Ltd.
  [1375/4291] remaining=2916  Flash Apparels Ltd.
  [1376/4291] remaining=2915  Flaxen Dress Maker Ltd.
  [1377/4291] remaining=2914  Florence Fabrics Ltd.
  [1378/4291] remaining=2913  Florence Fashions Ltd.
  [1379/4291] remaining=2912  Florence Shirts Ltd.
  [1380/4291] remaining=2911  Florescent Apparels Ltd.
  [1380/4291]  remaining=2911  48/min  ETA 61 min
  [1381/4291] remaining=2910  Floret (Pvt.) Ltd.
  [1382/4291] remaining=2909  Floret Fashion Wears (Pvt) Ltd.
  [1383/4291] remaining=2908  FNF Composite Ltd.
  [1384/4291] remaining=2907  FnF Trend Fashion Ltd.
  [1385/4291] remaining=2906  Fontina Fashions Ltd.
  [1386/4291] remaining=2905  Formosa Healthcare Inds. Ltd.
  [1387/4291] remaining=2904  Fortis Garments Ltd.
  [1388/4291] remaining=2903  Fortune Apparels Ltd.
  [1389/4291] remaining=2902  Fortune Fashion Ltd.
  [1390/4291] remaining=2901  Fountain Garments Manufacturing Ltd.
  [1391/4291] remaining=2900  Four Brothers Fashion
  [1392/4291] remaining=2899  Four Design (Pvt.) Ltd.
  [1393/4291] remaining=2898  Four H Apparels Ltd.
  [1394/4291] remaining=2897  Four H Fashions Ltd.
  [1395/4291] remaining=2896  Four H Intimates Ltd.
  [1396/4291] remaining=2895  Four H Knittex Ltd.
  [1397/4291] remaining=2894  Four H Lingerie Ltd.
  [1398/4291] remaining=2893  Four Knit Wear Ltd.
  [1399/4291] remaining=2892  Four R Apparels
  [1400/4291] remaining=2891  Four Wings Limited
  [1400/4291]  remaining=2891  48/min  ETA 60 min
  [1401/4291] remaining=2890  Foysal Tex Ltd.
  [1402/4291] remaining=2889  Frank Apparel Limited
  [1403/4291] remaining=2888  Frank Garments (Pvt.) Ltd.
  [1404/4291] remaining=2887  Freeland Industries Ltd.
  [1405/4291] remaining=2886  Fresh Fashion Wear Ltd.
  [1406/4291] remaining=2885  Friends and Friends Apparels (Pvt) Ltd.
  [1407/4291] remaining=2884  Friends Fashion
  [1408/4291] remaining=2883  Friends Knit Wear & Accessories Ltd.
  [1409/4291] remaining=2882  Friends Knittings Ltd.
  [1410/4291] remaining=2881  Friends Stylewear Ltd.
  [1411/4291] remaining=2880  Friends World Composite Inds. Ltd.
  [1412/4291] remaining=2879  FRM Fashion House Ltd.
  [1413/4291] remaining=2878  Fuji Knitwears Ltd.
  [1414/4291] remaining=2877  Fuli Industrial Ltd.
  [1415/4291] remaining=2876  Full Way Garments (Pvt.) Ltd.
  [1416/4291] remaining=2875  Fullcharm Fashion Knitters Ltd.
  [1417/4291] remaining=2874  Fullcharm Fashion Knitters Ltd.(U-2)
  [1418/4291] remaining=2873  Fulpur Knit & Garments Ltd.
  [1419/4291] remaining=2872  Fun Factory Ltd.
  [1420/4291] remaining=2871  Futex (BD) Garment Mafg. Co., Ltd.
  [1420/4291]  remaining=2871  48/min  ETA 60 min
  [1421/4291] remaining=2870  Future Apparels & Accessories
  [1422/4291] remaining=2869  Future Apparels BD Ltd.
  [1423/4291] remaining=2868  Future Clothing Ltd.
  [1424/4291] remaining=2867  Future-Knit Composite Ltd.
  [1425/4291] remaining=2866  Fyne Sweaters Ltd.
  [1426/4291] remaining=2865  G Care BD.
  [1427/4291] remaining=2864  G-8 Apparel (Pvt) Ltd.
  [1428/4291] remaining=2863  G.A.B Ltd.
  [1429/4291] remaining=2862  G.R. Apparels Ltd.
  [1430/4291] remaining=2861  Galaxy Stitch Ltd.
  [1431/4291] remaining=2860  Galaxy Sweaters & Yarn Dy. Ltd.
  [1432/4291] remaining=2859  Gallant Fashions Ltd.
  [1433/4291] remaining=2858  Galpex Ltd.
  [1434/4291] remaining=2857  Gardenia Wears Ltd.
  [1435/4291] remaining=2856  Garib & Garib Co. Ltd.
  [1436/4291] remaining=2855  Garib & Garib Co. Ltd. (Unit-2)
  [1437/4291] remaining=2854  Garments Export Village Ltd.
  [1438/4291] remaining=2853  Garments Home (Pvt) Ltd.
  [1439/4291] remaining=2852  Garments Manufacture Jinlite Bangladesh Limited
  [1440/4291] remaining=2851  Garments Manufacturing And Assembling Ltd.
  [1440/4291]  remaining=2851  48/min  ETA 60 min
  [1441/4291] remaining=2850  Garments Park BD.Ltd.
  [1442/4291] remaining=2849  Garmex Limited
  [1443/4291] remaining=2848  Gartex Garments Ltd.
  [1444/4291] remaining=2847  Gateway Fashion Ltd.
  [1445/4291] remaining=2846  Gatsby Trade International
  [1446/4291] remaining=2845  Gaya Product Development Company (BD) Ltd.
  [1447/4291] remaining=2844  Gazy Knitwear
  [1448/4291] remaining=2843  GDM Wear Ltd.
  [1449/4291] remaining=2842  Geebee (Bangladesh) Ltd.
  [1450/4291] remaining=2841  Geebee Garments Inds. Ltd.
  [1451/4291] remaining=2840  Gemini Fashions (Pvt) Ltd.
  [1452/4291] remaining=2839  Gemini Garments Ltd.
  [1453/4291] remaining=2838  Gemtex Limited
  [1454/4291] remaining=2837  General Garments Ltd.
  [1455/4291] remaining=2836  Generation Next Fashions Ltd.
  [1456/4291] remaining=2835  Genesis Denim Ltd.
  [1457/4291] remaining=2834  Genesis Fashion Ltd.
  [1458/4291] remaining=2833  Genius Fashions Ltd.
  [1459/4291] remaining=2832  GH Haewae Co. Ltd.
  [1460/4291] remaining=2831  Giant Apparels Ltd.
  [1460/4291]  remaining=2831  48/min  ETA 59 min
  [1461/4291] remaining=2830  Giant Garment Inds.(Pvt) Ltd.
  [1462/4291] remaining=2829  Giant Knit Fashions Ltd.
  [1463/4291] remaining=2828  Giant Star Fashion Ltd.
  [1464/4291] remaining=2827  Giant Textiles Ltd.
  [1465/4291] remaining=2826  Gimex Clothing Ltd.
  [1466/4291] remaining=2825  Gitano Apparels Ltd.
  [1467/4291] remaining=2824  Givensee Garments Ltd.
  [1468/4291] remaining=2823  GJ Caps & Headwear Ltd.
  [1469/4291] remaining=2822  GK Garments Ltd. (U-2)
  [1470/4291] remaining=2821  Glamour Apparel (BD) Ltd.
  [1471/4291] remaining=2820  Glamour Dresses Ltd.
  [1472/4291] remaining=2819  Glare Fashion Ltd.
  [1473/4291] remaining=2818  Glaze Knitwear Ltd.
  [1474/4291] remaining=2817  Glimmer Fashions Ltd.
  [1475/4291] remaining=2816  Global Attire Ltd.
  [1476/4291] remaining=2815  Global Apparel Park Ltd.
  [1477/4291] remaining=2814  Global Apparels Ltd.
  [1478/4291] remaining=2813  Global Fashion Garments Ltd.
  [1479/4291] remaining=2812  Global Fit (Bangladesh) Limited
  [1480/4291] remaining=2811  Global Garments Ltd.
  [1480/4291]  remaining=2811  48/min  ETA 59 min
  [1481/4291] remaining=2810  Global Knittwear Ltd.
  [1482/4291] remaining=2809  Global Merchants Ltd.
  [1483/4291] remaining=2808  Global Nassa Wear Ltd.
  [1484/4291] remaining=2807  Global Outerwear Ltd.
  [1485/4291] remaining=2806  Global Profit Garment (Bangladesh) Co., Ltd.
  [1486/4291] remaining=2805  Global Shirts Ltd.
  [1487/4291] remaining=2804  Global Specialised Garments Ltd.(U-2)
  [1488/4291] remaining=2803  Global Woven Wear Ltd.
  [1489/4291] remaining=2802  Globe Workwear Manufacturing Company Ltd.
  [1490/4291] remaining=2801  Globus Garment Ltd.
  [1491/4291] remaining=2800  Glorious Apparels Ltd.
  [1492/4291] remaining=2799  Glorious Dress Ltd.
  [1493/4291] remaining=2798  Glorious Sun Fashion Garments Ltd.
  [1494/4291] remaining=2797  Glory Fashion Wear Ltd.
  [1495/4291] remaining=2796  Glory Fashions Ltd.
  [1496/4291] remaining=2795  Glory Industries Ltd.
  [1497/4291] remaining=2794  Glory Textile & Apparels Ltd.
  [1498/4291] remaining=2793  GM Apparels Ltd.
  [1499/4291] remaining=2792  GMS Composite Knitting Ind. Ltd.
  [1500/4291] remaining=2791  GMS Textiles Ltd.
  [1500/4291]  remaining=2791  48/min  ETA 58 min
  [1501/4291] remaining=2790  GN - Tex International Ltd.
  [1502/4291] remaining=2789  GN Fashion Industries Ltd.
  [1503/4291] remaining=2788  Goal Line Knit Wear Ltd.
  [1504/4291] remaining=2787  Gold Land International Ltd.
  [1505/4291] remaining=2786  Gold Mart Apparels (Pvt) Ltd.
  [1506/4291] remaining=2785  Gold Star Apparels (Pvt) Ltd.
  [1507/4291] remaining=2784  Gold Star Design Ltd.
  [1508/4291] remaining=2783  Gold Star Fashions Ltd.
  [1509/4291] remaining=2782  Golden Attires Fashion Ltd.
  [1510/4291] remaining=2781  Golden Ducks Apparels Ltd.
  [1511/4291] remaining=2780  Golden Heights Ltd.
  [1512/4291] remaining=2779  Golden Horizon Ltd.
  [1513/4291] remaining=2778  Golden Knit Composite Ltd.
  [1514/4291] remaining=2777  Golden Rain Attires Ltd.
  [1515/4291] remaining=2776  Golden Refit Garments Ltd.
  [1516/4291] remaining=2775  Golden Stitch Design Ltd.
  [1517/4291] remaining=2774  Golden Thread Ltd.
  [1518/4291] remaining=2773  Golden Times Sweater & Dyeing Ltd.
  [1519/4291] remaining=2772  Goldstar Garments Ltd.
  [1520/4291] remaining=2771  Goldtex Garments Ltd.
  [1520/4291]  remaining=2771  48/min  ETA 58 min
  [1521/4291] remaining=2770  Good Day Apparels Ltd.
  [1522/4291] remaining=2769  Good Guys Ltd.
  [1523/4291] remaining=2768  Good Rich Sweaters Ltd.
  [1524/4291] remaining=2767  GoodEarth Apparels Ltd.
  [1525/4291] remaining=2766  Gooryong Fashions Ltd.
  [1526/4291] remaining=2765  Goumati Knitwears Ltd.
  [1527/4291] remaining=2764  Gous Apparel Ind. Ltd.
  [1528/4291] remaining=2763  Gous Fashion Ind. Ltd.
  [1529/4291] remaining=2762  Gous Garments Ind. Ltd.
  [1530/4291] remaining=2761  Grace Multi Fashion
  [1531/4291] remaining=2760  Grameen Fabrics & Fashion Ltd. (Com. Unit)
  [1532/4291] remaining=2759  Grameen Knitwear Ltd.
  [1533/4291] remaining=2758  Gramtech Knit Dye. Finishing & Gmts. Ind. Ltd.
  [1534/4291] remaining=2757  Grand Sweaters Ltd.
  [1535/4291] remaining=2756  Graphics Textiles Ltd.
  [1536/4291] remaining=2755  Grasp International Ltd.
  [1537/4291] remaining=2754  Green Arrow Sweater Inds. Ltd.
  [1538/4291] remaining=2753  Green Fair Textile Ltd.
  [1539/4291] remaining=2752  Green Fibre Composite Ltd.
  [1540/4291] remaining=2751  Green Innovative Apparels Limited
  [1540/4291]  remaining=2751  48/min  ETA 58 min
  [1541/4291] remaining=2750  Green Intimates Limited
  [1542/4291] remaining=2749  Green Knit Apparels Ltd.
  [1543/4291] remaining=2748  Green Knit Wear
  [1544/4291] remaining=2747  Green Textile Ltd.
  [1545/4291] remaining=2746  Green Textile Ltd. (Unit-3)
  [1546/4291] remaining=2745  Green World Fashions Ltd.
  [1547/4291] remaining=2744  Greenearth Apparels Ltd.
  [1548/4291] remaining=2743  Greenland Apparels Ltd.
  [1549/4291] remaining=2742  Greenland Garments Ltd.
  [1550/4291] remaining=2741  Greenvale Sweaters Limited
  [1551/4291] remaining=2740  GS Sweaters Ltd.
  [1552/4291] remaining=2739  GSL Export Ltd.
  [1553/4291] remaining=2738  GSM Apparels Ltd.
  [1554/4291] remaining=2737  GTex Knitwear Limited
  [1555/4291] remaining=2736  Gulf Knitting & Textile Ltd.
  [1556/4291] remaining=2735  Gumti Textiles Ltd.
  [1557/4291] remaining=2734  H. B. Knitex Ltd.
  [1558/4291] remaining=2733  H.A. Garments Inds. Ltd.
  [1559/4291] remaining=2732  H.A.H. Dresses Ltd.
  [1560/4291] remaining=2731  H.B. Fashion Ltd.
  [1560/4291]  remaining=2731  48/min  ETA 57 min
  [1561/4291] remaining=2730  H.B. Intimates Ltd.
  [1562/4291] remaining=2729  H.I. Apparels Ltd.
  [1563/4291] remaining=2728  H.M.A. Garments Ltd.
  [1564/4291] remaining=2727  H.R Knit Fashion Ltd.
  [1565/4291] remaining=2726  H.R. Fashion
  [1566/4291] remaining=2725  H.R. Style Ltd.
  [1567/4291] remaining=2724  H.R. Textile Mills Ltd.
  [1568/4291] remaining=2723  Ha - Meem Jeans Limited
  [1569/4291] remaining=2722  Ha-Meem Apparels
  [1570/4291] remaining=2721  Ha-Meem Design Ltd.
  [1571/4291] remaining=2720  Habigonj Textiles Ltd.
  [1572/4291] remaining=2719  Habitus Fashion Ltd.
  [1573/4291] remaining=2718  Haesong Corporation Ltd.
  [1574/4291] remaining=2717  Haesong Korea Ltd.
  [1575/4291] remaining=2716  Hagh Knitwears
  [1576/4291] remaining=2715  Haidory Composite Knit Kit Wear Ltd.
  [1577/4291] remaining=2714  Haitex Export Ltd.
  [1578/4291] remaining=2713  Haji Fashions Ltd.
  [1579/4291] remaining=2712  Hallmark Apparels Ltd.
  [1580/4291] remaining=2711  Hamid Apparels Ltd.
  [1580/4291]  remaining=2711  48/min  ETA 57 min
  [1581/4291] remaining=2710  Hamid Fashion Limited
  [1582/4291] remaining=2709  Hamid Sweater Ltd.
  [1583/4291] remaining=2708  Hamid Tex Fashion Ltd.
  [1584/4291] remaining=2707  Hams Garments Ltd.
  [1585/4291] remaining=2706  Hamza Apparels Ltd.
  [1586/4291] remaining=2705  Hamza Clothing Ltd.
  [1587/4291] remaining=2704  Han A Hat & Caps Ltd.
  [1588/4291] remaining=2703  Han Apparels Ltd.
  [1589/4291] remaining=2702  Hanaro Fashions Ltd.
  [1590/4291] remaining=2701  Handica (BD) Ltd.
  [1591/4291] remaining=2700  Hanjala Textiles Park Ltd.
  [1592/4291] remaining=2699  Hannan Fashions Ltd.
  [1593/4291] remaining=2698  Hannan Knit & Textiles Ltd.
  [1594/4291] remaining=2697  Hannan Knitwears Ltd.
  [1595/4291] remaining=2696  Hanwen (BD) Ltd.
  [1596/4291] remaining=2695  Haque Apparels & Textile Ltd.
  [1597/4291] remaining=2694  Haque Wears Intl. (Pvt) Ltd.
  [1598/4291] remaining=2693  Haramayn Fashions Ltd.
  [1599/4291] remaining=2692  Hardy Associates Ltd.
  [1600/4291] remaining=2691  Harkom Setabganj Ltd.
  [1600/4291]  remaining=2691  48/min  ETA 56 min
  [1601/4291] remaining=2690  Harp Fashion Wears Ltd.
  [1602/4291] remaining=2689  Harrods Garments Ltd.
  [1603/4291] remaining=2688  Harrods Knit Wear Ltd
  [1604/4291] remaining=2687  Harry Fashion Ltd.
  [1605/4291] remaining=2686  Harun Twisting Ind. (Pvt) Ltd.
  [1606/4291] remaining=2685  Hasan Tanvir Fashion Wears Ltd.
  [1607/4291] remaining=2684  Haseen Apparels Ltd.
  [1608/4291] remaining=2683  Haseen Sweater Ltd.
  [1609/4291] remaining=2682  Hasib Apparels (Pvt) Ltd.
  [1610/4291] remaining=2681  Hasnat Sweaters Ltd.
  [1611/4291] remaining=2680  Hasnat Textile Ltd.
  [1612/4291] remaining=2679  Hayat Fashion Ltd.
  [1613/4291] remaining=2678  HBS Apparels Ltd.
  [1614/4291] remaining=2677  Hearty Apparels Ltd.
  [1615/4291] remaining=2676  Heaven Fashion Ltd.
  [1616/4291] remaining=2675  Heaven Knit Garments Ltd.
  [1617/4291] remaining=2674  Heca Production Ltd.
  [1618/4291] remaining=2673  Hejaz Sweaters Ltd.
  [1619/4291] remaining=2672  Hela Clothing Bangladesh Ltd.
  [1620/4291] remaining=2671  Helicon Ltd.
  [1620/4291]  remaining=2671  48/min  ETA 56 min
  [1621/4291] remaining=2670  Hema Sweaters Fashion
  [1622/4291] remaining=2669  Hemal Sweater (Pvt) Ltd.
  [1623/4291] remaining=2668  Heng Tong (BD) Ltd.
  [1624/4291] remaining=2667  Hepta Fashion Ltd.
  [1625/4291] remaining=2666  Hera Sweaters Ltd.
  [1626/4291] remaining=2665  Heritage Apparels Ltd.
  [1627/4291] remaining=2664  Heritage Fashion
  [1628/4291] remaining=2663  Hexa Garments (Pvt) Ltd.
  [1629/4291] remaining=2662  Hi-Fashion Composite Textiles Ltd.
  [1630/4291] remaining=2661  Hi-Fashion Ltd.
  [1631/4291] remaining=2660  Hi-Tech Fashions Ltd.
  [1632/4291] remaining=2659  Hi-Tech Performance Apparels Ltd.
  [1633/4291] remaining=2658  Hillstone Fashion
  [1634/4291] remaining=2657  Hilton Apparels Ltd.
  [1635/4291] remaining=2656  Himalay Sourcing Ltd.
  [1636/4291] remaining=2655  HK Global Knitwear
  [1637/4291] remaining=2654  HK-TG Garments Ltd.
  [1638/4291] remaining=2653  HKC Apparels Ltd.
  [1639/4291] remaining=2652  HKD Outdoor Innovations Ltd.
  [1640/4291] remaining=2651  HMN Fashion Ltd.
  [1640/4291]  remaining=2651  48/min  ETA 55 min
  [1641/4291] remaining=2650  HN Garments Ltd.
  [1642/4291] remaining=2649  HNMJ Fashions Ltd.
  [1643/4291] remaining=2648  Hollywood Fashions (Pvt) Ltd.
  [1644/4291] remaining=2647  Hollywood Garments (Pvt.) Ltd.
  [1645/4291] remaining=2646  Home Fashoin Ltd.
  [1646/4291] remaining=2645  Home Textiles Ltd.
  [1647/4291] remaining=2644  Honeywell Garments Ltd.
  [1648/4291] remaining=2643  Hong Kong Denim (Pvt.) Ltd.
  [1649/4291] remaining=2642  Hong Kong Fashions Ltd.
  [1650/4291] remaining=2641  Hong Kong Garments Ltd.
  [1651/4291] remaining=2640  Hop Lun Apparel Ltd.
  [1652/4291] remaining=2639  Hop Yick (BD) Ltd.
  [1653/4291] remaining=2638  Hoque's Garments
  [1654/4291] remaining=2637  Horizon Fashion Wear Ltd.
  [1655/4291] remaining=2636  Horizon Lingerie Ltd.
  [1656/4291] remaining=2635  Hornbill Apparel Ltd.
  [1657/4291] remaining=2634  Hossain Clothing Ltd.
  [1658/4291] remaining=2633  Hossain Fashion Ltd.
  [1659/4291] remaining=2632  Hossains Ltd.
  [1660/4291] remaining=2631  Hossains Ltd. (Unit-2)
  [1660/4291]  remaining=2631  48/min  ETA 55 min
  [1661/4291] remaining=2630  Hossains Ltd. (Unit-3)
  [1662/4291] remaining=2629  Hot Dress Ltd.
  [1663/4291] remaining=2628  Hotapara Garments Ltd.
  [1664/4291] remaining=2627  House of Caps & Clothing Ltd.
  [1665/4291] remaining=2626  HR-ONE FASHIONS LTD.
  [1666/4291] remaining=2625  HRB Apparels Ltd.
  [1667/4291] remaining=2624  Huda Wintry Fashions Ltd.
  [1668/4291] remaining=2623  Humana Apparels Pvt. Ltd.
  [1669/4291] remaining=2622  Hung Tak Northern Gmts. Ltd.
  [1670/4291] remaining=2621  Huq Garments Ltd.
  [1671/4291] remaining=2620  Husham Dresses Ltd.
  [1672/4291] remaining=2619  Hyacinth Fabrics Mills Ltd.
  [1673/4291] remaining=2618  Hydroxide Knitwear Ltd.
  [1674/4291] remaining=2617  Hypoid Composite Knit Ltd.
  [1675/4291] remaining=2616  Hypoid Girls Fashion Ltd.
  [1676/4291] remaining=2615  Hypoid Lingeries Ltd.
  [1677/4291] remaining=2614  Hyun Apparels Ltd.
  [1678/4291] remaining=2613  I Ahmed Textile Mills Ltd.
  [1679/4291] remaining=2612  I-Moni Sweater Factory Ltd.
  [1680/4291] remaining=2611  I.E. Enterprise and Exports
  [1680/4291]  remaining=2611  48/min  ETA 55 min
  [1681/4291] remaining=2610  Ibrahim Knit Garments (Pvt.) Ltd.
  [1682/4291] remaining=2609  Icon Fashion Ltd.
  [1683/4291] remaining=2608  Idas Fashion Ltd.
  [1684/4291] remaining=2607  IFCO Garments & Textiles Ltd.
  [1685/4291] remaining=2606  IFL Factory Ltd.
  [1686/4291] remaining=2605  IFS Texwear (Pvt) Ltd.
  [1687/4291] remaining=2604  Iftee Fashion Ltd.
  [1688/4291] remaining=2603  IL Bangla Limited
  [1689/4291] remaining=2602  Ilmeeyat Apparels Ltd.
  [1690/4291] remaining=2601  Imaan Knitwear Ltd.
  [1691/4291] remaining=2600  Image Garments Ltd.
  [1692/4291] remaining=2599  Imagine Fashion Ltd.
  [1693/4291] remaining=2598  Imperial Sweaters (BD) Ltd.
  [1694/4291] remaining=2597  Impress Clothing Ltd.
  [1695/4291] remaining=2596  Impress Fashion Ltd.
  [1696/4291] remaining=2595  Impress-Newtex Composite Textiles Ltd.
  [1697/4291] remaining=2594  Impressive Garments (Pvt.) Ltd.
  [1698/4291] remaining=2593  Impulse Sweaters Limited
  [1699/4291] remaining=2592  Incredible Fashions Ltd.
  [1700/4291] remaining=2591  Independent Apparels Ltd.
  [1700/4291]  remaining=2591  48/min  ETA 54 min
  [1701/4291] remaining=2590  Independent Sweaters Ltd.
  [1702/4291] remaining=2589  Indesore Sweater Ltd.
  [1703/4291] remaining=2588  Index Garments Ltd.
  [1704/4291] remaining=2587  Indigo Anjum Ltd
  [1705/4291] remaining=2586  Indigo Fashions Ltd.
  [1706/4291] remaining=2585  Infinite Tex Limited
  [1707/4291] remaining=2584  Infinity Outfit Ltd.
  [1708/4291] remaining=2583  Ingenitex (BD) Limited
  [1709/4291] remaining=2582  Innert Fabric & Quilt Ltd.
  [1710/4291] remaining=2581  Innova Garments Ltd.
  [1711/4291] remaining=2580  Innovative Knitex Ltd.
  [1712/4291] remaining=2579  Innstyle Fashion Ltd.
  [1713/4291] remaining=2578  Inside Knit Composite Ltd.
  [1714/4291] remaining=2577  Int'l Knitwear & Apparels Ltd.
  [1715/4291] remaining=2576  Int'l Knitwear & Apparels Ltd. (U-2)
  [1716/4291] remaining=2575  Integra Apparels (Bangladesh) Ltd.
  [1717/4291] remaining=2574  Integra Design Ltd.
  [1718/4291] remaining=2573  Integra Dresses Limited
  [1719/4291] remaining=2572  Integral Apparels Ltd.
  [1720/4291] remaining=2571  Intercare Limited
  [1720/4291]  remaining=2571  48/min  ETA 54 min
  [1721/4291] remaining=2570  Interfab Shirt Manufacturing Ltd.
  [1722/4291] remaining=2569  Interlink Apparels Ltd.
  [1723/4291] remaining=2568  Interlink Dresses
  [1724/4291] remaining=2567  Interloop BD Ltd
  [1725/4291] remaining=2566  International Classic Composite Ltd.
  [1726/4291] remaining=2565  International Garments Ltd.
  [1727/4291] remaining=2564  International Shirt Line Ltd.
  [1728/4291] remaining=2563  International Trading Services Ltd.
  [1729/4291] remaining=2562  Interstoff Apparels Ltd.
  [1730/4291] remaining=2561  Interstoff Clothing Ltd.
  [1731/4291] remaining=2560  Interwing Knit Wears Ltd.
  [1732/4291] remaining=2559  Intimate Attire Ltd.
  [1733/4291] remaining=2558  Intimate Clothing Ltd.
  [1734/4291] remaining=2557  Intimate Suppliers Ltd.
  [1735/4291] remaining=2556  Intraco Design Ltd.
  [1736/4291] remaining=2555  Intraco Fashion Ltd.
  [1737/4291] remaining=2554  Intrade Apparels Ltd.
  [1738/4291] remaining=2553  Intramex Apparels Ltd.
  [1739/4291] remaining=2552  Intramex Clothing
  [1740/4291] remaining=2551  Intramex Fashions Ltd.
  [1740/4291]  remaining=2551  48/min  ETA 53 min
  [1741/4291] remaining=2550  Intramex Knit Wear Ltd. (Unit-2)
  [1742/4291] remaining=2549  Intramex Knitwear Ltd.
  [1743/4291] remaining=2548  Intramex Sweater Ltd.
  [1744/4291] remaining=2547  Intramex Sweater Ltd. (U-2)
  [1745/4291] remaining=2546  Iqbal Enterprises Ltd.
  [1746/4291] remaining=2545  Iqbal Texware Limited
  [1747/4291] remaining=2544  Irene Knitwear Ltd.
  [1748/4291] remaining=2543  Iris Design Ltd.
  [1749/4291] remaining=2542  Iris Fabrics Ltd.
  [1750/4291] remaining=2541  Iris Fashions Ltd.
  [1751/4291] remaining=2540  Ishaqpur Sweater Inds. Ltd.
  [1752/4291] remaining=2539  Ishayat Apparels Ltd.
  [1753/4291] remaining=2538  Ishayat Fashions Ltd.
  [1754/4291] remaining=2537  Ishita Garments
  [1755/4291] remaining=2536  Ishraq Garments Ltd.
  [1756/4291] remaining=2535  Islam Dresses Ltd.
  [1757/4291] remaining=2534  Islam Garments Ltd.
  [1758/4291] remaining=2533  Islam Garments Ltd. (Hosiery Div.)
  [1759/4291] remaining=2532  Islam Garments Ltd. (U-2)
  [1760/4291] remaining=2531  Islam Garments Ltd.(Knitwear Division)
  [1760/4291]  remaining=2531  48/min  ETA 53 min
  [1761/4291] remaining=2530  Islam Garments Ltd.(Textile Division)
  [1762/4291] remaining=2529  Islam Garments Ltd.(Weaving Unit)
  [1763/4291] remaining=2528  Islam Knit Designs Ltd.
  [1764/4291] remaining=2527  Islam Products Ltd.
  [1765/4291] remaining=2526  Ital Adweg (Pvt.) Ltd.
  [1766/4291] remaining=2525  Ixora Apparels Ltd.
  [1767/4291] remaining=2524  J Fashion
  [1768/4291] remaining=2523  J Mars Fashion Limited
  [1769/4291] remaining=2522  J-MAARF Apparel Ltd.
  [1770/4291] remaining=2521  J-Park Apparels Limited
  [1771/4291] remaining=2520  J.B.S. Garments (Pvt.) Ltd.
  [1772/4291] remaining=2519  J.F. Sweaters Ltd.
  [1773/4291] remaining=2518  J.F.K Fashion Ltd.
  [1774/4291] remaining=2517  J.K. Fabrics Ltd. Unit-2
  [1775/4291] remaining=2516  J.K. Fashions Ltd.
  [1776/4291] remaining=2515  J.K. Knit Composite Ltd.
  [1777/4291] remaining=2514  J.K. Shirts & Fabric Ltd.
  [1778/4291] remaining=2513  J.L. Fashions Ltd.
  [1779/4291] remaining=2512  J.L. Sweaters Ltd.
  [1780/4291] remaining=2511  J.M. Apparels Ltd.
  [1780/4291]  remaining=2511  48/min  ETA 53 min
  [1781/4291] remaining=2510  J.M. Fabrics Ltd.
  [1782/4291] remaining=2509  J.M. Knit & Stitch Wear Ltd.
  [1783/4291] remaining=2508  J.R. Enterprise Ltd.
  [1784/4291] remaining=2507  J.R. Fashion Ltd.
  [1785/4291] remaining=2506  J.S. Design Ltd.
  [1786/4291] remaining=2505  Jaantex Apparel Ltd.
  [1787/4291] remaining=2504  Jaar Apparels Ltd.
  [1788/4291] remaining=2503  Jaas Garments Limited
  [1789/4291] remaining=2502  Jaase Bangladesh Private Ltd.
  [1790/4291] remaining=2501  Jaba Garments Ltd.
  [1791/4291] remaining=2500  Jabe Apparels Ltd.
  [1792/4291] remaining=2499  Jade Fashion (BD) Ltd.
  [1793/4291] remaining=2498  Jahan Apparels Ltd.
  [1794/4291] remaining=2497  Jahura Kamal Apparels Ltd.
  [1795/4291] remaining=2496  Jahura Kamal Fashion & Sweater Ind. Ltd.
  [1796/4291] remaining=2495  Jaima Knitwear Ltd.
  [1797/4291] remaining=2494  Jaks Sweater Ltd.
  [1798/4291] remaining=2493  Jalal Ahmed Knit Composite Ltd.
  [1799/4291] remaining=2492  Jalal Hats & Apparels Ltd.
  [1800/4291] remaining=2491  Jalalshah Fabrics Ltd.
  [1800/4291]  remaining=2491  48/min  ETA 52 min
  [1801/4291] remaining=2490  Jam Jam (Pvt.) Ltd.
  [1802/4291] remaining=2489  Jams Apparels (Pvt.) Ltd.
  [1803/4291] remaining=2488  Jams Design Ltd.
  [1804/4291] remaining=2487  Jams Fashion Ltd.
  [1805/4291] remaining=2486  Jams Knitwear (Pvt) Ltd.
  [1806/4291] remaining=2485  Jams Sweaters (Pvt.) Ltd.
  [1807/4291] remaining=2484  Jamuna Apparels Ltd.
  [1808/4291] remaining=2483  Jamuna Denims Ltd.
  [1809/4291] remaining=2482  Jamuna Fashion Wears Ltd.
  [1810/4291] remaining=2481  Jamuna Knitting & Dyeing Ltd.
  [1811/4291] remaining=2480  Janani Traders
  [1812/4291] remaining=2479  Janata Knit Fashion
  [1813/4291] remaining=2478  Jans Fabrics Ltd.
  [1814/4291] remaining=2477  Jantex
  [1815/4291] remaining=2476  Jaroms Industries Ltd.
  [1816/4291] remaining=2475  Jarq Garments Inds. Ltd.
  [1817/4291] remaining=2474  Jarr Fashion Ltd.
  [1818/4291] remaining=2473  JAS Knitwear Ltd.
  [1819/4291] remaining=2472  JAS Outwear Ltd.
  [1820/4291] remaining=2471  Jay Jay Mills (Bangladesh) Private Ltd.
  [1820/4291]  remaining=2471  48/min  ETA 52 min
  [1821/4291] remaining=2470  Jaya Knitting Ltd.
  [1822/4291] remaining=2469  Jayanti Knitwear Ltd.
  [1823/4291] remaining=2468  Jaycee's Apparels Ltd.
  [1824/4291] remaining=2467  Jayed Garments Ltd..
  [1825/4291] remaining=2466  Jayqo Textile & Accessories Com. BD Ltd.
  [1826/4291] remaining=2465  Jazz Sweaters Ltd.
  [1827/4291] remaining=2464  JB Apparels Ltd.
  [1828/4291] remaining=2463  Jeacon Garments Ltd.
  [1829/4291] remaining=2462  Jeans & Polo Ltd.
  [1830/4291] remaining=2461  Jeans 2000 Limited
  [1831/4291] remaining=2460  Jeans And Jackets Ltd.
  [1832/4291] remaining=2459  Jeans Arrow Gmts. Ltd.
  [1833/4291] remaining=2458  Jeans Care Ltd.
  [1834/4291] remaining=2457  Jeans Express Ltd.
  [1835/4291] remaining=2456  Jeans Manufacturing Co. Ltd.
  [1836/4291] remaining=2455  Jeans Plus Ltd.
  [1837/4291] remaining=2454  Jeans Stitch House Ltd.
  [1838/4291] remaining=2453  Jeansmith Limited
  [1839/4291] remaining=2452  Jeju Fashion Ltd.
  [1840/4291] remaining=2451  Jerat Fashion Ltd.
  [1840/4291]  remaining=2451  48/min  ETA 51 min
  [1841/4291] remaining=2450  Jerat Shirt Ltd.
  [1842/4291] remaining=2449  Jericho Imex Ltd.
  [1843/4291] remaining=2448  Jerkin Wears Ltd.
  [1844/4291] remaining=2447  Jersey Knit Fashion Ltd.
  [1845/4291] remaining=2446  Jessica Apparels Limited
  [1846/4291] remaining=2445  Jewel Design Limited
  [1847/4291] remaining=2444  JF & Co. Ltd.
  [1848/4291] remaining=2443  JH Industrial Park Limited
  [1849/4291] remaining=2442  JHM Cotton Ltd.
  [1850/4291] remaining=2441  JHR Apparel Ltd.
  [1851/4291] remaining=2440  Jhumon Textiles Ltd.
  [1852/4291] remaining=2439  JIC Suit Ltd.
  [1853/4291] remaining=2438  Jilani Fashion Wears Ltd.
  [1854/4291] remaining=2437  Jilani Rahbar Garments Ltd.
  [1855/4291] remaining=2436  Jim & Jessi Composite Ltd.
  [1856/4291] remaining=2435  Jin Hong Garments Ltd.
  [1857/4291] remaining=2434  Jinat Fashion
  [1858/4291] remaining=2433  Jinnat Apparels Ltd.
  [1859/4291] remaining=2432  Jinnat Fashions Ltd.
  [1860/4291] remaining=2431  Jinnat Knitwears Ltd.
  [1860/4291]  remaining=2431  48/min  ETA 51 min
  [1861/4291] remaining=2430  JJH Textiles Bangladesh Ltd.
  [1862/4291] remaining=2429  JK Jacquard Ltd.
  [1863/4291] remaining=2428  JMS Composite Knitwear Ltd.
  [1864/4291] remaining=2427  JMS Design Ltd.
  [1865/4291] remaining=2426  JMS Garments Ltd.
  [1866/4291] remaining=2425  JNG Fashion Fabrics Ltd.
  [1867/4291] remaining=2424  JNH Hatwears (Bangladesh) Ltd.
  [1868/4291] remaining=2423  Jns Knitwear Ltd.
  [1869/4291] remaining=2422  Joc (BD) Garments Co. Ltd.
  [1870/4291] remaining=2421  Joint Garments Ltd.
  [1871/4291] remaining=2420  Jointex Apparels Ltd.
  [1872/4291] remaining=2419  Jointex Fashion Wears Ltd.
  [1873/4291] remaining=2418  Jointex Knitwears Ltd.
  [1874/4291] remaining=2417  Jokky Garments Ltd.
  [1875/4291] remaining=2416  Jonayid Sweater Link.
  [1876/4291] remaining=2415  Jovian Sweater Ltd.
  [1877/4291] remaining=2414  Joy Auto Garments Ltd.
  [1878/4291] remaining=2413  Joy Fashion Bangladesh Ltd.
  [1879/4291] remaining=2412  Joya Fashion
  [1880/4291] remaining=2411  Joynal Knit Composite Ltd.
  [1880/4291]  remaining=2411  48/min  ETA 51 min
  [1881/4291] remaining=2410  JP Garments Ltd.
  [1882/4291] remaining=2409  JP Sweaters Ltd.
  [1883/4291] remaining=2408  JS Cotton International
  [1884/4291] remaining=2407  JS Sweaters Ltd.
  [1885/4291] remaining=2406  JSL Stitches Ltd.
  [1886/4291] remaining=2405  JSM Apparels Limited
  [1887/4291] remaining=2404  JSR Four Star Fashions Ltd.
  [1888/4291] remaining=2403  Julfikar Fashions Ltd.
  [1889/4291] remaining=2402  Julia Sweaters Composite Ltd.
  [1890/4291] remaining=2401  Jumer Fashion Ltd.
  [1891/4291] remaining=2400  Jupiter Readymade Garments Ltd.
  [1892/4291] remaining=2399  K & D Apparels Inds. Ltd.
  [1893/4291] remaining=2398  K-2 Kasuals Ltd.
  [1894/4291] remaining=2397  K-Tex Industrial Co. Ltd.
  [1895/4291] remaining=2396  K. Morium Garments Ltd.
  [1896/4291] remaining=2395  K.A. Design Sports Wear Ltd.
  [1897/4291] remaining=2394  K.A. Design Wear Ltd.
  [1898/4291] remaining=2393  K.A.W. Garments Industry Ltd.
  [1899/4291] remaining=2392  K.B. Apparels Ltd.
  [1900/4291] remaining=2391  K.B. Knit Fashion Ltd.
  [1900/4291]  remaining=2391  48/min  ETA 50 min
  [1901/4291] remaining=2390  K.C Bottom & Shirt Wear Company
  [1902/4291] remaining=2389  K.C Jacket Wear Company
  [1903/4291] remaining=2388  K.G. Garments Ltd.
  [1904/4291] remaining=2387  K.M. Fashions Ltd.
  [1905/4291] remaining=2386  K.M. Nobely Garments Ltd.
  [1906/4291] remaining=2385  K.R.K. Garments Ltd.
  [1907/4291] remaining=2384  K.R.K. Garments Ltd.
  [1908/4291] remaining=2383  K.S. Apparels Ltd.
  [1909/4291] remaining=2382  KA Design Ltd.
  [1910/4291] remaining=2381  KA Fashion Ltd.
  [1911/4291] remaining=2380  KAC Composite Knit Inds. Ltd.
  [1912/4291] remaining=2379  KAC Fashion Wear Ltd.
  [1913/4291] remaining=2378  Kaif Maliha Apparels Ltd.
  [1914/4291] remaining=2377  Kaifeng Textiles Ltd.
  [1915/4291] remaining=2376  Kaisar Sanko JB Textile Ltd.
  [1916/4291] remaining=2375  Kaisar Textile Inds. Ltd.
  [1917/4291] remaining=2374  Kaixi Fashion Bangladesh Co. Ltd.
  [1918/4291] remaining=2373  Kaixi Lingerie Bangladesh Co.Ltd.
  [1919/4291] remaining=2372  Kaizen Fashions Ltd.
  [1920/4291] remaining=2371  Kaizen Industries Ltd.
  [1920/4291]  remaining=2371  48/min  ETA 50 min
  [1921/4291] remaining=2370  Kaizer Knitwears Ltd.
  [1922/4291] remaining=2369  Kalam Sweater Ltd.
  [1923/4291] remaining=2368  Kamtex Ltd.
  [1924/4291] remaining=2367  Kanak Hosiery
  [1925/4291] remaining=2366  Kanak Impex
  [1926/4291] remaining=2365  Kanchpur Apparels Ltd.
  [1927/4291] remaining=2364  Kang Book Co.(BD) Ltd.
  [1928/4291] remaining=2363  Kaniz Fashions Ltd.
  [1929/4291] remaining=2362  Kaniz Garments Ltd.
  [1930/4291] remaining=2361  Kanta Corporation (Pvt) Ltd.
  [1931/4291] remaining=2360  Kappa Fashion Wear Ltd.
  [1932/4291] remaining=2359  Kaps Fashion Ltd.
  [1933/4291] remaining=2358  Kaptex Sweater Ltd.
  [1934/4291] remaining=2357  Karim Textiles Ltd.
  [1935/4291] remaining=2356  Karims Fashion Wear Ltd.
  [1936/4291] remaining=2355  Karnaphuli Fabrics Ltd.
  [1937/4291] remaining=2354  Karnaphuli Knit Wear Ltd.
  [1938/4291] remaining=2353  Karnaphuli Sportswear Inds. Limited
  [1939/4291] remaining=2352  Karooni Fashion Ltd
  [1940/4291] remaining=2351  Karooni Knit Composite Ltd.
  [1940/4291]  remaining=2351  48/min  ETA 49 min
  [1941/4291] remaining=2350  Karupannya Rangpur Ltd.
  [1942/4291] remaining=2349  Kashfi Knit Wear Ltd.
  [1943/4291] remaining=2348  Kashful Fshion Apparels
  [1944/4291] remaining=2347  Kashmilon Sweaters Ltd.
  [1945/4291] remaining=2346  Kass Garments (Pvt) Ltd.
  [1946/4291] remaining=2345  Katex Fashion Clothing Ltd.
  [1947/4291] remaining=2344  Kathgora Composite Ltd.
  [1948/4291] remaining=2343  Kattali Textile Ltd.
  [1949/4291] remaining=2342  Kaveri Sweaters Ltd.
  [1950/4291] remaining=2341  Kay Garments Ltd.
  [1951/4291] remaining=2340  Kaya Taiga (J.V.) Bangladesh Ltd.
  [1952/4291] remaining=2339  Kaynat Ltd.
  [1953/4291] remaining=2338  Kazipur Fashions Ltd.
  [1954/4291] remaining=2337  KC Apparels Ltd.
  [1955/4291] remaining=2336  KC Fashion Ltd.
  [1956/4291] remaining=2335  KC Lingerie Ltd.
  [1957/4291] remaining=2334  KC Print Limited
  [1958/4291] remaining=2333  KC Spinning Mills Ltd.
  [1959/4291] remaining=2332  KCA Garments Industry Ltd.
  [1960/4291] remaining=2331  KDS Apparels Ltd.
  [1960/4291]  remaining=2331  48/min  ETA 49 min
  [1961/4291] remaining=2330  KDS Fashion Ltd.
  [1962/4291] remaining=2329  KDS Garments Industries Limited
  [1963/4291] remaining=2328  KDS Hi-Tech Garments (BD) Ltd.
  [1964/4291] remaining=2327  KDS IDR Ltd.
  [1965/4291] remaining=2326  KDS Textile Mills Ltd.
  [1966/4291] remaining=2325  Keen Apparels Ltd.
  [1967/4291] remaining=2324  Keilock Newage Bangladesh Ltd.
  [1968/4291] remaining=2323  Kems Fashions Ltd.
  [1969/4291] remaining=2322  Kenpark Bangladesh (Pvt) Ltd.
  [1970/4291] remaining=2321  Kenpark Bangladesh Apparel (Pvt) Ltd.
  [1971/4291] remaining=2320  Kent Fashion (Pvt.) Ltd.
  [1972/4291] remaining=2319  Kent Garments (Pvt.) Ltd.
  [1973/4291] remaining=2318  Kento Asia Ltd.
  [1974/4291] remaining=2317  Kentucky Knit Composite Ltd.
  [1975/4291] remaining=2316  Kentucky Textiles Ltd.
  [1976/4291] remaining=2315  Kera Fashion Ltd.
  [1977/4291] remaining=2314  Keya Knit Composite Ltd.
  [1978/4291] remaining=2313  KGN.MS Fashion Ltd.
  [1979/4291] remaining=2312  KGS Knitting (Pvt.) Ltd.
  [1980/4291] remaining=2311  Khalifa Apparels Ltd.
  [1980/4291]  remaining=2311  48/min  ETA 49 min
  [1981/4291] remaining=2310  Khan Brothers Knitwear Industries Ltd.
  [1982/4291] remaining=2309  Khan Fashion Ltd.
  [1983/4291] remaining=2308  Khantex Composite Textiles Ltd.
  [1984/4291] remaining=2307  Khantex Fashions Ltd.
  [1985/4291] remaining=2306  Khondker Fashions Ltd.
  [1986/4291] remaining=2305  Kids Zone Apparels Ltd.
  [1987/4291] remaining=2304  Kimberley Apparels Ltd.
  [1988/4291] remaining=2303  Kimberley Design
  [1989/4291] remaining=2302  Kimberly Fashions Ltd.
  [1990/4291] remaining=2301  Kimberly Garments Ltd.
  [1991/4291] remaining=2300  Kimia Apparels Industry Ltd.
  [1992/4291] remaining=2299  Kimia Garments Ind. Ltd.
  [1993/4291] remaining=2298  Kims Corporation Ltd.
  [1994/4291] remaining=2297  Kingfisher Fashion Wear Ltd.
  [1995/4291] remaining=2296  KITH FASHION LIMITED.
  [1996/4291] remaining=2295  KL Design Apparel Ltd.
  [1997/4291] remaining=2294  KL Fashion Ltd.
  [1998/4291] remaining=2293  Klarion Designs Ltd.
  [1999/4291] remaining=2292  KLD Apparels Ltd.
  [2000/4291] remaining=2291  KM Apparels Knit (Pvt.) Ltd.
  [2000/4291]  remaining=2291  48/min  ETA 48 min
  [2001/4291] remaining=2290  KMH Fashion Ltd.
  [2002/4291] remaining=2289  Knit Asia Ltd. (Unit-2)
  [2003/4291] remaining=2288  Knit & Knitex (Pvt) Ltd.
  [2004/4291] remaining=2287  Knit & Knitwears Ltd.
  [2005/4291] remaining=2286  Knit 2007 Ltd.
  [2006/4291] remaining=2285  Knit Asia Ltd.
  [2007/4291] remaining=2284  Knit Avenue Ltd.
  [2008/4291] remaining=2283  Knit Bazaar (Pvt) Ltd.
  [2009/4291] remaining=2282  Knit Concern Ltd.
  [2010/4291] remaining=2281  Knit Export (BD) Ltd.
  [2011/4291] remaining=2280  Knit Express Ltd.
  [2012/4291] remaining=2279  Knit Fair Ltd.
  [2013/4291] remaining=2278  Knit Fashion (Pvt.) Ltd.
  [2014/4291] remaining=2277  Knit Horizon Ltd.
  [2015/4291] remaining=2276  Knit Line Fashion
  [2016/4291] remaining=2275  Knit Market Ltd.
  [2017/4291] remaining=2274  Knit Moon Ltd.
  [2018/4291] remaining=2273  Knit Plus Limited
  [2019/4291] remaining=2272  Knit Radix Ltd.
  [2020/4291] remaining=2271  Knit Reflex Ltd.
  [2020/4291]  remaining=2271  48/min  ETA 48 min
  [2021/4291] remaining=2270  Knit Softwear Ltd. (U-2)
  [2022/4291] remaining=2269  Knit Studio Ltd.
  [2023/4291] remaining=2268  Knit Style Composite Ltd.
  [2024/4291] remaining=2267  Knit Syndicate
  [2025/4291] remaining=2266  Knit Valley Fashions Ltd.
  [2026/4291] remaining=2265  Knit Valley Ltd.
  [2027/4291] remaining=2264  Knit World Ltd.
  [2028/4291] remaining=2263  Knitex Apparels Ltd.
  [2029/4291] remaining=2262  Knitex Dresses Ltd.
  [2030/4291] remaining=2261  Knitexpo Ltd.
  [2031/4291] remaining=2260  Knittex Industries Ltd.
  [2032/4291] remaining=2259  Knitting N Style Ltd.
  [2033/4291] remaining=2258  Koala Apparel Ltd.
  [2034/4291] remaining=2257  Kohinoor Apparels Ltd.
  [2035/4291] remaining=2256  Kohinoor Garments Inds. Ltd.
  [2036/4291] remaining=2255  Kojima Lyric Garments Ltd.
  [2037/4291] remaining=2254  Koka Industries Ltd.
  [2038/4291] remaining=2253  Konabari Fashion Ltd.
  [2039/4291] remaining=2252  Kores (Bangladesh) Ltd.
  [2040/4291] remaining=2251  KRC Composite Textile Industry Ltd.
  [2040/4291]  remaining=2251  48/min  ETA 47 min
  [2041/4291] remaining=2250  KRD Fashion Ltd.
  [2042/4291] remaining=2249  Krishan Knitting Ltd.
  [2043/4291] remaining=2248  Kron Sweater Limited
  [2044/4291] remaining=2247  KRSS Sportswear Ltd.
  [2045/4291] remaining=2246  KS Fashions Ltd.
  [2046/4291] remaining=2245  KSP Bangladesh Limited
  [2047/4291] remaining=2244  KSS Knit Composite Ltd.
  [2048/4291] remaining=2243  KTJ Gloves Ltd.
  [2049/4291] remaining=2242  KTR Sweater Ltd.
  [2050/4291] remaining=2241  Kujess Garments Inds. (Pvt) Ltd.
  [2051/4291] remaining=2240  Kuliarchar Sweater Inds. Ltd.
  [2052/4291] remaining=2239  Kumudini Apparels
  [2053/4291] remaining=2238  Kumudini Garments
  [2054/4291] remaining=2237  Kunimoto Sweater & Knitwears Ltd.
  [2055/4291] remaining=2236  Kushiara Composite Knit Inds. Ltd.
  [2056/4291] remaining=2235  Kushtia Fashions Ltd.
  [2057/4291] remaining=2234  Kwun Tong Apparels Ltd.
  [2058/4291] remaining=2233  KZ Fashion MFRS. Ltd.
  [2059/4291] remaining=2232  KZM Apparels (Pvt.) Ltd.
  [2060/4291] remaining=2231  L R Sports Ltd.
  [2060/4291]  remaining=2231  48/min  ETA 47 min
  [2061/4291] remaining=2230  L S A Apparels
  [2062/4291] remaining=2229  L Usine Fashion Ltd.
  [2063/4291] remaining=2228  L.A. Fashion (Pvt.) Ltd.
  [2064/4291] remaining=2227  L.K. Sweater (Pvt.) Ltd.
  [2065/4291] remaining=2226  L' Esquire Limited
  [2066/4291] remaining=2225  La Camicia Ltd.
  [2067/4291] remaining=2224  La Peseta Fashion Ltd.
  [2068/4291] remaining=2223  La-Muni Apparels Ltd.
  [2069/4291] remaining=2222  Labib Attire
  [2070/4291] remaining=2221  Labib Fashions Ltd.
  [2071/4291] remaining=2220  Lagoon Clothing Ltd.
  [2072/4291] remaining=2219  Laila Styles Ltd.
  [2073/4291] remaining=2218  Lakhsma Innerwear Ltd.
  [2074/4291] remaining=2217  Lakhsma Sweaters Ltd.
  [2075/4291] remaining=2216  Lalmai Sportswear Industries Ltd.
  [2076/4291] remaining=2215  Lam Mim Apparels Ltd.
  [2077/4291] remaining=2214  Lamiya Adnan Quality Garments
  [2078/4291] remaining=2213  Landmark Design Wear Ltd.
  [2079/4291] remaining=2212  Landmark Fabrics Ltd.
  [2080/4291] remaining=2211  Landmark Fashion Wear (Pvt) Ltd.
  [2080/4291]  remaining=2211  48/min  ETA 47 min
  [2081/4291] remaining=2210  Landmark Textile
  [2082/4291] remaining=2209  Landmark Yarn Dyeing Ltd.
  [2083/4291] remaining=2208  Lanpino Company Ltd.
  [2084/4291] remaining=2207  Lantabur Apparels Ltd.
  [2085/4291] remaining=2206  Lareen Apparels Limited
  [2086/4291] remaining=2205  Larson Fashion Ltd
  [2087/4291] remaining=2204  Latest Fashion
  [2088/4291] remaining=2203  Latest Garments Ltd.
  [2089/4291] remaining=2202  Latif Fashions Ltd.
  [2090/4291] remaining=2201  Latif Knitting Mills Ltd.
  [2091/4291] remaining=2200  Laurels Fashion Ltd.
  [2092/4291] remaining=2199  Lavender Fashion Ltd.
  [2093/4291] remaining=2198  Lavender Garment Ltd.
  [2094/4291] remaining=2197  Laverntex Sweaters Ltd.
  [2095/4291] remaining=2196  Lavish Design Limited
  [2096/4291] remaining=2195  Lawyee Apparels
  [2097/4291] remaining=2194  Lawyee Fashion Ltd.
  [2098/4291] remaining=2193  Lax Lingerie Ltd.
  [2099/4291] remaining=2192  Lazim Apparels Ltd.
  [2100/4291] remaining=2191  Le Nouveautex (Pvt) Ltd.
  [2100/4291]  remaining=2191  48/min  ETA 46 min
  [2101/4291] remaining=2190  Le-Nouveautex Knit Fashion
  [2102/4291] remaining=2189  Leading Fashion Ltd.
  [2103/4291] remaining=2188  Leading Star Industries Ltd.
  [2104/4291] remaining=2187  Leaf Grade Casualwear Ltd.
  [2105/4291] remaining=2186  Leather Craftsman Ltd.
  [2106/4291] remaining=2185  Lebaz Sweater Inds. Ltd.
  [2107/4291] remaining=2184  Leeu Fashion Ltd.
  [2108/4291] remaining=2183  Legacy Fashion Ltd.
  [2109/4291] remaining=2182  Legend Textiles Limited
  [2110/4291] remaining=2181  Lemond Apparels & Textiles Ltd.
  [2111/4291] remaining=2180  Lemond Fashion Ltd.
  [2112/4291] remaining=2179  Lenient Fashion Ltd.
  [2113/4291] remaining=2178  Lenny Apparels Ltd.
  [2114/4291] remaining=2177  Lenny Fashions Ltd.
  [2115/4291] remaining=2176  Les Pulls D' Alex Ltd.
  [2116/4291] remaining=2175  Libas Knit Wear Ltd.
  [2117/4291] remaining=2174  Libas Stitch
  [2118/4291] remaining=2173  Libas Textiles Ltd.
  [2119/4291] remaining=2172  Liberty Fashion Wears Ltd.
  [2120/4291] remaining=2171  Liberty Garments Inds. Ltd.
  [2120/4291]  remaining=2171  48/min  ETA 46 min
  [2121/4291] remaining=2170  Liberty Knitwear Ltd.
  [2122/4291] remaining=2169  Lida Textile & Dyeing Ltd.
  [2123/4291] remaining=2168  Life Textile (Pvt.) Ltd.
  [2124/4291] remaining=2167  Lifestyle Fashion Maker Ltd.
  [2125/4291] remaining=2166  Lilac Fashion Wear Ltd.
  [2126/4291] remaining=2165  Lily Apparels Ltd.
  [2127/4291] remaining=2164  Lily Jeans Ltd.
  [2128/4291] remaining=2163  Lingerie World Ltd.
  [2129/4291] remaining=2162  Link Wear Ltd.
  [2130/4291] remaining=2161  Link-Tex Sportswear Ltd.
  [2131/4291] remaining=2160  Linkon Fashion Ltd.
  [2132/4291] remaining=2159  Lisha Tex Ltd.
  [2133/4291] remaining=2158  Lithe Apparels Ltd.
  [2134/4291] remaining=2157  Litun Fabrics Ltd.
  [2135/4291] remaining=2156  Liz Apparels Ltd.
  [2136/4291] remaining=2155  Liz Fashion Industry Ltd.
  [2137/4291] remaining=2154  Liza Apparels & Sourcing Ltd.
  [2138/4291] remaining=2153  LM Masinara Asia Ltd.
  [2139/4291] remaining=2152  Lodestar Fashions Ltd.
  [2140/4291] remaining=2151  Lodestar Garments Ltd.
  [2140/4291]  remaining=2151  48/min  ETA 45 min
  [2141/4291] remaining=2150  Logos Apparels Ltd.
  [2142/4291] remaining=2149  Loopdot Fashion Ltd.
  [2143/4291] remaining=2148  Louietex Manufacturing Ltd.
  [2144/4291] remaining=2147  Lovecraft Garments (Pvt.) Ltd.
  [2145/4291] remaining=2146  Loyal Apparels Ltd.
  [2146/4291] remaining=2145  Loyaltex Limited
  [2147/4291] remaining=2144  Lucid Apparels Ltd.
  [2148/4291] remaining=2143  Lucky Star Apparels Ltd.
  [2149/4291] remaining=2142  Lufa Fashion Ltd.
  [2150/4291] remaining=2141  Lufa Garments Ltd.
  [2151/4291] remaining=2140  Luman Dresses Limited
  [2152/4291] remaining=2139  Luman Fashions Ltd.
  [2153/4291] remaining=2138  Lumbini Limited
  [2154/4291] remaining=2137  Luminous Apparels Ltd.
  [2155/4291] remaining=2136  Luminous Garments Limited
  [2156/4291] remaining=2135  Luna Apparels (Pvt.) Ltd.
  [2157/4291] remaining=2134  Lusaka Fashion Ltd.
  [2158/4291] remaining=2133  Lushai Apparels
  [2159/4291] remaining=2132  Luthan Sweater Ltd.
  [2160/4291] remaining=2131  Lyceum Fabrics Ltd.
  [2160/4291]  remaining=2131  47/min  ETA 45 min
  [2161/4291] remaining=2130  Lynda Fashions Ltd.
  [2162/4291] remaining=2129  Lyric Apparels Ltd.
  [2163/4291] remaining=2128  Lyric Industries (Pvt) Ltd.
  [2164/4291] remaining=2127  LZ Fashion Wear Ltd.
  [2165/4291] remaining=2126  LZ Textiles Ltd.
  [2166/4291] remaining=2125  M & H Corporation (Pvt) Ltd.
  [2167/4291] remaining=2124  M & M Dresses Ltd.
  [2168/4291] remaining=2123  M & M Shirts Ltd.
  [2169/4291] remaining=2122  M & S Sweater Ltd.
  [2170/4291] remaining=2121  M & W Fashion Ltd.
  [2171/4291] remaining=2120  M N Sweaters Ltd.
  [2172/4291] remaining=2119  M R SWEATER
  [2173/4291] remaining=2118  M S Apparels
  [2174/4291] remaining=2117  M U Fashion Ltd.
  [2175/4291] remaining=2116  M-Nur Sweaters Ltd.
  [2176/4291] remaining=2115  M-Yew Fashion Ltd.
  [2177/4291] remaining=2114  M. I. Knitwear Ltd.
  [2178/4291] remaining=2113  M.B. Knit Fashion
  [2179/4291] remaining=2112  M.H. Fashion
  [2180/4291] remaining=2111  M.I.M. Dresses Ltd.
  [2180/4291]  remaining=2111  47/min  ETA 44 min
  [2181/4291] remaining=2110  M.I.M. Fashion Wear Ltd.
  [2182/4291] remaining=2109  M.K. Sweaters Ltd.
  [2183/4291] remaining=2108  M.M. Brothers Wear Ltd.
  [2184/4291] remaining=2107  M.M. Composite Knit Ltd.
  [2185/4291] remaining=2106  M.M. Dress Wear Ltd.
  [2186/4291] remaining=2105  M.M. Fashions & Composite Ltd.
  [2187/4291] remaining=2104  M.M. Knitwear Ltd.
  [2188/4291] remaining=2103  M.M. Trade Apparels
  [2189/4291] remaining=2102  M.N. Clothing Ltd.
  [2190/4291] remaining=2101  M.N. Dyeing, Printing & Washing Mills Limited
  [2191/4291] remaining=2100  M.N. Garments Ltd.
  [2192/4291] remaining=2099  M.N. Knitwears Ltd.
  [2193/4291] remaining=2098  M.P. Sweaters Ltd.
  [2194/4291] remaining=2097  M.R. Sweater Composite Ltd.
  [2195/4291] remaining=2096  M.R.M Apparel
  [2196/4291] remaining=2095  M.S. Dyeing Printing & Finishing Ltd.
  [2197/4291] remaining=2094  M.S. Wearing Apparels Ltd.
  [2198/4291] remaining=2093  M.T. Sweaters Ltd.
  [2199/4291] remaining=2092  M.T.S Fashion Club
  [2200/4291] remaining=2091  M&A Composite Limited
  [2200/4291]  remaining=2091  47/min  ETA 44 min
  [2201/4291] remaining=2090  Ma. J&J Ltd.
  [2202/4291] remaining=2089  Maa Composite Ltd.
  [2203/4291] remaining=2088  Maa Stitch
  [2204/4291] remaining=2087  Maaa Apparels Ltd.
  [2205/4291] remaining=2086  Mac-Tex Inds. Ltd.
  [2206/4291] remaining=2085  MACK Shirts Ltd.
  [2207/4291] remaining=2084  Macys Fashions Ltd.
  [2208/4291] remaining=2083  Madany Fashion Wear Ltd.
  [2209/4291] remaining=2082  Madaripur Garments Ltd.
  [2210/4291] remaining=2081  Madina Establishments Ltd.
  [2211/4291] remaining=2080  Madina Fashion & DESIGN
  [2212/4291] remaining=2079  Madina Garments Ltd.
  [2213/4291] remaining=2078  Madinaple Fashions Craft Ltd.
  [2214/4291] remaining=2077  Maestro Apparel Ltd.
  [2215/4291] remaining=2076  Maggie & Liz Corporation (Pvt.) Ltd.
  [2216/4291] remaining=2075  Magic Sweater Ltd.
  [2217/4291] remaining=2074  Magic Works Ltd.
  [2218/4291] remaining=2073  Magpie Composite Textile Ltd.
  [2219/4291] remaining=2072  Magpie Knit Wear Ltd.
  [2220/4291] remaining=2071  Mahadi Fashion (Pvt) Ltd.
  [2220/4291]  remaining=2071  47/min  ETA 44 min
  [2221/4291] remaining=2070  Mahadi Garments Ltd.
  [2222/4291] remaining=2069  Mahboob Apparels Ltd.
  [2223/4291] remaining=2068  Mahbub Knit Fashion Ltd.
  [2224/4291] remaining=2067  Mahdeen Sweaters Ltd.
  [2225/4291] remaining=2066  Mahdi Knit Design Ltd.
  [2226/4291] remaining=2065  Mahee Intimates Ltd.
  [2227/4291] remaining=2064  Mahid Apparel Ltd.
  [2228/4291] remaining=2063  Mahid Expo Int'l Tex Ltd.
  [2229/4291] remaining=2062  Mahid Washing Plant
  [2230/4291] remaining=2061  Mahin Apparels Ltd.
  [2231/4291] remaining=2060  Mahir Mahadi Apparels
  [2232/4291] remaining=2059  Mahmud Fashion Ltd.
  [2233/4291] remaining=2058  Mahmud Jeans Ltd.
  [2234/4291] remaining=2057  Mahmuda Attires Ltd.
  [2235/4291] remaining=2056  Maisha Fashions
  [2236/4291] remaining=2055  Maisha Mim Apparels Ltd.
  [2237/4291] remaining=2054  Majumder Apparels Ltd.
  [2238/4291] remaining=2053  Majumder Fashions Ltd.
  [2239/4291] remaining=2052  Majumder Garments Ltd.
  [2240/4291] remaining=2051  Makalot Bangladesh Ltd.
  [2240/4291]  remaining=2051  47/min  ETA 43 min
  [2241/4291] remaining=2050  Maks Fashion Ltd.
  [2242/4291] remaining=2049  Maliha Designs Ltd.
  [2243/4291] remaining=2048  Mallick Fabrics Ltd.
  [2244/4291] remaining=2047  Mam Apparel & Textiles Ltd.
  [2245/4291] remaining=2046  MAM Garments Ltd.
  [2246/4291] remaining=2045  Mam Knit Inds. Ltd.
  [2247/4291] remaining=2044  Mamun Knitwear Ltd.
  [2248/4291] remaining=2043  Manali Jeans Ltd.
  [2249/4291] remaining=2042  Manami Fashions Ltd.
  [2250/4291] remaining=2041  Mane Clothing Ltd.
  [2251/4291] remaining=2040  Manel Fashion Ltd.
  [2252/4291] remaining=2039  Mango Knit Composite Ltd.
  [2253/4291] remaining=2038  Mango Tex
  [2254/4291] remaining=2037  Mans Attires Ltd.
  [2255/4291] remaining=2036  Mansheen Co. (BD) Limited.
  [2256/4291] remaining=2035  Manta Apparels Ltd.
  [2257/4291] remaining=2034  Mantrust Fashion Ltd.
  [2258/4291] remaining=2033  Mantrust Sweater Ltd.
  [2259/4291] remaining=2032  Manvill Styles Ltd.
  [2260/4291] remaining=2031  Map Knitwear Ltd.
  [2260/4291]  remaining=2031  47/min  ETA 43 min
  [2261/4291] remaining=2030  Maria Attires
  [2262/4291] remaining=2029  Marigold Knittex Ltd.
  [2263/4291] remaining=2028  Marina Apparels Ltd.
  [2264/4291] remaining=2027  Marins Apparels Limited
  [2265/4291] remaining=2026  Maritime Bags Ltd.
  [2266/4291] remaining=2025  Mariyul Noory Trading Est Ltd.
  [2267/4291] remaining=2024  Mark 2000 Ltd.
  [2268/4291] remaining=2023  Mark Designers Ltd.
  [2269/4291] remaining=2022  Mark Fashion Wear (Pvt.) Ltd. (U-2)
  [2270/4291] remaining=2021  Mark Fashion Wear (Pvt). Ltd.
  [2271/4291] remaining=2020  Mark Garments Inds. Ltd.
  [2272/4291] remaining=2019  Mark Limited
  [2273/4291] remaining=2018  Mark Mode Ltd.
  [2274/4291] remaining=2017  Mark Sweater Ltd.
  [2275/4291] remaining=2016  Mark Wear Ltd.
  [2276/4291] remaining=2015  MARMA Composite Ltd.
  [2277/4291] remaining=2014  Marquee Manufacturers Ltd.
  [2278/4291] remaining=2013  Mars Apparels Ltd.
  [2279/4291] remaining=2012  MARS Design Ltd.
  [2280/4291] remaining=2011  Mars Sportswear Ltd.
  [2280/4291]  remaining=2011  47/min  ETA 42 min
  [2281/4291] remaining=2010  MARS Stitch Ltd.
  [2282/4291] remaining=2009  Marshaa Ltd.
  [2283/4291] remaining=2008  Martin Knit-Wear Ltd.
  [2284/4291] remaining=2007  Maruhisa Pacific Co. Ltd.
  [2285/4291] remaining=2006  Marvelous Sweaters Ltd.
  [2286/4291] remaining=2005  Mas Trade Int'l. Garments Ltd.
  [2287/4291] remaining=2004  Masaha Knitting And Dyeing Inds. Ltd.
  [2288/4291] remaining=2003  Masco Cottons Ltd.
  [2289/4291] remaining=2002  Masco Exports Ltd.
  [2290/4291] remaining=2001  Masco Inds. Ltd. (Composite Unit)
  [2291/4291] remaining=2000  Masco Industries Ltd.
  [2292/4291] remaining=1999  Mascom Composite Ltd.
  [2293/4291] remaining=1998  Mascot Apparel Ltd.
  [2294/4291] remaining=1997  Mascot Fashions Ltd.
  [2295/4291] remaining=1996  Mascot Garments Ltd.
  [2296/4291] remaining=1995  Mascot Knits Ltd.
  [2297/4291] remaining=1994  Mascotex Ltd.
  [2298/4291] remaining=1993  Mashallah Knit Fashion
  [2299/4291] remaining=1992  Mashiyat Apparel Ltd.
  [2300/4291] remaining=1991  Masihata Sweaters Ltd.
  [2300/4291]  remaining=1991  47/min  ETA 42 min
  [2301/4291] remaining=1990  Maska Sweater Ltd.
  [2302/4291] remaining=1989  Masriquee Textiles Ltd.
  [2303/4291] remaining=1988  Mass Fashion BD
  [2304/4291] remaining=1987  Mass Fashion Ltd.
  [2305/4291] remaining=1986  Master Cham Ltd.
  [2306/4291] remaining=1985  Master Fashions Ltd.
  [2307/4291] remaining=1984  Master Garments Ltd.
  [2308/4291] remaining=1983  Master Knitwear Ltd.
  [2309/4291] remaining=1982  Mastex Industries Ltd.
  [2310/4291] remaining=1981  Masud Apparels Ltd.
  [2311/4291] remaining=1980  Masum Industrial Park Ltd.
  [2312/4291] remaining=1979  Matexport (Bangladesh) Ltd.
  [2313/4291] remaining=1978  Matin Kntwears Ltd.
  [2314/4291] remaining=1977  Matrix Apparels Ltd.
  [2315/4291] remaining=1976  Matrix Dresses
  [2316/4291] remaining=1975  Matrix Dresses Ltd.
  [2317/4291] remaining=1974  Matrix Sweaters Ltd.
  [2318/4291] remaining=1973  Matsuoka Apparels Ltd.
  [2319/4291] remaining=1972  Maurisus Intercontinental Ltd.
  [2320/4291] remaining=1971  Mavis Garments Ltd.
  [2320/4291]  remaining=1971  47/min  ETA 42 min
  [2321/4291] remaining=1970  Mawna Fashions Ltd.
  [2322/4291] remaining=1969  Max Sweater (BD) Ltd.
  [2323/4291] remaining=1968  Maxbrite Ltd.
  [2324/4291] remaining=1967  Maxcom International (BD) Ltd.
  [2325/4291] remaining=1966  Maxim Fashions Ltd.
  [2326/4291] remaining=1965  Maxim Ltd.
  [2327/4291] remaining=1964  Maya Mithu Fashion Ltd.
  [2328/4291] remaining=1963  Mayc`s Garments Ltd.
  [2329/4291] remaining=1962  Mazarine Fashion
  [2330/4291] remaining=1961  Mazib Fashions Ltd.
  [2331/4291] remaining=1960  Mazim Fabrics Ltd.
  [2332/4291] remaining=1959  Mazkan Jeans Ltd.
  [2333/4291] remaining=1958  MBA Fashion Ltd.
  [2334/4291] remaining=1957  MBH Fashion
  [2335/4291] remaining=1956  MBM Fashion Wear Ltd.
  [2336/4291] remaining=1955  MBM Garments Ltd.
  [2337/4291] remaining=1954  Mccoy Export Limited
  [2338/4291] remaining=1953  Mccoy Sweater Ltd.
  [2339/4291] remaining=1952  Meadow Apparel Ltd.
  [2340/4291] remaining=1951  Medell Apparels Ltd.
  [2340/4291]  remaining=1951  47/min  ETA 41 min
  [2341/4291] remaining=1950  Media Textile Inds. Ltd.
  [2342/4291] remaining=1949  Meditex Industries Ltd.
  [2343/4291] remaining=1948  Meditex Knitwear Ltd.
  [2344/4291] remaining=1947  Meditex Sweater Ltd.
  [2345/4291] remaining=1946  Medlar Apparels Ltd.
  [2346/4291] remaining=1945  Medlar Garments Ltd.
  [2347/4291] remaining=1944  Medona Fashions Ltd.
  [2348/4291] remaining=1943  Medona Garments Ltd.
  [2349/4291] remaining=1942  Meejab Ltd.
  [2350/4291] remaining=1941  Meek Knit Ltd.
  [2351/4291] remaining=1940  Meek Sweater & Fashions Ltd.
  [2352/4291] remaining=1939  Meek Sweater Ltd.
  [2353/4291] remaining=1938  Meem Fashions Ltd.
  [2354/4291] remaining=1937  Meem Knitting Mills Ltd.
  [2355/4291] remaining=1936  Meerab Industries Ltd.
  [2356/4291] remaining=1935  Mega Couture Ltd.
  [2357/4291] remaining=1934  Mega Denim Ltd.
  [2358/4291] remaining=1933  Mega Fashionwear Ltd.
  [2359/4291] remaining=1932  Megastar Apparels Ltd.
  [2360/4291] remaining=1931  Meghna Denims Ltd.
  [2360/4291]  remaining=1931  47/min  ETA 41 min
  [2361/4291] remaining=1930  Meghna Knit Composite Ltd.
  [2362/4291] remaining=1929  Meher Garments Ltd.
  [2363/4291] remaining=1928  Meherun Apparels Ltd.
  [2364/4291] remaining=1927  Mehmid Export Wear Ltd.
  [2365/4291] remaining=1926  Mehnaz Styles And Craft Ltd.
  [2366/4291] remaining=1925  Mellow Fashion Ltd.
  [2367/4291] remaining=1924  Men's Apparels Ltd.
  [2368/4291] remaining=1923  Men's Fashion Ltd.
  [2369/4291] remaining=1922  Merchants House Ltd.
  [2370/4291] remaining=1921  Meridian Fashion Wear Ltd.
  [2371/4291] remaining=1920  Meridian Fashions Ltd.
  [2372/4291] remaining=1919  Meridien Apparels Ltd.
  [2373/4291] remaining=1918  Merim Co. Ltd.
  [2374/4291] remaining=1917  Merimo Ltd.
  [2375/4291] remaining=1916  Merlin Knitwear Ltd.
  [2376/4291] remaining=1915  Mermaid Sweaters Ltd.
  [2377/4291] remaining=1914  Merry Gold Garments (Pvt.) Ltd.
  [2378/4291] remaining=1913  Mesh Exports House (Pvt.) Ltd.
  [2379/4291] remaining=1912  Mesh Sports Wear (Pvt.) Ltd.
  [2380/4291] remaining=1911  Meshu Apparels Ltd.
  [2380/4291]  remaining=1911  47/min  ETA 40 min
  [2381/4291] remaining=1910  Metro Knitting & Dyeing Mills Ltd.
  [2382/4291] remaining=1909  Mexi-Bangla Sweater Ltd.
  [2383/4291] remaining=1908  MG Garments Ltd.
  [2384/4291] remaining=1907  MG Knit Flair Ltd.
  [2385/4291] remaining=1906  MG Niche Flair Ltd.
  [2386/4291] remaining=1905  MG Niche Stitch Ltd.
  [2387/4291] remaining=1904  MG Shirttex Ltd.
  [2388/4291] remaining=1903  MHC Apparels (Pvt) Ltd.
  [2389/4291] remaining=1902  MHC Wears (PVT.) Ltd.
  [2390/4291] remaining=1901  Miami Garments
  [2391/4291] remaining=1900  Mid Asia Fashions Ltd.
  [2392/4291] remaining=1899  Mid Line Sweater Ltd.
  [2393/4291] remaining=1898  Mid Night Sweaters Ltd.
  [2394/4291] remaining=1897  Middle East Garments Ltd.
  [2395/4291] remaining=1896  Midwest Garments Ltd.
  [2396/4291] remaining=1895  Mifkif Apparel Ltd.
  [2397/4291] remaining=1894  Mihran Apparels Ltd.
  [2398/4291] remaining=1893  Mika Fashion Ltd.
  [2399/4291] remaining=1892  Mila Industrial Ltd.
  [2400/4291] remaining=1891  Milaco Textile Mills (Pvt) Ltd.
  [2400/4291]  remaining=1891  47/min  ETA 40 min
  [2401/4291] remaining=1890  Milanty Apparels Ltd.
  [2402/4291] remaining=1889  Mild One Knit Composite Ltd.
  [2403/4291] remaining=1888  Miles Fabrics Ltd.
  [2404/4291] remaining=1887  Milina Fashion Co. Ltd.
  [2405/4291] remaining=1886  Millenium Dresses Ltd.
  [2406/4291] remaining=1885  Millennium Apparels Ltd.
  [2407/4291] remaining=1884  Millennium Spinning & Knitting Fac. Ltd.
  [2408/4291] remaining=1883  Millennium Sweater Ltd.
  [2409/4291] remaining=1882  Millennium Textiles (Southern) Ltd.
  [2410/4291] remaining=1881  Milliner Garments Ltd.
  [2411/4291] remaining=1880  Mim Apparel
  [2412/4291] remaining=1879  Mim Design Ltd.
  [2413/4291] remaining=1878  Mim Fashion
  [2414/4291] remaining=1877  Mim Stitch Apparels Ltd.
  [2415/4291] remaining=1876  Mim Sweaters Ltd.
  [2416/4291] remaining=1875  Mimo Cotton Zone Textile Ltd.
  [2417/4291] remaining=1874  Mimtex Fashion (Pvt) Ltd.
  [2418/4291] remaining=1873  Minar Textiles (Garments Div.)
  [2419/4291] remaining=1872  Minimax Ltd.
  [2420/4291] remaining=1871  Mint Apparel Ltd.
  [2420/4291]  remaining=1871  47/min  ETA 40 min
  [2421/4291] remaining=1870  Mir Fashionwear Ltd.
  [2422/4291] remaining=1869  Mirabella Dresses Ltd.
  [2423/4291] remaining=1868  Mirage Wears (Pvt) Ltd.
  [2424/4291] remaining=1867  Miraj Attires Ltd.
  [2425/4291] remaining=1866  Miras Fashion Ltd.
  [2426/4291] remaining=1865  Mirpur Fashion Ltd.
  [2427/4291] remaining=1864  Mirza Apparels Ltd.
  [2428/4291] remaining=1863  Misami Garments Ltd.
  [2429/4291] remaining=1862  Mission Apparel Industries
  [2430/4291] remaining=1861  Mission Fashion Ltd.
  [2431/4291] remaining=1860  Mistia Sweaters Ltd.
  [2432/4291] remaining=1859  Miswar Hosiery Mills (P) Ltd.
  [2433/4291] remaining=1858  Mita Fashions Ltd.
  [2434/4291] remaining=1857  Mitali Fashions Ltd.
  [2435/4291] remaining=1856  Mitchelle & Tigana Fashion Ltd.
  [2436/4291] remaining=1855  Mithela Textile Industry
  [2437/4291] remaining=1854  Mithun Knitting & Dyeing (CEPZ) Ltd.
  [2438/4291] remaining=1853  MK Apparels Ltd.
  [2439/4291] remaining=1852  MK Attire Ltd.
  [2440/4291] remaining=1851  MK Fashions Ltd.
  [2440/4291]  remaining=1851  47/min  ETA 39 min
  [2441/4291] remaining=1850  MK Sons Limited
  [2442/4291] remaining=1849  MKM Designs Ltd.
  [2443/4291] remaining=1848  MM Fashion Wear
  [2444/4291] remaining=1847  MM7 Fashion Ltd.
  [2445/4291] remaining=1846  MN Fashions Ltd.
  [2446/4291] remaining=1845  MNC Apparels Limited
  [2447/4291] remaining=1844  MNR DESIGN LTD.
  [2448/4291] remaining=1843  MNR Sweaters Ltd.
  [2449/4291] remaining=1842  Moazzem Garment Inds. Ltd.
  [2450/4291] remaining=1841  Model Apparels Ltd.
  [2451/4291] remaining=1840  Modele De Capital Ind. Ltd.
  [2452/4291] remaining=1839  Modern Garments Ltd.
  [2453/4291] remaining=1838  Modish Attires Limited
  [2454/4291] remaining=1837  Modiste (Bangladesh) Ltd.
  [2455/4291] remaining=1836  Modiste (CEPZ) Ltd.
  [2456/4291] remaining=1835  Mohabbat Garments & Printing Industry
  [2457/4291] remaining=1834  Mohammadi Apparels Ltd.
  [2458/4291] remaining=1833  Mohammadi Fashion Sweaters Ltd.
  [2459/4291] remaining=1832  Mohammadi Group Ltd.
  [2460/4291] remaining=1831  Mohammadi Industries Ltd.
  [2460/4291]  remaining=1831  47/min  ETA 39 min
  [2461/4291] remaining=1830  Mohammadi Knit Star Ltd.
  [2462/4291] remaining=1829  Mohara Asian Apparels Ltd.
  [2463/4291] remaining=1828  Mohona Fashion Ltd.
  [2464/4291] remaining=1827  Mollah Apparels
  [2465/4291] remaining=1826  Mollah Knit Fashions Ltd.
  [2466/4291] remaining=1825  Mollik Textile Sourcing Limited
  [2467/4291] remaining=1824  Mom Jacquard & Sewing
  [2468/4291] remaining=1823  Mom's Touch Sweater Garden Ltd.
  [2469/4291] remaining=1822  Momen Apparels Ltd.
  [2470/4291] remaining=1821  Momena Apparels Ltd.
  [2471/4291] remaining=1820  Momin Apparels Ltd.
  [2472/4291] remaining=1819  Momin Garments
  [2473/4291] remaining=1818  Momo Fashions Ltd.
  [2474/4291] remaining=1817  Momo Jacquard Sweater Ltd.
  [2475/4291] remaining=1816  Momotaj Knitwear Ltd.
  [2476/4291] remaining=1815  Momson Services And Industries Ltd.
  [2477/4291] remaining=1814  Momtaj Fashions Ltd.
  [2478/4291] remaining=1813  Monde Apparels Ltd.
  [2479/4291] remaining=1812  Mondetex Fashion Ltd.
  [2480/4291] remaining=1811  Mondol Apparels Ltd.
  [2480/4291]  remaining=1811  47/min  ETA 38 min
  [2481/4291] remaining=1810  Mondol Fabrics Ltd.
  [2482/4291] remaining=1809  Mondol Fashions Ltd.
  [2483/4291] remaining=1808  Mondol Intimates Ltd..
  [2484/4291] remaining=1807  Mondol Knit Tex Ltd.
  [2485/4291] remaining=1806  Mondol Knitwears Ltd.
  [2486/4291] remaining=1805  Moni Fashion Ltd.
  [2487/4291] remaining=1804  Monika Apparels
  [2488/4291] remaining=1803  Monisha Apparels Ltd.
  [2489/4291] remaining=1802  Monno Attire Ltd.
  [2490/4291] remaining=1801  Monoara Jahur Apparels Ltd.
  [2491/4291] remaining=1800  Monowara Apparels Ltd.
  [2492/4291] remaining=1799  Monowara Textile Mills Ltd.
  [2493/4291] remaining=1798  Montex Apparels Limited.
  [2494/4291] remaining=1797  Montex Fabrics Ltd.
  [2495/4291] remaining=1796  Montreal Apparel Limited
  [2496/4291] remaining=1795  Monwara Hero Apparels Ltd.
  [2497/4291] remaining=1794  Moon Fashion Ltd.
  [2498/4291] remaining=1793  Moon Readywears Ltd.
  [2499/4291] remaining=1792  Moon Star Garments Ltd
  [2500/4291] remaining=1791  Moonlight Garments Ltd.
  [2500/4291]  remaining=1791  47/min  ETA 38 min
  [2501/4291] remaining=1790  Moonlit Fashion BD Limited
  [2502/4291] remaining=1789  Moonlux Apparels Ltd.
  [2503/4291] remaining=1788  Moonlux Composite Knit Garments Ltd.
  [2504/4291] remaining=1787  Moonlux Knit Garments Ltd.
  [2505/4291] remaining=1786  Moontaha Apparels Limited
  [2506/4291] remaining=1785  Moontaha Fashion Limited
  [2507/4291] remaining=1784  Moontex Design Ltd.
  [2508/4291] remaining=1783  Moral Fashions Ltd.
  [2509/4291] remaining=1782  Morshed Ltd.
  [2510/4291] remaining=1781  Mosharaf Apparels Studio Ltd.
  [2511/4291] remaining=1780  Mostafa Apparels
  [2512/4291] remaining=1779  Mostafa Garments Inds. Ltd.
  [2513/4291] remaining=1778  Motaleb Monowara Composite (Pvt.) Ltd.
  [2514/4291] remaining=1777  Motex Fashion
  [2515/4291] remaining=1776  Mother Apparels Ltd.
  [2516/4291] remaining=1775  Mother Fashions Knitwear
  [2517/4291] remaining=1774  Mouchak Apparels Ltd.
  [2518/4291] remaining=1773  Mouchak Knit Composite Ltd.
  [2519/4291] remaining=1772  Mouli Garments (Pvt.) Ltd.
  [2520/4291] remaining=1771  Mouly Fashion Ltd.
  [2520/4291]  remaining=1771  47/min  ETA 37 min
  [2521/4291] remaining=1770  Moumita Fashions Ltd.
  [2522/4291] remaining=1769  Mount Clothing Manufacturer Ltd.
  [2523/4291] remaining=1768  Moushumi Knit Composite Ltd.
  [2524/4291] remaining=1767  Mousumi Towels Limited
  [2525/4291] remaining=1766  Movivo Apparels Ltd.
  [2526/4291] remaining=1765  Mozart Knit Ltd.
  [2527/4291] remaining=1764  MPL Wear Ltd.
  [2528/4291] remaining=1763  MR Apparels
  [2529/4291] remaining=1762  Mridha Fashions Ltd.
  [2530/4291] remaining=1761  MRS Design Ltd.
  [2531/4291] remaining=1760  MS Knit Design Ltd.
  [2532/4291] remaining=1759  MTM Garments Ltd.
  [2533/4291] remaining=1758  MTS Garments Ltd.
  [2534/4291] remaining=1757  Muazuddin Knit Fashion Ltd.
  [2535/4291] remaining=1756  Muazuddin Textile Ltd.
  [2536/4291] remaining=1755  Muksudpur Apparels Ltd.
  [2537/4291] remaining=1754  Mukta Apparels Limited
  [2538/4291] remaining=1753  Mukul Knitwear Ltd.
  [2539/4291] remaining=1752  Multi Modern Apparels Ltd.
  [2540/4291] remaining=1751  Multi Safh Bags Ltd.
  [2540/4291]  remaining=1751  47/min  ETA 37 min
  [2541/4291] remaining=1750  Multifabs Ltd.
  [2542/4291] remaining=1749  Multiple Fashions Ltd.
  [2543/4291] remaining=1748  Multitex Jeans & Sports Ltd.
  [2544/4291] remaining=1747  Multitex Knit Composite Ltd.
  [2545/4291] remaining=1746  Multivers Apparel (Pvt) Ltd.
  [2546/4291] remaining=1745  Muma Fashions Ltd.
  [2547/4291] remaining=1744  Murad Apparels Ltd.
  [2548/4291] remaining=1743  Musk Sweater Composite Ltd.
  [2549/4291] remaining=1742  Musk Trousers Ltd.
  [2550/4291] remaining=1741  Muslin Textile Mills Ltd.
  [2551/4291] remaining=1740  Mustaque Fashion Wear
  [2552/4291] remaining=1739  Mutual Apparels Ltd.
  [2553/4291] remaining=1738  My Choice Enterprise Ltd.
  [2554/4291] remaining=1737  Mystic Home Textile (BD) Limited
  [2555/4291] remaining=1736  MZM (CEPZ) Limited
  [2556/4291] remaining=1735  N F International
  [2557/4291] remaining=1734  N S Sweater
  [2558/4291] remaining=1733  N. H. Fashion Ltd.
  [2559/4291] remaining=1732  N.A. Garments Ltd.
  [2560/4291] remaining=1731  N.A.Z Fashions And Apparels Ltd.
  [2560/4291]  remaining=1731  47/min  ETA 37 min
  [2561/4291] remaining=1730  N.F.Z Teri Textiles Ltd.
  [2562/4291] remaining=1729  N.I. Design Wear Ltd.
  [2563/4291] remaining=1728  N.K. Sweaters Ltd.
  [2564/4291] remaining=1727  N.K.K. Knitwear Ltd.
  [2565/4291] remaining=1726  N.K.L. Apparels Ltd.
  [2566/4291] remaining=1725  N.N. Garments Ltd.
  [2567/4291] remaining=1724  N.R. Creations Ltd.
  [2568/4291] remaining=1723  N.R. Knitting Mills Ltd.
  [2569/4291] remaining=1722  N.R.C. Knit Fashions Ltd.
  [2570/4291] remaining=1721  N.R.R. Fashion Ltd.
  [2571/4291] remaining=1720  N.S. Dresses Ltd.
  [2572/4291] remaining=1719  N.T. Apparels Ltd.
  [2573/4291] remaining=1718  N.T. Apparels Unit-2 Ltd.
  [2574/4291] remaining=1717  Naab Fashions Ltd.
  [2575/4291] remaining=1716  Naba Apparels Ltd.
  [2576/4291] remaining=1715  Naba Export Ltd.
  [2577/4291] remaining=1714  Nabila Rahman Cap International (Pvt.) Ltd.
  [2578/4291] remaining=1713  Nadia Apparel
  [2579/4291] remaining=1712  Nadia Garments Ltd.
  [2580/4291] remaining=1711  Naf Fashion Ltd.
  [2580/4291]  remaining=1711  47/min  ETA 36 min
  [2581/4291] remaining=1710  Nafa Apparels Ltd.
  [2582/4291] remaining=1709  Nafisa Apparels Ltd.
  [2583/4291] remaining=1708  Nafs Fashion Ltd.
  [2584/4291] remaining=1707  Nahiyan Fashions Ltd.
  [2585/4291] remaining=1706  Naila Fashion (Pvt) Ltd.
  [2586/4291] remaining=1705  Naim Garments Ltd.
  [2587/4291] remaining=1704  Naks Fashion Wear Ltd.
  [2588/4291] remaining=1703  Nalin Tex Ltd.
  [2589/4291] remaining=1702  Naliza Sweaters Ltd.
  [2590/4291] remaining=1701  Nandan Apparels
  [2591/4291] remaining=1700  Nannu Apparels Limited
  [2592/4291] remaining=1699  Naomi Sweaters Ltd.
  [2593/4291] remaining=1698  NAR Sweaters Ltd.
  [2594/4291] remaining=1697  Narail Garments (Pvt) Ltd.
  [2595/4291] remaining=1696  Nasa Hitech Style Ltd.
  [2596/4291] remaining=1695  Nasrin Garments Ltd.
  [2597/4291] remaining=1694  Nassa Apparels Ltd.
  [2598/4291] remaining=1693  Nassa Apparels Ltd. U-2
  [2599/4291] remaining=1692  Nassa Basics Ltd.
  [2600/4291] remaining=1691  Nassa Fashions Ltd.
  [2600/4291]  remaining=1691  47/min  ETA 36 min
  [2601/4291] remaining=1690  Nassa Hi-Tech Wear Ltd.
  [2602/4291] remaining=1689  Nassa Knit Limited
  [2603/4291] remaining=1688  Nassa Spinners & Garments Limited
  [2604/4291] remaining=1687  Nassa Super Garments Ltd.
  [2605/4291] remaining=1686  National Apparel Co. Ltd.
  [2606/4291] remaining=1685  Natural Apparels Ltd.
  [2607/4291] remaining=1684  Natural Denims Ltd.
  [2608/4291] remaining=1683  Natural Indigo Ltd.
  [2609/4291] remaining=1682  Natural Jeans Technology Ltd.
  [2610/4291] remaining=1681  Natural Sweater Village Ltd.
  [2611/4291] remaining=1680  Natural Wool Wears Ltd.
  [2612/4291] remaining=1679  Navid Knit Fabrics Ltd.
  [2613/4291] remaining=1678  Navid Woolwears Ltd.
  [2614/4291] remaining=1677  Navy Hosiery
  [2615/4291] remaining=1676  NAZ Apparel Exports Ltd.
  [2616/4291] remaining=1675  NAZ Bangladesh Ltd.
  [2617/4291] remaining=1674  Naz Knit Wear Ltd.
  [2618/4291] remaining=1673  Naziat Sweaters Ltd.
  [2619/4291] remaining=1672  Nazifa Corporation Ltd.
  [2620/4291] remaining=1671  Nazim Fashion Ltd.
  [2620/4291]  remaining=1671  47/min  ETA 35 min
  [2621/4291] remaining=1670  Near Neat Fashion Ltd.
  [2622/4291] remaining=1669  Need Dresses (Pvt.) Ltd.
  [2623/4291] remaining=1668  Need Fashion Wear & Textile Ltd.
  [2624/4291] remaining=1667  Need Tex CTG. Ltd.
  [2625/4291] remaining=1666  Needle Drop Ltd.
  [2626/4291] remaining=1665  Needle Fashion Ltd.
  [2627/4291] remaining=1664  Needle Touch Garments Ltd.
  [2628/4291] remaining=1663  Needle-Work Ltd.
  [2629/4291] remaining=1662  Needs Fashions (Pvt.) Ltd.
  [2630/4291] remaining=1661  Nehan Dress Maker Private Ltd.
  [2631/4291] remaining=1660  Nemrac Design Ltd.
  [2632/4291] remaining=1659  Nems Apparels N Printing Ltd.
  [2633/4291] remaining=1658  Nemsan Fashion Management Ltd.
  [2634/4291] remaining=1657  Neo Fashion Ltd.
  [2635/4291] remaining=1656  Network Apparel Ltd.
  [2636/4291] remaining=1655  Network Clothing Ltd.
  [2637/4291] remaining=1654  New Asia Fashions Ltd.
  [2638/4291] remaining=1653  New Dacca Inds. Ltd.
  [2639/4291] remaining=1652  New Era Fashions MFRS. (BD) Ltd.
  [2640/4291] remaining=1651  New Fashion (NF) Ltd.
  [2640/4291]  remaining=1651  47/min  ETA 35 min
  [2641/4291] remaining=1650  New Generation Fashion Ltd.
  [2642/4291] remaining=1649  New Horizon (BD) Ltd.
  [2643/4291] remaining=1648  New Line Clothings Ltd.
  [2644/4291] remaining=1647  New Popular Knit Wear Ltd.
  [2645/4291] remaining=1646  New Prince Apparels Ltd.
  [2646/4291] remaining=1645  New Time Fashion Ltd.
  [2647/4291] remaining=1644  New Wave Apparel Ltd.
  [2648/4291] remaining=1643  New World Apparels Ltd.
  [2649/4291] remaining=1642  Newage Apparels Ltd.
  [2650/4291] remaining=1641  Newage Fashionwear Ltd.
  [2651/4291] remaining=1640  Newage Garments Ltd.
  [2652/4291] remaining=1639  Newest Fashions Ltd.
  [2653/4291] remaining=1638  Newrgy Apparel Ltd.
  [2654/4291] remaining=1637  News Style Garments Ltd.
  [2655/4291] remaining=1636  Newstar Fashions Ltd.
  [2656/4291] remaining=1635  Newtex Design Ltd.
  [2657/4291] remaining=1634  Newtex Knit Fashions Ltd.
  [2658/4291] remaining=1633  Nexgen Apparel Ltd.
  [2659/4291] remaining=1632  Next Collections Ltd.
  [2660/4291] remaining=1631  Next Composite Ltd.
  [2660/4291]  remaining=1631  47/min  ETA 35 min
  [2661/4291] remaining=1630  Next Export Zone Ltd.
  [2662/4291] remaining=1629  Nextgen Style Ltd.
  [2663/4291] remaining=1628  Nexton Ltd.
  [2664/4291] remaining=1627  Nexus Design Ltd.
  [2665/4291] remaining=1626  Nexus Fashion Ltd.
  [2666/4291] remaining=1625  Nexus Knitwear Ltd.
  [2667/4291] remaining=1624  Nexus Sweaters Inds.(Pvt) Ltd.
  [2668/4291] remaining=1623  NHK Sweaters Ltd.
  [2669/4291] remaining=1622  NHT Fashions Ltd.
  [2670/4291] remaining=1621  Niagara Textiles Ltd.
  [2671/4291] remaining=1620  Nibir Sweater Ltd.
  [2672/4291] remaining=1619  Nice Apparels Inds. Ltd.
  [2673/4291] remaining=1618  Nice Dresses (Pvt) Ltd.
  [2674/4291] remaining=1617  Nice Woven Fashion Ltd.
  [2675/4291] remaining=1616  Nightingale Fashion Ltd.
  [2676/4291] remaining=1615  Nimmi Apparels Ltd.
  [2677/4291] remaining=1614  Nipa Fashion
  [2678/4291] remaining=1613  Nipa Fashion Wear Industry Ltd.
  [2679/4291] remaining=1612  Nipa Knit Wear Company
  [2680/4291] remaining=1611  Niponika Garments Ltd.
  [2680/4291]  remaining=1611  47/min  ETA 34 min
  [2681/4291] remaining=1610  Nippon Garment Inds. Ltd.
  [2682/4291] remaining=1609  Nipun (Pte) Ltd.
  [2683/4291] remaining=1608  Nirzhor Knitwear Ltd.
  [2684/4291] remaining=1607  NKM Fashion Limited
  [2685/4291] remaining=1606  NLZ Fashion Ltd.
  [2686/4291] remaining=1605  Noba Textiles Limited
  [2687/4291] remaining=1604  Nodetex Fashions Ltd.
  [2688/4291] remaining=1603  Nofs Garments Ltd.
  [2689/4291] remaining=1602  Noman Fashion Fabrics Ltd.
  [2690/4291] remaining=1601  Noman Terry Towel Mills Ltd.
  [2691/4291] remaining=1600  Nomura Corporation Ltd.
  [2692/4291] remaining=1599  Noobass Fashion Ltd.
  [2693/4291] remaining=1598  Noor Fashion
  [2694/4291] remaining=1597  Noor Garments Ltd.
  [2695/4291] remaining=1596  Noorun Nahar Knitwear Ltd.
  [2696/4291] remaining=1595  Norban Comtex Ltd.
  [2697/4291] remaining=1594  Nordic Knit Ltd.
  [2698/4291] remaining=1593  Norp Knit Industries Ltd.
  [2699/4291] remaining=1592  Norp Knit Industries Ltd. (Unit-2)
  [2700/4291] remaining=1591  Northern Clothing Ltd.
  [2700/4291]  remaining=1591  47/min  ETA 34 min
  [2701/4291] remaining=1590  Northern Corporation Ltd.
  [2702/4291] remaining=1589  Northern Fashion Ltd.
  [2703/4291] remaining=1588  Northern Garments Ltd.
  [2704/4291] remaining=1587  Nova Apparels
  [2705/4291] remaining=1586  Novel Garments Inds. Ltd.
  [2706/4291] remaining=1585  Novel Hurricane Knit Gmts. Ltd.
  [2707/4291] remaining=1584  Novelty Sweater Ltd.
  [2708/4291] remaining=1583  Novimoda Knitwear Ltd.
  [2709/4291] remaining=1582  Nowsin Garments Inds. Ltd.
  [2710/4291] remaining=1581  NRK Fashion Ltd.
  [2711/4291] remaining=1580  NRR Fashion House
  [2712/4291] remaining=1579  NRR Jacquard Bangladesh
  [2713/4291] remaining=1578  NSR Fashion Ltd.
  [2714/4291] remaining=1577  NTtex fashion Ltd.
  [2715/4291] remaining=1576  Nucon Garments Limited
  [2716/4291] remaining=1575  Nufa Textile Ltd.
  [2717/4291] remaining=1574  Nur Enterprise Ltd.
  [2718/4291] remaining=1573  Nurani Dyeing & Sweater Ltd.
  [2719/4291] remaining=1572  Nurani Dyeing & Sweater Ltd. (Sw. Unit)
  [2720/4291] remaining=1571  Nus Apparel Ltd.
  [2720/4291]  remaining=1571  47/min  ETA 33 min
  [2721/4291] remaining=1570  Nusaifa Fashionwear Ltd.
  [2722/4291] remaining=1569  NW RMG Limited
  [2723/4291] remaining=1568  NZN Fashion Wears Ltd.
  [2724/4291] remaining=1567  NZN Garments Ltd.
  [2725/4291] remaining=1566  O-2 Apparel Ltd.
  [2726/4291] remaining=1565  O.B.A. Fashion Ltd.
  [2727/4291] remaining=1564  O'Dell Apparels Ltd.
  [2728/4291] remaining=1563  OA Knit Design Ltd.
  [2729/4291] remaining=1562  Oasis Fashion Ltd.
  [2730/4291] remaining=1561  Oasis Fashion Ltd. (Unit-2)
  [2731/4291] remaining=1560  OBA Apparels Limited
  [2732/4291] remaining=1559  Ocean & Design (BD) Ltd.
  [2733/4291] remaining=1558  Ocean Apparels
  [2734/4291] remaining=1557  Ocean Eco Apparels Ltd.
  [2735/4291] remaining=1556  Ocean Fashions Ltd.
  [2736/4291] remaining=1555  Ocean State Ltd.
  [2737/4291] remaining=1554  Ocean Sweater Ind. (Pvt.) Ltd.
  [2738/4291] remaining=1553  Ocean Trousers Ltd.
  [2739/4291] remaining=1552  Odessa Fashions Ltd.
  [2740/4291] remaining=1551  Odyssey Craft (Pvt.) Ltd.
  [2740/4291]  remaining=1551  47/min  ETA 33 min
  [2741/4291] remaining=1550  Odyssey Dresses Ltd.
  [2742/4291] remaining=1549  Off Price Clothing
  [2743/4291] remaining=1548  Oishee Apparels Limited
  [2744/4291] remaining=1547  Oishi Fashions (Pvt) Ltd.
  [2745/4291] remaining=1546  Old River Knitting Ltd.
  [2746/4291] remaining=1545  Oli Knitting Fabrics Ltd.
  [2747/4291] remaining=1544  Olio Apparels Ltd.
  [2748/4291] remaining=1543  Olira Fashions Ltd.
  [2749/4291] remaining=1542  Olympic Fashion Ltd.
  [2750/4291] remaining=1541  Omega Style Ltd.
  [2751/4291] remaining=1540  Omega Sweaters Ltd.
  [2752/4291] remaining=1539  Omi Apparels Ltd.
  [2753/4291] remaining=1538  One Composite Mills Ltd.
  [2754/4291] remaining=1537  One Piece Fashion Ltd.
  [2755/4291] remaining=1536  One Stitch Limited
  [2756/4291] remaining=1535  One Up Sweaters Ltd.
  [2757/4291] remaining=1534  Oneway Textile Ltd.
  [2758/4291] remaining=1533  Onti Knit & Dyeing Composite Mills Ltd.
  [2759/4291] remaining=1532  Onus Apparels Ltd.
  [2760/4291] remaining=1531  Onus Design Ltd.
  [2760/4291]  remaining=1531  47/min  ETA 32 min
  [2761/4291] remaining=1530  Onus Garments Ltd.
  [2762/4291] remaining=1529  Operating Theater Medical Bangladesh Co. Ltd.
  [2763/4291] remaining=1528  Opex Apparels Ltd
  [2764/4291] remaining=1527  Opex Designers Ltd.
  [2765/4291] remaining=1526  Opex Fashions Limited
  [2766/4291] remaining=1525  Opex Garments Ltd.
  [2767/4291] remaining=1524  Opex Industries Ltd.
  [2768/4291] remaining=1523  Opex Readywears Ltd.
  [2769/4291] remaining=1522  Opex Stylewear Ltd..
  [2770/4291] remaining=1521  Opex Sweaters Ltd.
  [2771/4291] remaining=1520  Optimo Jeans Ltd.
  [2772/4291] remaining=1519  Optimum Fashions Wear Ltd.
  [2773/4291] remaining=1518  Optimum Ltd.
  [2774/4291] remaining=1517  Option Knitwear Ltd.
  [2775/4291] remaining=1516  Opus Fashion Ltd.
  [2776/4291] remaining=1515  Orbid Apparels Ltd.
  [2777/4291] remaining=1514  Orbitex Knitwear Ltd.
  [2778/4291] remaining=1513  Orchard Sweaters Ltd.
  [2779/4291] remaining=1512  Orchid Garments Ltd.
  [2780/4291] remaining=1511  Orchid Styles Ltd.
  [2780/4291]  remaining=1511  47/min  ETA 32 min
  [2781/4291] remaining=1510  Orchid Sweater Ltd.
  [2782/4291] remaining=1509  Ordian Fashion Ltd.
  [2783/4291] remaining=1508  Ordinal Fashions Ltd.
  [2784/4291] remaining=1507  Organic Jeans Ltd.
  [2785/4291] remaining=1506  Organic Knit Composite Ltd.
  [2786/4291] remaining=1505  Orient Allure Knitwear Ltd.
  [2787/4291] remaining=1504  Orient Allure Lingerie Ltd.
  [2788/4291] remaining=1503  Orient Dresses Ltd.
  [2789/4291] remaining=1502  Orient Fashion Ltd.
  [2790/4291] remaining=1501  Oriental Fashion Ltd.
  [2791/4291] remaining=1500  Oriental Industrial Co. Ltd.
  [2792/4291] remaining=1499  Oriental Wool Wears Ltd.
  [2793/4291] remaining=1498  Origin Apparels Ltd.
  [2794/4291] remaining=1497  Orion Knit Textiles Limited
  [2795/4291] remaining=1496  Ornate Apparels Ltd.
  [2796/4291] remaining=1495  Ornate International Ltd.
  [2797/4291] remaining=1494  Ornate Knit Garment Industries Ltd.
  [2798/4291] remaining=1493  Ornob Fashion Wear Ltd.
  [2799/4291] remaining=1492  Orpat Sweater Ltd.
  [2800/4291] remaining=1491  Osaka Fashion Wears Ltd
  [2800/4291]  remaining=1491  47/min  ETA 32 min
  [2801/4291] remaining=1490  Ospinter Garments Ltd.
  [2802/4291] remaining=1489  Otobi Apparels (Pvt.) Ltd.
  [2803/4291] remaining=1488  Outdoor Apparels OPC
  [2804/4291] remaining=1487  Outfit Apparels Ltd.
  [2805/4291] remaining=1486  Outfit Designs Limited
  [2806/4291] remaining=1485  Outfit Dresses Ltd.
  [2807/4291] remaining=1484  Outfit Kings Ltd.
  [2808/4291] remaining=1483  Outright Fashion Ltd.
  [2809/4291] remaining=1482  Outwear Fashion Ltd.
  [2810/4291] remaining=1481  Owing Apparels Ltd.
  [2811/4291] remaining=1480  Own-Kim Sweater's Ltd.
  [2812/4291] remaining=1479  Oxford Knit Composite Ltd.
  [2813/4291] remaining=1478  Oxford Shirts Ltd.
  [2814/4291] remaining=1477  P & G Textile Ltd.
  [2815/4291] remaining=1476  P & O Attires Ltd.
  [2816/4291] remaining=1475  P.A. Knit Composite Ltd.
  [2817/4291] remaining=1474  P.H.S. Fashion
  [2818/4291] remaining=1473  P.L Purification Garments Ltd.
  [2819/4291] remaining=1472  P.N. Composite Ltd.
  [2820/4291] remaining=1471  Pabna Garments Ltd.
  [2820/4291]  remaining=1471  47/min  ETA 31 min
  [2821/4291] remaining=1470  Pacific A-1 Sweater Ltd.
  [2822/4291] remaining=1469  Pacific Attires Limited
  [2823/4291] remaining=1468  Pacific Blue (Jeans Wear) Ltd.
  [2824/4291] remaining=1467  Pacific Casuals Ltd.
  [2825/4291] remaining=1466  Pacific Cotton Ltd.
  [2826/4291] remaining=1465  Pacific Export
  [2827/4291] remaining=1464  Pacific Fibre Corporation Ltd.
  [2828/4291] remaining=1463  Pacific Jeans Ltd.
  [2829/4291] remaining=1462  Pacific Knitex Limited
  [2830/4291] remaining=1461  Pacific Sweaters Ltd.
  [2831/4291] remaining=1460  Pacific Winterwear Ltd.
  [2832/4291] remaining=1459  Pacific Workwears Limited
  [2833/4291] remaining=1458  Pack-Saas (BD) Ltd.
  [2834/4291] remaining=1457  Packers Garments Inds. Ltd.
  [2835/4291] remaining=1456  Paddock's Jeans Ltd.
  [2836/4291] remaining=1455  Padma Apparels Industry Limited
  [2837/4291] remaining=1454  Padma Polycotton Knit Fabrics Ltd.
  [2838/4291] remaining=1453  Padma Satel Arab Fashions Ltd.
  [2839/4291] remaining=1452  Padma Sweaters Ltd.
  [2840/4291] remaining=1451  Padma Wears Ltd.
  [2840/4291]  remaining=1451  47/min  ETA 31 min
  [2841/4291] remaining=1450  Paff Fashion Ltd.
  [2842/4291] remaining=1449  Pakiza Knit Composite Ltd.
  [2843/4291] remaining=1448  Pakiza Woven Fashion Ltd.
  [2844/4291] remaining=1447  Pan Pacific Sweaters Ltd.
  [2845/4291] remaining=1446  Pan-Mark Apparels (Pvt) Ltd.
  [2846/4291] remaining=1445  Panache Knitted Creations Ltd.
  [2847/4291] remaining=1444  Panagea Fashion Wear Ltd.
  [2848/4291] remaining=1443  Panasia Clothing Ltd.
  [2849/4291] remaining=1442  Panasia Sweaters Ltd.
  [2850/4291] remaining=1441  Pandemic Fashions Ltd.
  [2851/4291] remaining=1440  Pandora Fashion Ltd.
  [2852/4291] remaining=1439  Pandora Sweaters Ltd.
  [2853/4291] remaining=1438  Panorama Apparels Ltd.
  [2854/4291] remaining=1437  Panorama Garments Ltd.
  [2855/4291] remaining=1436  Panshi Knit (Pvt.) Ltd.
  [2856/4291] remaining=1435  Pantaloon Design Ltd.
  [2857/4291] remaining=1434  Pantaloon Fashion Ltd.
  [2858/4291] remaining=1433  Pantaloon Jeans Ltd.
  [2859/4291] remaining=1432  Pantex Dresses Ltd.
  [2860/4291] remaining=1431  Pantex Sweaters Ltd.
  [2860/4291]  remaining=1431  47/min  ETA 30 min
  [2861/4291] remaining=1430  Panwin Designs Ltd.
  [2862/4291] remaining=1429  Panwin Fashions Ltd.
  [2863/4291] remaining=1428  Panwin Garments Ltd.
  [2864/4291] remaining=1427  Parade International Ltd.
  [2865/4291] remaining=1426  Paradise Dresses Ltd.
  [2866/4291] remaining=1425  Paradise Fashions (Pvt). Ltd.
  [2867/4291] remaining=1424  Paradise Hi-Design Ltd.
  [2868/4291] remaining=1423  Paramount Knitting Ltd.
  [2869/4291] remaining=1422  Parba Fashion Ltd.
  [2870/4291] remaining=1421  Pardon Attire Export Limited
  [2871/4291] remaining=1420  Parents Apparel
  [2872/4291] remaining=1419  Parents Garments Ltd.
  [2873/4291] remaining=1418  Parents Sweater Ltd.
  [2874/4291] remaining=1417  Parity Fashion Ltd.
  [2875/4291] remaining=1416  Parity Garments Ltd.
  [2876/4291] remaining=1415  Park S K Textile Limited
  [2877/4291] remaining=1414  Parkscene Bangladesh Ltd.
  [2878/4291] remaining=1413  Parkstar Apparel Ltd.
  [2879/4291] remaining=1412  Parkview Dresses Ltd.
  [2880/4291] remaining=1411  Pasha Denims Ltd.
  [2880/4291]  remaining=1411  47/min  ETA 30 min
  [2881/4291] remaining=1410  Pashmina Sweater Ltd.
  [2882/4291] remaining=1409  Passion Apparels & Wears Ltd.
  [2883/4291] remaining=1408  Passion Jeans Ltd.
  [2884/4291] remaining=1407  Pastel Apparels Ltd.
  [2885/4291] remaining=1406  Patrician Knit Wears Ltd.
  [2886/4291] remaining=1405  Patriot Eco Apparel Ltd.
  [2887/4291] remaining=1404  Patriot Garments Ltd.
  [2888/4291] remaining=1403  Pawla Knitwear (Pvt.) Ltd.
  [2889/4291] remaining=1402  Paxko Limited
  [2890/4291] remaining=1401  Payra Fashion Wear Ltd.
  [2891/4291] remaining=1400  Peacock Garments & Print
  [2892/4291] remaining=1399  Peak Apparels Ltd.
  [2893/4291] remaining=1398  Peak Headwear And Apparels BD Ltd.
  [2894/4291] remaining=1397  Pearl Garments Company Ltd.
  [2895/4291] remaining=1396  Pearl Prince Apparels Ltd.
  [2896/4291] remaining=1395  Pearls & Pouce Ltd.
  [2897/4291] remaining=1394  Peerage Knitwear Ltd.
  [2898/4291] remaining=1393  Peerless Garments Ltd.
  [2899/4291] remaining=1392  Peerless International Ltd.
  [2900/4291] remaining=1391  Pegasi Textiles Ltd.
  [2900/4291]  remaining=1391  47/min  ETA 30 min
  [2901/4291] remaining=1390  Peninsula Garments Limited
  [2902/4291] remaining=1389  Penny Design Knitwear
  [2903/4291] remaining=1388  Penta Forth Apparels Ltd.
  [2904/4291] remaining=1387  Pentagon Apparels Ltd.
  [2905/4291] remaining=1386  Pentagon Knit Com. Ltd.
  [2906/4291] remaining=1385  Peoples Fashion Limited
  [2907/4291] remaining=1384  Perag Sock Inds. Ltd.
  [2908/4291] remaining=1383  Perfect Fashion
  [2909/4291] remaining=1382  Perfect Fashion Knit Ind. Ltd.
  [2910/4291] remaining=1381  Perfect Fashions Ltd.
  [2911/4291] remaining=1380  Perfect Sweaters Limited.
  [2912/4291] remaining=1379  Perigon Trading Company
  [2913/4291] remaining=1378  PERKZ Denims Ltd.
  [2914/4291] remaining=1377  Petrified Tex
  [2915/4291] remaining=1376  Philadelphia Apparels Ltd.
  [2916/4291] remaining=1375  Piangka Fashion Ltd.
  [2917/4291] remaining=1374  Pimkie Apparels Ltd.
  [2918/4291] remaining=1373  Pinaki Garments Ltd.
  [2919/4291] remaining=1372  Pinaki-Seha Inds. Ltd.
  [2920/4291] remaining=1371  Pinery Textile Ltd.
  [2920/4291]  remaining=1371  47/min  ETA 29 min
  [2921/4291] remaining=1370  Pink Maker Garments ltd.
  [2922/4291] remaining=1369  Pioneer Apparels Ltd.
  [2923/4291] remaining=1368  Pioneer Casual Wear Ltd.
  [2924/4291] remaining=1367  Pioneer Denim Ltd.
  [2925/4291] remaining=1366  Pioneer Dresses Ltd.
  [2926/4291] remaining=1365  Pioneer Knit Fashion Ltd.
  [2927/4291] remaining=1364  Pioneer Knitwears (BD) Ltd.
  [2928/4291] remaining=1363  Piran Garments (Pvt.) Ltd.
  [2929/4291] remaining=1362  Plantinum Apparel Manufacturing Co
  [2930/4291] remaining=1361  Platinum Creations & Designs Ltd.
  [2931/4291] remaining=1360  Platinum Garments Ltd.
  [2932/4291] remaining=1359  Pleiades Inds. Ltd.
  [2933/4291] remaining=1358  Plume-Tex Sweater Ltd.
  [2934/4291] remaining=1357  Plummy Fashions Ltd.
  [2935/4291] remaining=1356  Pole Star Fashion Design Ltd.
  [2936/4291] remaining=1355  Pole Star Fashion Ltd.
  [2937/4291] remaining=1354  Polite Apparels Ltd.
  [2938/4291] remaining=1353  Polka Dots Fashion Ltd.
  [2939/4291] remaining=1352  Polo Composite Knit Industry Ltd.
  [2940/4291] remaining=1351  Polygon Fashion Ltd.
  [2940/4291]  remaining=1351  47/min  ETA 29 min
  [2941/4291] remaining=1350  Polymer Knitwear Inds. Ltd.
  [2942/4291] remaining=1349  Pomp and Veil Ltd.
  [2943/4291] remaining=1348  Porter & Co. Bangladesh Ltd.
  [2944/4291] remaining=1347  Portland Textile Limited
  [2945/4291] remaining=1346  Posh Garments Ltd.
  [2946/4291] remaining=1345  Posmi Sweaters Ltd.
  [2947/4291] remaining=1344  Power Hi-Tech Apparels Ltd.
  [2948/4291] remaining=1343  Power Vantage Wear Ltd.
  [2949/4291] remaining=1342  Powertex Fashions Ltd.
  [2950/4291] remaining=1341  PQRS Garments Ltd.
  [2951/4291] remaining=1340  Pratik Apparels Ltd.
  [2952/4291] remaining=1339  Precious Apparels Ltd.
  [2953/4291] remaining=1338  Precision Knitting System Ltd.
  [2954/4291] remaining=1337  Prefix Fashions Limited
  [2955/4291] remaining=1336  Premier Fashion Wear (Pvt) Ltd.
  [2956/4291] remaining=1335  Premier Style Ltd.
  [2957/4291] remaining=1334  Presentation Apparels Ltd.
  [2958/4291] remaining=1333  Pretom Fashion Wear
  [2959/4291] remaining=1332  Pretty Dressers Ltd.
  [2960/4291] remaining=1331  Pretty Sweaters Ltd.
  [2960/4291]  remaining=1331  47/min  ETA 28 min
  [2961/4291] remaining=1330  Prima Concept Ltd.
  [2962/4291] remaining=1329  Prima Garments (Pvt) Ltd.
  [2963/4291] remaining=1328  Prime Cap (BD) Ltd.
  [2964/4291] remaining=1327  Prime Garments Ltd.
  [2965/4291] remaining=1326  Prime Jeans Culture Ltd.
  [2966/4291] remaining=1325  Prime Jeans Fashion Ltd.
  [2967/4291] remaining=1324  Prime Sweaters Ltd.
  [2968/4291] remaining=1323  Primordial Ltd.
  [2969/4291] remaining=1322  Prince Garments (Pvt). Ltd.
  [2970/4291] remaining=1321  Prince High Design Ltd.
  [2971/4291] remaining=1320  Prince Jacquard Sweater Ltd.
  [2972/4291] remaining=1319  Prince Knit Composite
  [2973/4291] remaining=1318  Pritam Fashion Wear (Pvt.) Ltd.
  [2974/4291] remaining=1317  Pritha Fashions Ltd.
  [2975/4291] remaining=1316  Priyam Fashion Ltd.
  [2976/4291] remaining=1315  Priyam Garments Ltd.
  [2977/4291] remaining=1314  Pro Makers Sweater Ind. Ltd.
  [2978/4291] remaining=1313  Probridhi Apparels Ltd.
  [2979/4291] remaining=1312  Prochesta Knit Textiles Ltd.
  [2980/4291] remaining=1311  Progga Fashion Ltd.
  [2980/4291]  remaining=1311  47/min  ETA 28 min
  [2981/4291] remaining=1310  Progress Apparels (Bangladesh) Ltd.
  [2982/4291] remaining=1309  Progressive Apparels Ind. Ltd.
  [2983/4291] remaining=1308  Prominent Apparels
  [2984/4291] remaining=1307  Prominent Apparels Ltd.
  [2985/4291] remaining=1306  Promod Knit Wear Ltd.
  [2986/4291] remaining=1305  Proshmoni Sweater Ltd.
  [2987/4291] remaining=1304  Prostar Apparels Ltd.
  [2988/4291] remaining=1303  Prostar Industrial Co. Ltd.
  [2989/4291] remaining=1302  Prostar Knitted Hats & Gloves Mfg. Ltd.
  [2990/4291] remaining=1301  Protex Garments Ltd
  [2991/4291] remaining=1300  Proud Textile
  [2992/4291] remaining=1299  Provatex Apparels Ltd.
  [2993/4291] remaining=1298  Provati Apparels Ltd.
  [2994/4291] remaining=1297  PRS Apparels Ltd.
  [2995/4291] remaining=1296  Prudent Fashions Limited
  [2996/4291] remaining=1295  PSR Apparels Ltd.
  [2997/4291] remaining=1294  Pullman Knitwear (Pvt.) Ltd.
  [2998/4291] remaining=1293  Puratan Mouvasha Fashion
  [2999/4291] remaining=1292  PURBA APPARELS LIMITED
  [3000/4291] remaining=1291  Purbachal Apparel Ltd.
  [3000/4291]  remaining=1291  47/min  ETA 27 min
  [3001/4291] remaining=1290  Purbani Fashion Ltd.
  [3002/4291] remaining=1289  Purbasha Composite Tex Ltd.
  [3003/4291] remaining=1288  Purna Fashion Ltd.
  [3004/4291] remaining=1287  Purnata Fashion Ltd.
  [3005/4291] remaining=1286  Purnima Apparels Ltd.
  [3006/4291] remaining=1285  Purplix Apparels Ltd.
  [3007/4291] remaining=1284  Pusan Bangladesh Ltd.
  [3008/4291] remaining=1283  Pyramid Apparels Ltd.
  [3009/4291] remaining=1282  Q Tex Apparels
  [3010/4291] remaining=1281  Q-Point Fashions Ltd.
  [3011/4291] remaining=1280  Q&K Apparels
  [3012/4291] remaining=1279  Qayium Garments
  [3013/4291] remaining=1278  QS Tex Knitwear Ltd.
  [3014/4291] remaining=1277  QSL.S Garment Co., Ltd.
  [3015/4291] remaining=1276  Quality Apparels
  [3016/4291] remaining=1275  Quality Assured Ltd.
  [3017/4291] remaining=1274  Quality Fashion Wear Ltd.
  [3018/4291] remaining=1273  Quality Leader Ltd.
  [3019/4291] remaining=1272  Quattro Fashion Ltd.
  [3020/4291] remaining=1271  Quazi Abedin Tex Ltd.
  [3020/4291]  remaining=1271  47/min  ETA 27 min
  [3021/4291] remaining=1270  R. N. Knit Tex Ltd.
  [3022/4291] remaining=1269  R. Tex Fashion Ltd.
  [3023/4291] remaining=1268  R.A. Dyeing & Printing Inds.(Pvt) Ltd.
  [3024/4291] remaining=1267  R.B. Industries Ltd.
  [3025/4291] remaining=1266  R.D.M. Apparels Ltd.
  [3026/4291] remaining=1265  R.H. Attire Ltd.
  [3027/4291] remaining=1264  R.J. Garments Ltd.
  [3028/4291] remaining=1263  R.M. Fashions Ltd.
  [3029/4291] remaining=1262  R.R. Acrylic Ltd.
  [3030/4291] remaining=1261  R.R. Apparels Ltd.
  [3031/4291] remaining=1260  R.R. Sweaters Ltd.
  [3032/4291] remaining=1259  R.S. Fabrics & Designers
  [3033/4291] remaining=1258  R.S. Knit Wears (Pvt.) Ltd.
  [3034/4291] remaining=1257  R.S. Sweater (Pvt) Ltd.
  [3035/4291] remaining=1256  R.S.B. Industrial Ltd.
  [3036/4291] remaining=1255  R.S.I. Apparels Ltd.
  [3037/4291] remaining=1254  R.T. Classics Ltd.
  [3038/4291] remaining=1253  R.T. Fashion
  [3039/4291] remaining=1252  R&G (BD) Garment Co., Ltd.
  [3040/4291] remaining=1251  Raan Fashions
  [3040/4291]  remaining=1251  47/min  ETA 27 min
  [3041/4291] remaining=1250  Raar Sweaters Ltd.
  [3042/4291] remaining=1249  Rabab Fashion Ind. Ltd.
  [3043/4291] remaining=1248  Radial International Ltd.
  [3044/4291] remaining=1247  Radial International Ltd. (Unit-2)
  [3045/4291] remaining=1246  Radiance Fashion Ltd.
  [3046/4291] remaining=1245  Radiance Jeans Ltd.
  [3047/4291] remaining=1244  Radiance Knitwears Ltd.
  [3048/4291] remaining=1243  Radiant Apparel
  [3049/4291] remaining=1242  Radiant Sweater Industries Ltd.
  [3050/4291] remaining=1241  Radical Design Ltd.
  [3051/4291] remaining=1240  Radission Garments Ltd.
  [3052/4291] remaining=1239  Radisson Apparels Ltd.
  [3053/4291] remaining=1238  Radisson Casual Wear Ltd.
  [3054/4291] remaining=1237  Radix Collections Ltd.
  [3055/4291] remaining=1236  Radix Garments
  [3056/4291] remaining=1235  Radix Limited
  [3057/4291] remaining=1234  Rafayet Fabrics Ltd.
  [3058/4291] remaining=1233  Rafee Apparels Ltd.
  [3059/4291] remaining=1232  Rafi Knitwear Ltd.
  [3060/4291] remaining=1231  Rafi Texmode Ltd.
  [3060/4291]  remaining=1231  47/min  ETA 26 min
  [3061/4291] remaining=1230  Rafia Apparels Ltd.
  [3062/4291] remaining=1229  Rafin Knitwears Ltd.
  [3063/4291] remaining=1228  Ragadi Textile Ltd.
  [3064/4291] remaining=1227  Rahima Garments Ltd.
  [3065/4291] remaining=1226  Rahimaaziz Knitspin Limited
  [3066/4291] remaining=1225  Rahman Knit Garments Ltd. (Unit-2)
  [3067/4291] remaining=1224  Rahman Sports Wear
  [3068/4291] remaining=1223  Rahmat Fashion Wear Ltd.
  [3069/4291] remaining=1222  Rahmat Sweaters (BD) Ltd.
  [3070/4291] remaining=1221  Rahtex Industries Ltd.
  [3071/4291] remaining=1220  Raidha Collections Ltd.
  [3072/4291] remaining=1219  Raihan Apparels Ltd.
  [3073/4291] remaining=1218  Raiment Calif
  [3074/4291] remaining=1217  Raina Fashion
  [3075/4291] remaining=1216  Rainbow Attire Ltd.
  [3076/4291] remaining=1215  Raisa Fashions Ltd.
  [3077/4291] remaining=1214  Raiyan Knit Composite Ltd.
  [3078/4291] remaining=1213  Rajdhani Apparels Ltd.
  [3079/4291] remaining=1212  Rajmoni Apparels (Pvt) Ltd.
  [3080/4291] remaining=1211  Ralex Industries Ltd.
  [3080/4291]  remaining=1211  47/min  ETA 26 min
  [3081/4291] remaining=1210  RAM Apparel Ltd.
  [3082/4291] remaining=1209  Ramisa's Fashions Ltd.
  [3083/4291] remaining=1208  Rancon Sweaters Ltd.
  [3084/4291] remaining=1207  RANL Designer Limited
  [3085/4291] remaining=1206  Ranudi Fashion Apparels Ltd.
  [3086/4291] remaining=1205  Rao Fashion Wear Ltd.
  [3087/4291] remaining=1204  Rao Garments (Pvt) Ltd. (U-1)
  [3088/4291] remaining=1203  Raonaf Apparels
  [3089/4291] remaining=1202  Raozan Sweater Ltd.
  [3090/4291] remaining=1201  Rapid Design Ltd.
  [3091/4291] remaining=1200  Raquef Apparels Washing & Pack.Inds Ltd
  [3092/4291] remaining=1199  Rashad Industries (Pvt) Ltd.
  [3093/4291] remaining=1198  Rasheda Apparels Limited
  [3094/4291] remaining=1197  Ratool Apparels Ltd.
  [3095/4291] remaining=1196  Ratul Fabrics Ltd.
  [3096/4291] remaining=1195  Ratul Garments
  [3097/4291] remaining=1194  Ratul Knit Wears Ltd.
  [3098/4291] remaining=1193  Rawan Fashion Ltd.
  [3099/4291] remaining=1192  Razzak Textile Mills Limited
  [3100/4291] remaining=1191  RBSR Fashions Ltd.
  [3100/4291]  remaining=1191  47/min  ETA 25 min
  [3101/4291] remaining=1190  Ready Knit Apparels Ltd.
  [3102/4291] remaining=1189  Reaz Export Apparels Ltd.
  [3103/4291] remaining=1188  Reaz Knitwear Ltd.
  [3104/4291] remaining=1187  Recent Fashions Limited
  [3105/4291] remaining=1186  Red & Green Textile Ltd.
  [3106/4291] remaining=1185  Redpoint Jackets Ltd.
  [3107/4291] remaining=1184  Redwan Tex & Apparels Ltd.
  [3108/4291] remaining=1183  Reedisha Knitex Ltd.
  [3109/4291] remaining=1182  Reedisha Texstripe Ltd.
  [3110/4291] remaining=1181  Refat Garments Ltd.
  [3111/4291] remaining=1180  Regal Garments Ltd.
  [3112/4291] remaining=1179  Regency Garments Ltd.
  [3113/4291] remaining=1178  Regency Three Ltd.
  [3114/4291] remaining=1177  Regent Textile Mills Ltd.
  [3115/4291] remaining=1176  Rehan International Ltd.
  [3116/4291] remaining=1175  Relatives Fashions Ltd.
  [3117/4291] remaining=1174  Reliance Apparel Ltd.
  [3118/4291] remaining=1173  Reliance Denim Inds. Ltd.
  [3119/4291] remaining=1172  Reliance Dresses Ltd.
  [3120/4291] remaining=1171  Reliant Lingeries Ltd.
  [3120/4291]  remaining=1171  47/min  ETA 25 min
  [3121/4291] remaining=1170  Remi Holdings Ltd.
  [3122/4291] remaining=1169  Remix Collections Ltd.
  [3123/4291] remaining=1168  Renaissance Apparels Ltd.
  [3124/4291] remaining=1167  Renaissance Barind Lt.
  [3125/4291] remaining=1166  Renown Apparels Ltd.
  [3126/4291] remaining=1165  REO Sweaters Limited
  [3127/4291] remaining=1164  Replica Creations Ltd.
  [3128/4291] remaining=1163  Reu Fashion Ltd.
  [3129/4291] remaining=1162  Rey-Tex Fashion Wears Ltd.
  [3130/4291] remaining=1161  Reza Fashions Ltd.
  [3131/4291] remaining=1160  Rezaul Apparels (Pvt.) Ltd.
  [3132/4291] remaining=1159  RF Textile Inds. Ltd.
  [3133/4291] remaining=1158  RGR Sweater Ltd.
  [3134/4291] remaining=1157  Rhine Dress Ltd.
  [3135/4291] remaining=1156  Rhymer Apparel Ltd.
  [3136/4291] remaining=1155  Rhythm Apparels Ltd.
  [3137/4291] remaining=1154  Rhythm Fashion Ltd.
  [3138/4291] remaining=1153  Rhythm Garments Ltd.
  [3139/4291] remaining=1152  Rich Cotton Apparels Limited
  [3140/4291] remaining=1151  Richman Apparels Ltd.
  [3140/4291]  remaining=1151  47/min  ETA 24 min
  [3141/4291] remaining=1150  Richway Fashions Ltd.
  [3142/4291] remaining=1149  Richway Garments Ltd.
  [3143/4291] remaining=1148  Richway Ltd.
  [3144/4291] remaining=1147  Rider Fashions Ltd.
  [3145/4291] remaining=1146  Ridoy Rifat Industries Limited
  [3146/4291] remaining=1145  Ridwan Fashions Ltd.
  [3147/4291] remaining=1144  Rifat & Sifat Apparels Ltd.
  [3148/4291] remaining=1143  Rime Apparels Ltd.
  [3149/4291] remaining=1142  Rimi Apparels Ltd.
  [3150/4291] remaining=1141  RIO Design Ltd.
  [3151/4291] remaining=1140  RIO Fashion Wear Ltd.
  [3152/4291] remaining=1139  Rio Leaf Ltd.
  [3153/4291] remaining=1138  Ripon Knitwear Ltd.
  [3154/4291] remaining=1137  Rishal Garments Ltd.
  [3155/4291] remaining=1136  Rising Apparels Ltd.
  [3156/4291] remaining=1135  Rising Fashions Ltd.
  [3157/4291] remaining=1134  Rising Knit Textiles Ltd.
  [3158/4291] remaining=1133  Risingtex Fashion Ltd.
  [3159/4291] remaining=1132  Rita Textile (Pvt) Ltd.
  [3160/4291] remaining=1131  Ritz Fashions Ltd.
  [3160/4291]  remaining=1131  47/min  ETA 24 min
  [3161/4291] remaining=1130  Ritzy Apparels Ltd.
  [3162/4291] remaining=1129  Ritzy Knit Designs Ltd.
  [3163/4291] remaining=1128  River Side Sweaters Ltd.
  [3164/4291] remaining=1127  Riverside Apparels Ltd.
  [3165/4291] remaining=1126  Riverstar Fashion Wear Ltd.
  [3166/4291] remaining=1125  Rizvi Fashions Ltd.
  [3167/4291] remaining=1124  RKH Apparels Ltd.
  [3168/4291] remaining=1123  RKM Apparels Ltd.
  [3169/4291] remaining=1122  RL Apparels Limited
  [3170/4291] remaining=1121  RL Denim Limited
  [3171/4291] remaining=1120  RM Knitwear Pvt. Ltd.
  [3172/4291] remaining=1119  RMM Knit Clothing Ltd.
  [3173/4291] remaining=1118  RMM Sweaters Ltd.
  [3174/4291] remaining=1117  RMW Fashionwear Ltd.
  [3175/4291] remaining=1116  RNK Apparels Ltd.
  [3176/4291] remaining=1115  RNP Export & Import Ltd.
  [3177/4291] remaining=1114  Rnsco Sweaters Ltd.
  [3178/4291] remaining=1113  Roar Fashion Ltd.
  [3179/4291] remaining=1112  Robin Knit Wear Ltd.
  [3180/4291] remaining=1111  Robintex (Bangladesh) Ltd.
  [3180/4291]  remaining=1111  47/min  ETA 24 min
  [3181/4291] remaining=1110  Rock & Rool Apparel Ltd.
  [3182/4291] remaining=1109  Rocky Knitting Mills (Pvt) Ltd.
  [3183/4291] remaining=1108  Roddur Apparels Ltd.
  [3184/4291] remaining=1107  Rohan Fashion
  [3185/4291] remaining=1106  Romo Design Today
  [3186/4291] remaining=1105  Romo Fashion
  [3187/4291] remaining=1104  Romo Fashion Today Ltd.
  [3188/4291] remaining=1103  Rong Rui Garments BD Ltd.
  [3189/4291] remaining=1102  Rongdhonu Sweater Ltd.
  [3190/4291] remaining=1101  Ronobest Apparels Ltd.
  [3191/4291] remaining=1100  Ronson Knitting Ltd.
  [3192/4291] remaining=1099  Root Apparels Ltd.
  [3193/4291] remaining=1098  Roots Fashions Ltd.
  [3194/4291] remaining=1097  Rose & Sons Fashion Ltd.
  [3195/4291] remaining=1096  Rose Bally Toy Industries Limited
  [3196/4291] remaining=1095  Rose Fashion Ltd.
  [3197/4291] remaining=1094  Rose Garden Apparels Ltd.
  [3198/4291] remaining=1093  Rose Intimates Ltd.
  [3199/4291] remaining=1092  Rose Sweater Ltd.
  [3200/4291] remaining=1091  Rose Sweaters Ltd. (U-2)
  [3200/4291]  remaining=1091  47/min  ETA 23 min
  [3201/4291] remaining=1090  Rose Valley Fashion Ltd.
  [3202/4291] remaining=1089  Rowa Fashions Ltd.
  [3203/4291] remaining=1088  Rownak Textile Mills Limited
  [3204/4291] remaining=1087  Rowshan Apparels Ltd.
  [3205/4291] remaining=1086  Royal Fashions Limited
  [3206/4291] remaining=1085  Rozi Fashion Ltd.
  [3207/4291] remaining=1084  RP Creations & Apparels Ltd.
  [3208/4291] remaining=1083  RPM Garments Ltd.
  [3209/4291] remaining=1082  RR Apparels
  [3210/4291] remaining=1081  Rudmila Knitwear Ltd.
  [3211/4291] remaining=1080  Ruhila Garments
  [3212/4291] remaining=1079  Ruhul Garments Ltd.
  [3213/4291] remaining=1078  Ruma Garments Wear Ltd.
  [3214/4291] remaining=1077  Ruma Import & Export Limited
  [3215/4291] remaining=1076  Rumana Fashion Ltd.
  [3216/4291] remaining=1075  Running Fashion Ltd. (Unit-2)
  [3217/4291] remaining=1074  Running Fashion Wear Ltd.
  [3218/4291] remaining=1073  Rupa Apparels Ltd.
  [3219/4291] remaining=1072  Rupa Fabrics Ltd.
  [3220/4291] remaining=1071  Rupa Knitwear (Pvt) Ltd.
  [3220/4291]  remaining=1071  47/min  ETA 23 min
  [3221/4291] remaining=1070  Rupa Sweater (Pvt.) Ltd.
  [3222/4291] remaining=1069  Rupa Woolwear Ltd.
  [3223/4291] remaining=1068  Rupali Garments
  [3224/4291] remaining=1067  Rupashi Fabrics Complex (Pvt) Ltd.
  [3225/4291] remaining=1066  Rupashi Knit Wears Ltd.
  [3226/4291] remaining=1065  Rupkatha Apparels Ltd.
  [3227/4291] remaining=1064  Russel Apparels
  [3228/4291] remaining=1063  Russel Garments
  [3229/4291] remaining=1062  Ryan Knit Ltd.
  [3230/4291] remaining=1061  S & S Swimwear Ltd.
  [3231/4291] remaining=1060  S M Sourcing
  [3232/4291] remaining=1059  S Plus Composite Ltd.
  [3233/4291] remaining=1058  S-21 Apparels Ltd.
  [3234/4291] remaining=1057  S-Six Fashions (Pvt) Ltd.
  [3235/4291] remaining=1056  S. Alam Knitting
  [3236/4291] remaining=1055  S. B. Style Composite Ltd.
  [3237/4291] remaining=1054  S. Nahar Garments & Textile Mills Ltd.
  [3238/4291] remaining=1053  S. Suhi Ind. Park Knit Composite Ltd.
  [3239/4291] remaining=1052  S. Suhi Industrial Park Ltd.
  [3240/4291] remaining=1051  S.A. Apparel Ltd.
  [3240/4291]  remaining=1051  47/min  ETA 22 min
  [3241/4291] remaining=1050  S.A. Rahman Sweater Factory Ltd.
  [3242/4291] remaining=1049  S.B. Designs Ltd.
  [3243/4291] remaining=1048  S.B. Fashion Garments Ltd.
  [3244/4291] remaining=1047  S.B. Fashions Garments
  [3245/4291] remaining=1046  S.D.S. International Ltd.
  [3246/4291] remaining=1045  S.F. Apparels Ltd.
  [3247/4291] remaining=1044  S.F. Denim Apparels Ltd.
  [3248/4291] remaining=1043  S.F. Fashion Wears Ltd.
  [3249/4291] remaining=1042  S.F. Jeans Ltd.
  [3250/4291] remaining=1041  S.I Knit Composite Ltd.
  [3251/4291] remaining=1040  S.I. Knitting Ltd.
  [3252/4291] remaining=1039  S.Islam Home & Fashion Ltd.
  [3253/4291] remaining=1038  S.K.R. Attire Ltd.
  [3254/4291] remaining=1037  S.M.I. Productions (Pvt) Ltd.
  [3255/4291] remaining=1036  S.N. Sports Wear Ltd.
  [3256/4291] remaining=1035  S.R.S. Fashions (Pvt.) Ltd.
  [3257/4291] remaining=1034  S.S. Cotton Fabrics Ltd.
  [3258/4291] remaining=1033  S.S. Fashion
  [3259/4291] remaining=1032  S.S. International (BD)
  [3260/4291] remaining=1031  S.S. Sweater Ltd.
  [3260/4291]  remaining=1031  47/min  ETA 22 min
  [3261/4291] remaining=1030  S2L Fshions (Pvt.) Ltd.
  [3262/4291] remaining=1029  SA Moon Fashions (Pvt) Ltd.
  [3263/4291] remaining=1028  Saad Exim International Ltd.
  [3264/4291] remaining=1027  Saad Musa Fabrics Ltd. (U-3)
  [3265/4291] remaining=1026  Saad Musa Fabrics Ltd. U-2 (Home Tex)
  [3266/4291] remaining=1025  Saad Musa Hometex & Clothing Ltd.
  [3267/4291] remaining=1024  Saad Nobin Fashion Ltd.
  [3268/4291] remaining=1023  Saad Sewing Ltd.
  [3269/4291] remaining=1022  Saadatia Sweaters Ltd.
  [3270/4291] remaining=1021  Saasco Garments Ltd.
  [3271/4291] remaining=1020  Saascotex (BD) Ltd.
  [3272/4291] remaining=1019  Sababa Apparels
  [3273/4291] remaining=1018  Sabarang Fashions Ltd.
  [3274/4291] remaining=1017  Sabit Sports Wear Ltd.
  [3275/4291] remaining=1016  Sadaf Fashions Ltd.
  [3276/4291] remaining=1015  Sadat Outwears
  [3277/4291] remaining=1014  Sadia Apparels Ltd.
  [3278/4291] remaining=1013  Sadia Fashion Wears Ltd.
  [3279/4291] remaining=1012  Sadia Garments Ltd.
  [3280/4291] remaining=1011  Sadia Style Wear Ltd.
  [3280/4291]  remaining=1011  47/min  ETA 22 min
  [3281/4291] remaining=1010  Sadma Fashion Wear Ltd.
  [3282/4291] remaining=1009  Sadman Fashion Ltd.
  [3283/4291] remaining=1008  Safa Fashionwear Ltd.
  [3284/4291] remaining=1007  Safa Knit Wear Ltd.
  [3285/4291] remaining=1006  Safaa Sweaters Ltd.
  [3286/4291] remaining=1005  Safwan Composite Ltd.
  [3287/4291] remaining=1004  Safwan Fashions Ltd.
  [3288/4291] remaining=1003  Safwan Garments Ltd.
  [3289/4291] remaining=1002  Sag Fashion Ltd.
  [3290/4291] remaining=1001  Sagacious Fashions Ltd.
  [3291/4291] remaining=1000  Sahaba Yarn Ltd.
  [3292/4291] remaining=999  Saiham Knit Composite Ltd.
  [3293/4291] remaining=998  Sailor Moon Sweater Ltd.
  [3294/4291] remaining=997  Sainik Knit Composite Ltd.
  [3295/4291] remaining=996  Saint Garments Ltd.
  [3296/4291] remaining=995  Saj Knit Designs Ltd.
  [3297/4291] remaining=994  Sajib Fashion Wear Ltd.
  [3298/4291] remaining=993  Sajib Knitwear & Garments Ltd.
  [3299/4291] remaining=992  Sajukin Apparels Ltd.
  [3300/4291] remaining=991  Sakib Garments Ltd.
  [3300/4291]  remaining=991  47/min  ETA 21 min
  [3301/4291] remaining=990  Sakoatex Ltd.
  [3302/4291] remaining=989  Sal Textile Ind. Ltd.
  [3303/4291] remaining=988  Salam Apparels Ltd.
  [3304/4291] remaining=987  Saleheen Apparels Ltd.
  [3305/4291] remaining=986  Salek Textile Ltd.
  [3306/4291] remaining=985  Salim & Brothers Ltd.
  [3307/4291] remaining=984  Salim & Brothers Ltd. (U-2)
  [3308/4291] remaining=983  Salma Fashion Wear Ltd.
  [3309/4291] remaining=982  Salman Adnan (Pvt.) Ltd.
  [3310/4291] remaining=981  SAM Sweaters Ltd.
  [3311/4291] remaining=980  Samad Sweaters Ltd.
  [3312/4291] remaining=979  Samar Fashion Tex Ltd.
  [3313/4291] remaining=978  Samia Garments (Pvt) Ltd.
  [3314/4291] remaining=977  Samia Textile Ltd.
  [3315/4291] remaining=976  Samim Fashion Ltd.
  [3316/4291] remaining=975  Samin Wintermate Ltd.
  [3317/4291] remaining=974  Sammart Fashion (BD) Limited
  [3318/4291] remaining=973  Samotaf Apparels Ltd.
  [3319/4291] remaining=972  Sample Collection Composite
  [3320/4291] remaining=971  Samrana Enterprise Ltd.
  [3320/4291]  remaining=971  47/min  ETA 21 min
  [3321/4291] remaining=970  Sams Attire Ltd.
  [3322/4291] remaining=969  Sams Dresses Ltd.
  [3323/4291] remaining=968  Samsons Sweaters Ltd.
  [3324/4291] remaining=967  Samytex Industries Ltd.
  [3325/4291] remaining=966  San Apparels Ltd.
  [3326/4291] remaining=965  Sandwip Fashions Ltd.
  [3327/4291] remaining=964  Sanguine Apparels Ltd.
  [3328/4291] remaining=963  Sans Textile Ltd.
  [3329/4291] remaining=962  Santex Knitwears Ltd.
  [3330/4291] remaining=961  Santic (Bangladesh) Co., Ltd.
  [3331/4291] remaining=960  Sany Industry & Business Ltd.
  [3332/4291] remaining=959  SAR International Clothing
  [3333/4291] remaining=958  Sara Fashion Wear Ltd.
  [3334/4291] remaining=957  Sarada Knit Wear Ltd.
  [3335/4291] remaining=956  Sarah Knit Wear
  [3336/4291] remaining=955  Sark Knitwear Ltd.
  [3337/4291] remaining=954  Sarker Knitwear Ltd.
  [3338/4291] remaining=953  SAS Fashion Wear Ltd.
  [3339/4291] remaining=952  Satabdi Garments
  [3340/4291] remaining=951  Sattar Textile Mills Ltd.
  [3340/4291]  remaining=951  47/min  ETA 20 min
  [3341/4291] remaining=950  Saturn Textiles Ltd.
  [3342/4291] remaining=949  Savannah Apparels Ltd.
  [3343/4291] remaining=948  Savannah Fashion Ltd.
  [3344/4291] remaining=947  Savar Shirts Ltd.
  [3345/4291] remaining=946  Savar Sportswear Co. Ltd.
  [3346/4291] remaining=945  Savar Sweaters Ltd.
  [3347/4291] remaining=944  Savar Textiles Ltd.
  [3348/4291] remaining=943  Saville Row Ltd.
  [3349/4291] remaining=942  Sawda Fashion
  [3350/4291] remaining=941  Sawftex Limited
  [3351/4291] remaining=940  Sayam Knit Fab
  [3352/4291] remaining=939  Saybolt Tex Ltd.
  [3353/4291] remaining=938  Sayem Fashions Ltd.
  [3354/4291] remaining=937  Saz Fashion Limited
  [3355/4291] remaining=936  Sazu Sweaters Ltd.
  [3356/4291] remaining=935  SB Knitex Ltd.
  [3357/4291] remaining=934  Scandex (BD) Ltd.
  [3358/4291] remaining=933  Scandex Knitwear Ltd.
  [3359/4291] remaining=932  Scandex Knitwear Ltd. (U-2)
  [3360/4291] remaining=931  Scandex Textile Industries Ltd.
  [3360/4291]  remaining=931  47/min  ETA 20 min
  [3361/4291] remaining=930  Scarlet Knitwears Ltd.
  [3362/4291] remaining=929  Scottish Sweaters Limited
  [3363/4291] remaining=928  Sea Bird Apparels Ltd.
  [3364/4291] remaining=927  Sea Blue Textile Ltd.
  [3365/4291] remaining=926  Sea Blue Textile Ltd. (Garments Division)
  [3366/4291] remaining=925  Sea Level Textile Ltd.
  [3367/4291] remaining=924  Sea Moss Knitwear Ltd.
  [3368/4291] remaining=923  Sea Shore Apparels Ltd.
  [3369/4291] remaining=922  Sea Tex Limited
  [3370/4291] remaining=921  Sea View Knit Composite Ltd.
  [3371/4291] remaining=920  Seacotex Fabrics Ltd.
  [3372/4291] remaining=919  Seagull Fashion Ltd.
  [3373/4291] remaining=918  Searock Apparels Limited
  [3374/4291] remaining=917  Seasons 6 Ltd.
  [3375/4291] remaining=916  Seasons Creations Ltd.
  [3376/4291] remaining=915  Seasons Dresses Ltd.
  [3377/4291] remaining=914  Seasons Sweaters Ltd.
  [3378/4291] remaining=913  Seaview Dresses Ltd.
  [3379/4291] remaining=912  Secotex Limited.
  [3380/4291] remaining=911  Section Seven Apparels Ltd.
  [3380/4291]  remaining=911  47/min  ETA 19 min
  [3381/4291] remaining=910  Section Seven International Ltd.
  [3382/4291] remaining=909  Section Seven Ltd.
  [3383/4291] remaining=908  Seedling Fashion Limited
  [3384/4291] remaining=907  Seema Garments Ltd.
  [3385/4291] remaining=906  Seema Knit Composite Industries Ltd.
  [3386/4291] remaining=905  Seha Apparels Int'l Ltd.
  [3387/4291] remaining=904  Seha Design (BD) Ltd.
  [3388/4291] remaining=903  Seha Fashion (BD) Ltd.
  [3389/4291] remaining=902  Seha International Bangladesh Ltd.
  [3390/4291] remaining=901  Seibu Fashions Ltd.
  [3391/4291] remaining=900  Seisa Seagull Agrashara Garments Ltd.
  [3392/4291] remaining=899  Selection Fashion Wear Ltd.
  [3393/4291] remaining=898  Self Innovative Fashion Ltd.
  [3394/4291] remaining=897  Selina Apparels Ltd.
  [3395/4291] remaining=896  Selina Trims Ltd.
  [3396/4291] remaining=895  Sensible Fashion (PVT) Ltd.
  [3397/4291] remaining=894  Seo Wan Bangladesh Ltd.
  [3398/4291] remaining=893  Sepal Garments Ltd.
  [3399/4291] remaining=892  Serajsons Garments Ltd.
  [3400/4291] remaining=891  Seven Dream Apparels
  [3400/4291]  remaining=891  47/min  ETA 19 min
  [3401/4291] remaining=890  Seven Links Apparels Ltd.
  [3402/4291] remaining=889  Seven Seas Garments Ltd.
  [3403/4291] remaining=888  Seven Star Sweater (Pvt) Ltd.
  [3404/4291] remaining=887  Sewing Point BD Ltd.
  [3405/4291] remaining=886  Sewing Tex BD
  [3406/4291] remaining=885  Sewtech Fashions Limited
  [3407/4291] remaining=884  SF Globalstich Ltd.
  [3408/4291] remaining=883  SF Sweaters Ltd.
  [3409/4291] remaining=882  SFS Sweater
  [3410/4291] remaining=881  SFU Fashion
  [3411/4291] remaining=880  Sgwicus (BD) Limited
  [3412/4291] remaining=879  Shaarat Fashion Wear Ltd.
  [3413/4291] remaining=878  Shabab Fabrics Ltd.
  [3414/4291] remaining=877  Shad Fashion Ltd.
  [3415/4291] remaining=876  Shade Fashions Int`l Ltd.
  [3416/4291] remaining=875  Shadhin Garments (Pvt.) Ltd.
  [3417/4291] remaining=874  Shafi Knit Ltd.
  [3418/4291] remaining=873  Shafi Processing Inds. Ltd.
  [3419/4291] remaining=872  Shagore Garments Ltd.
  [3420/4291] remaining=871  Shah Ali Knitwears
  [3420/4291]  remaining=871  47/min  ETA 19 min
  [3421/4291] remaining=870  Shah Keramat Garments Ltd.
  [3422/4291] remaining=869  Shah Makhdum Garments Ltd.
  [3423/4291] remaining=868  Shah Mohsen Apparels Ltd.
  [3424/4291] remaining=867  Shah-Azam Textiles (Pvt.) Ltd.
  [3425/4291] remaining=866  Shahada Knitting
  [3426/4291] remaining=865  Shahazada Apparels Ltd.
  [3427/4291] remaining=864  Shahchand Garments Ltd.
  [3428/4291] remaining=863  Shahed Tex Fashion Apparels
  [3429/4291] remaining=862  Sham's Knitting & Sweater Ind. Ltd.
  [3430/4291] remaining=861  Shamima Apparels
  [3431/4291] remaining=860  Shamoli Garments Ltd.
  [3432/4291] remaining=859  Shampa Garments Ltd.
  [3433/4291] remaining=858  Shamrin Tex Ltd.
  [3434/4291] remaining=857  Shamroz Garments (Pvt.) Ltd
  [3435/4291] remaining=856  Shams Designs Ltd.
  [3436/4291] remaining=855  Shams Jacquard Ltd.
  [3437/4291] remaining=854  Shams Styling Wears Ltd.
  [3438/4291] remaining=853  Shamser Knit Fashions Ltd.
  [3439/4291] remaining=852  Shamsher Apparels Ltd.
  [3440/4291] remaining=851  Shamsher Rezia Fashions Ltd.
  [3440/4291]  remaining=851  47/min  ETA 18 min
  [3441/4291] remaining=850  Shanghai Apparel Ltd.
  [3442/4291] remaining=849  Shanghai Fashion Ltd.
  [3443/4291] remaining=848  Shangu Tex Ltd.
  [3444/4291] remaining=847  Shangu Tex Ltd.-2
  [3445/4291] remaining=846  Shanila Fashion Ltd.
  [3446/4291] remaining=845  Shanon Sweaters Ltd.
  [3447/4291] remaining=844  Shanta Apparel Ltd.
  [3448/4291] remaining=843  Shanta Denims Ltd.
  [3449/4291] remaining=842  Shanta Expressions Ltd.
  [3450/4291] remaining=841  Shanta Garments Ltd.
  [3451/4291] remaining=840  Shanta Industries Ltd.
  [3452/4291] remaining=839  Shanto-Mariam Fashions Ltd.
  [3453/4291] remaining=838  Sharaf Apparels Ltd.
  [3454/4291] remaining=837  Sharaka Industries Ltd.
  [3455/4291] remaining=836  Sharif Fabrics Ltd.
  [3456/4291] remaining=835  Sharif Fashion
  [3457/4291] remaining=834  Sharmin Apparels Ltd.
  [3458/4291] remaining=833  Sharmin Fashions Ltd.
  [3459/4291] remaining=832  Sharoj Garments Ltd.
  [3460/4291] remaining=831  Sharon Chou Apparels Ltd.
  [3460/4291]  remaining=831  47/min  ETA 18 min
  [3461/4291] remaining=830  Sharpe Knitting & Dyeing Ltd.
  [3462/4291] remaining=829  Shasha Garments Ltd.
  [3463/4291] remaining=828  Shawn Associate Ltd.
  [3464/4291] remaining=827  Shawon Fashion Ltd.
  [3465/4291] remaining=826  Shaya Apparels Ltd.
  [3466/4291] remaining=825  SHB Garments Ltd.
  [3467/4291] remaining=824  She And He Apparels Ltd.
  [3468/4291] remaining=823  Sheema Fashion
  [3469/4291] remaining=822  Sheffield Ltd.
  [3470/4291] remaining=821  Shehan Specialized Textile Mills Ltd.
  [3471/4291] remaining=820  Sheikh Knittex Sweater
  [3472/4291] remaining=819  Shelter Garments (Pvt) Ltd.
  [3473/4291] remaining=818  Shepherd Jeans Ltd.
  [3474/4291] remaining=817  Shet Land Fabrics Ltd.
  [3475/4291] remaining=816  Shezads Designwear Ltd.
  [3476/4291] remaining=815  Shezads Limited (Unit-II)
  [3477/4291] remaining=814  Shezads Ltd.
  [3478/4291] remaining=813  Shifa Apparels (Pvt.) Ltd.
  [3479/4291] remaining=812  Shifa Composite Textile Ltd.
  [3480/4291] remaining=811  Shikha Garments
  [3480/4291]  remaining=811  47/min  ETA 17 min
  [3481/4291] remaining=810  Shila Hamim Garments Limited
  [3482/4291] remaining=809  Shin Shin Apparels Ltd.
  [3483/4291] remaining=808  Shinepukur Garments Ltd.
  [3484/4291] remaining=807  Shinest Apparels Ltd.
  [3485/4291] remaining=806  Shipra Fashion Ltd.
  [3486/4291] remaining=805  Shireen Apparels Ltd.
  [3487/4291] remaining=804  Shirin Apparels Ltd.
  [3488/4291] remaining=803  Shirt & Jacket Zone Ltd.
  [3489/4291] remaining=802  Shirt Makers Ltd.
  [3490/4291] remaining=801  Shishir Knitting & Dyeing Ltd.
  [3491/4291] remaining=800  Shobuz Bangla Knitting Ltd.
  [3492/4291] remaining=799  Shore To Shore Textiles Ltd.
  [3493/4291] remaining=798  Shovon Knitwear Ltd.
  [3494/4291] remaining=797  Shovon Silk & Knitting Mills (Pvt) Ltd.
  [3495/4291] remaining=796  Shrabony Knitwear Ltd.
  [3496/4291] remaining=795  Shristy Fashion Ltd.
  [3497/4291] remaining=794  Shyms Fashions Ltd.
  [3498/4291] remaining=793  Siam's Superior Ltd.
  [3499/4291] remaining=792  Sicily Garments Ltd.
  [3500/4291] remaining=791  Sidko Apparels Ltd.
  [3500/4291]  remaining=791  47/min  ETA 17 min
  [3501/4291] remaining=790  Sidko Ltd. (Garments Division)
  [3502/4291] remaining=789  Sidma Fashion (Pvt) Ltd.
  [3503/4291] remaining=788  Sienkee Apparels Ltd.
  [3504/4291] remaining=787  Sienkee Garments Ltd.
  [3505/4291] remaining=786  Sigma Fashions Ltd.
  [3506/4291] remaining=785  Sigma Garments Industries Ltd.
  [3507/4291] remaining=784  Siji Garments Co. Ltd.
  [3508/4291] remaining=783  Sikder Apparel Hosiery Ltd.
  [3509/4291] remaining=782  Sikder Classic Dyeing & Knitting (Pvt.) Ltd.
  [3510/4291] remaining=781  Silk Fashion & Fabrics Ltd.
  [3511/4291] remaining=780  Silk International Limited
  [3512/4291] remaining=779  Silk Way Fashions Ltd.
  [3513/4291] remaining=778  Silken Sewing Ltd.
  [3514/4291] remaining=777  Silver Apparels Ltd.
  [3515/4291] remaining=776  Silver Composits Textile Mills Ltd.
  [3516/4291] remaining=775  Silver Dress Ltd.
  [3517/4291] remaining=774  SILVER GALLERY LTD.
  [3518/4291] remaining=773  Silver Line Garments Ltd.
  [3519/4291] remaining=772  Silverene Apparels Ltd.
  [3520/4291] remaining=771  Silverline Apparels Ltd.
  [3520/4291]  remaining=771  47/min  ETA 16 min
  [3521/4291] remaining=770  SIM Apparels Ltd.
  [3522/4291] remaining=769  Simba Fashions Ltd.
  [3523/4291] remaining=768  Simco Dresses Ltd.
  [3524/4291] remaining=767  Simco Fashions Ltd.
  [3525/4291] remaining=766  Simftex Apparel & Washing Ltd.
  [3526/4291] remaining=765  Simple Design Ltd.
  [3527/4291] remaining=764  Sincere Garments Ltd.
  [3528/4291] remaining=763  Sincere Knit Garments Ltd.
  [3529/4291] remaining=762  Sinha Denimwear Ltd.
  [3530/4291] remaining=761  Sinha Designers Ltd.
  [3531/4291] remaining=760  Sinha Fabrics Ltd.
  [3532/4291] remaining=759  Sinha Fashions Ltd.
  [3533/4291] remaining=758  Sinha Inds. Ltd.
  [3534/4291] remaining=757  Sinha Knit and Denims Ltd.
  [3535/4291] remaining=756  Sinha Knit Inds. Ltd.
  [3536/4291] remaining=755  Sinha Knitting Ltd.
  [3537/4291] remaining=754  Sinha Stylewears Ltd.
  [3538/4291] remaining=753  Sinha Trendy Knitwear Ltd.
  [3539/4291] remaining=752  Sinha Wool Wears Ltd.
  [3540/4291] remaining=751  Sinoproud (Bangladesh) Garments Co., Ltd.
  [3540/4291]  remaining=751  47/min  ETA 16 min
  [3541/4291] remaining=750  Sir Denim Ltd.
  [3542/4291] remaining=749  Sirajgonj Fashions Ltd.
  [3543/4291] remaining=748  Sirina Garments & Textiles Ltd.
  [3544/4291] remaining=747  Sisal Composite Ltd.
  [3545/4291] remaining=746  Sister Knitwear Ltd.
  [3546/4291] remaining=745  Sisters Apparel Ltd.
  [3547/4291] remaining=744  SK Apparels Ltd.
  [3548/4291] remaining=743  SK Sweaters Ltd.
  [3549/4291] remaining=742  Skamp Garments Inds. Ltd.
  [3550/4291] remaining=741  SKF Design Sweater
  [3551/4291] remaining=740  SKF Knit & Woven Fashion Ltd.
  [3552/4291] remaining=739  SKJ Knitwear Ltd.
  [3553/4291] remaining=738  SKRMS Fashions Ltd.
  [3554/4291] remaining=737  Sky Apparels Ltd.
  [3555/4291] remaining=736  Sky Diver Fashions Ltd.
  [3556/4291] remaining=735  Skylark Apparel Limited
  [3557/4291] remaining=734  Skylark Knit Composite Ltd.
  [3558/4291] remaining=733  Skyline Apparels Ltd.
  [3559/4291] remaining=732  Skyline Casual Apparels Ltd.
  [3560/4291] remaining=731  Skyline Garments Ltd.
  [3560/4291]  remaining=731  47/min  ETA 16 min
  [3561/4291] remaining=730  Skylink Fashion Ltd.
  [3562/4291] remaining=729  Skylux Apparels Ltd.
  [3563/4291] remaining=728  Skynet Apparels Ltd.
  [3564/4291] remaining=727  SL Chhoa Fashion
  [3565/4291] remaining=726  SL-Knit Wear Ltd.
  [3566/4291] remaining=725  Sleek Knit Garments Ltd.
  [3567/4291] remaining=724  SM Euro Fashion Ltd.
  [3568/4291] remaining=723  SM Knitwears Ltd.
  [3569/4291] remaining=722  SMA Bags Limited
  [3570/4291] remaining=721  Smart Clothing Ltd.
  [3571/4291] remaining=720  Smart Fashionwear Ltd.
  [3572/4291] remaining=719  Smart Jacket (BD) Ltd
  [3573/4291] remaining=718  Smart Knit Inds. Ltd.
  [3574/4291] remaining=717  Smee Apparels Ltd.
  [3575/4291] remaining=716  SMH New Generation Apparels Ltd.
  [3576/4291] remaining=715  Smile Apparels Ltd.
  [3577/4291] remaining=714  Smile Outfits Ltd.
  [3578/4291] remaining=713  Smug Sweater Ltd.
  [3579/4291] remaining=712  SN Fashion
  [3580/4291] remaining=711  SN Knitwear
  [3580/4291]  remaining=711  47/min  ETA 15 min
  [3581/4291] remaining=710  SND Apparel Industry OPC
  [3582/4291] remaining=709  Snow Sky Garments Ltd.
  [3583/4291] remaining=708  Snow White Apparels Ltd.
  [3584/4291] remaining=707  Snowtex Apparels Ltd.
  [3585/4291] remaining=706  Snowtex Outerwear Ltd.
  [3586/4291] remaining=705  Snowtex Sportswear Ltd.
  [3587/4291] remaining=704  SNS Apparels Ltd.
  [3588/4291] remaining=703  So Nice Garments (Pvt) Ltd.
  [3589/4291] remaining=702  Sob Apparels Ltd.
  [3590/4291] remaining=701  Softex Cotton (Pvt.) Ltd. (U-1)
  [3591/4291] remaining=700  Softex Sweater Inds. (Pvt) Ltd.
  [3592/4291] remaining=699  Solar Garments (Pvt) Ltd.
  [3593/4291] remaining=698  Sonali Fabrics & Textiles Mills (Pvt.) Ltd. Sweater Unit
  [3594/4291] remaining=697  Sonar Manufacturing Ltd.
  [3595/4291] remaining=696  Sonia & Sweaters Ltd.
  [3596/4291] remaining=695  Sonia Fine Knit Ltd.
  [3597/4291] remaining=694  Sonnet Fashions Ltd.
  [3598/4291] remaining=693  Sonnet Textile Industries Ltd.
  [3599/4291] remaining=692  Soorty Textiles (BD) Ltd.
  [3600/4291] remaining=691  Soultex Apparels Limited
  [3600/4291]  remaining=691  47/min  ETA 15 min
  [3601/4291] remaining=690  Soultex Fashion Ltd.
  [3602/4291] remaining=689  Source One (BD) Ltd.
  [3603/4291] remaining=688  South Bengal Apparels & Bartick Boutique Ltd.
  [3604/4291] remaining=687  South East Textiles (Pvt.) Ltd.
  [3605/4291] remaining=686  South End Sweater Co. Ltd.
  [3606/4291] remaining=685  South West Composite Ltd.
  [3607/4291] remaining=684  Southeast Sweaters Ltd.
  [3608/4291] remaining=683  Southern Clothings Ltd.
  [3609/4291] remaining=682  Southern Cross Int'l Ltd.
  [3610/4291] remaining=681  Southern Designers Ltd.
  [3611/4291] remaining=680  Southern Garments Ltd.
  [3612/4291] remaining=679  Southern Knitwear Ltd.
  [3613/4291] remaining=678  Southern Poshak Shilpa Ltd.
  [3614/4291] remaining=677  Southern Services Ltd.
  [3615/4291] remaining=676  SP Fashions Ltd.
  [3616/4291] remaining=675  SP Garments Ltd.
  [3617/4291] remaining=674  Space Garments Industry Ltd.
  [3618/4291] remaining=673  Space Sweater Ltd.
  [3619/4291] remaining=672  Sparkle Knit Composite Ltd.
  [3620/4291] remaining=671  Sparrow Apparels Ltd.
  [3620/4291]  remaining=671  47/min  ETA 14 min
  [3621/4291] remaining=670  Sparrow Greentech Pvt Ltd.
  [3622/4291] remaining=669  Spartan Fashions Ltd.
  [3623/4291] remaining=668  Spectra Sweaters Ltd.
  [3624/4291] remaining=667  Speedwell Fashions Ltd.
  [3625/4291] remaining=666  Speedwell Ltd.
  [3626/4291] remaining=665  Speks Limited
  [3627/4291] remaining=664  Spirax Textile-Washing & Allied Inds. Ltd.
  [3628/4291] remaining=663  SPM Exportwear Ltd.
  [3629/4291] remaining=662  Sportex & Apparels (Pvt.) Ltd.
  [3630/4291] remaining=661  Sportswear Garments Ltd.
  [3631/4291] remaining=660  Sportswear Garments Ltd.(U-3)
  [3632/4291] remaining=659  Spotfame Apparels Ltd.
  [3633/4291] remaining=658  Spring BD Knitwear Ltd.
  [3634/4291] remaining=657  Spring Knitwears Ltd.
  [3635/4291] remaining=656  Spring Trade Ltd.
  [3636/4291] remaining=655  Springful Apparels Ltd.
  [3637/4291] remaining=654  SQ Birichina Ltd.
  [3638/4291] remaining=653  SQ Celsius Ltd.
  [3639/4291] remaining=652  SQ Colblanc Ltd.
  [3640/4291] remaining=651  Square Apparels Ltd.
  [3640/4291]  remaining=651  47/min  ETA 14 min
  [3641/4291] remaining=650  Square Denims Ltd.
  [3642/4291] remaining=649  Square Denims Ltd. (Sewing Unit)
  [3643/4291] remaining=648  Square Fashions Ltd.
  [3644/4291] remaining=647  SRB Fashions Ltd.
  [3645/4291] remaining=646  SRKH Design Ltd.
  [3646/4291] remaining=645  SRP Sweaters Ltd.
  [3647/4291] remaining=644  SRS Design & Fashion Ltd.
  [3648/4291] remaining=643  SRT Fashions Ltd.
  [3649/4291] remaining=642  Ssain Apparels Ltd.
  [3650/4291] remaining=641  Stage II Knitting Apparel (Unit-1)
  [3651/4291] remaining=640  Stage II Knitting Apparel Ltd.
  [3652/4291] remaining=639  Stage II Limited.
  [3653/4291] remaining=638  Standard Clothing Industries Ltd.
  [3654/4291] remaining=637  Standard Fashion
  [3655/4291] remaining=636  Standard Group Limited
  [3656/4291] remaining=635  Standard Stitches Ltd
  [3657/4291] remaining=634  Standard Stitches Ltd. (G-Unit)
  [3658/4291] remaining=633  Standard Stitches Ltd. (Woven Unit)
  [3659/4291] remaining=632  Star Apparels Ltd.
  [3660/4291] remaining=631  Star Dresses Ltd.
  [3660/4291]  remaining=631  47/min  ETA 13 min
  [3661/4291] remaining=630  Star Garments (Pvt.) Ltd.
  [3662/4291] remaining=629  Star Mahin Fashion Ltd.
  [3663/4291] remaining=628  Stark Apparels
  [3664/4291] remaining=627  Starlet Apparels Ltd.
  [3665/4291] remaining=626  Starlet Fashion Wear Ltd.
  [3666/4291] remaining=625  Starlight Knitters Ltd.
  [3667/4291] remaining=624  Starlight Knitwear Ltd. Unit-2
  [3668/4291] remaining=623  Starlight Knitwears Ltd.
  [3669/4291] remaining=622  Starlight Sweaters Ltd.
  [3670/4291] remaining=621  Steadfast Knit Tex Ltd.
  [3671/4291] remaining=620  Steadfast Knitwear Ltd.
  [3672/4291] remaining=619  Step Three Apparels Ltd.
  [3673/4291] remaining=618  Step Two Apparels Ltd.
  [3674/4291] remaining=617  Sterling Apparels Ltd.
  [3675/4291] remaining=616  Sterling Creations Ltd.
  [3676/4291] remaining=615  Sterling Denims Ltd.
  [3677/4291] remaining=614  Sterling Designs Ltd.
  [3678/4291] remaining=613  Sterling Fashion Wear Ltd.
  [3679/4291] remaining=612  Sterling Styles Ltd.
  [3680/4291] remaining=611  Stilvoll Knitwears Ltd.
  [3680/4291]  remaining=611  47/min  ETA 13 min
  [3681/4291] remaining=610  Stitch Made Ltd.
  [3682/4291] remaining=609  Stitch Right Ltd.
  [3683/4291] remaining=608  Stitch Tone Apparels Ltd.
  [3684/4291] remaining=607  Stitchers Matrix Limited
  [3685/4291] remaining=606  Stitchwell Designs Ltd.
  [3686/4291] remaining=605  Stoffa Tex Fashions Ltd.
  [3687/4291] remaining=604  Strees Fashion Int'l Ltd.
  [3688/4291] remaining=603  Street Art Clothings Ltd.
  [3689/4291] remaining=602  STS Apparel (Pvt) Ltd.
  [3690/4291] remaining=601  Stuff Ltd.
  [3691/4291] remaining=600  Style Creator Ltd.
  [3692/4291] remaining=599  Style Garden Ltd.
  [3693/4291] remaining=598  Style Mode Ltd.
  [3694/4291] remaining=597  Stylecraft Ltd.
  [3695/4291] remaining=596  Styline Knitting Inds. (Pvt.) Ltd.
  [3696/4291] remaining=595  Stylish Garments Ltd.
  [3697/4291] remaining=594  Styllent Knit Ltd.
  [3698/4291] remaining=593  Stylo Fashion Garments Ltd.
  [3699/4291] remaining=592  Stylo Knitwear (Pvt.) Ltd.
  [3700/4291] remaining=591  Stylomore Limited
  [3700/4291]  remaining=591  47/min  ETA 13 min
  [3701/4291] remaining=590  Styrax Fashions Ltd.
  [3702/4291] remaining=589  Suad Garments Inds Ltd.
  [3703/4291] remaining=588  Subarna Garments Ltd.
  [3704/4291] remaining=587  Sublime Apparels Ltd.
  [3705/4291] remaining=586  Sublime Greentex Ltd.
  [3706/4291] remaining=585  Suborno Bangladesh Ltd.
  [3707/4291] remaining=584  Sufi Apparels Ltd.
  [3708/4291] remaining=583  Sufia Garments Ltd.
  [3709/4291] remaining=582  Suhana Fashions Limited
  [3710/4291] remaining=581  Suhcheon Company (BD) Ltd.
  [3711/4291] remaining=580  Sujan Apparels Ltd.
  [3712/4291] remaining=579  Suji Fashions Ltd.
  [3713/4291] remaining=578  Sultan Apparels Ltd.
  [3714/4291] remaining=577  Sultana Sweaters Ltd.
  [3715/4291] remaining=576  Suman Fashion Garments Ltd.
  [3716/4291] remaining=575  Sumi Apparels (Pvt) Ltd.
  [3717/4291] remaining=574  Sun Aun Sweaters Ltd.
  [3718/4291] remaining=573  Sun Bird Garments Ind. (Pvt.) Ltd.
  [3719/4291] remaining=572  Sun Cherry Body Fashion MFTY Ltd.
  [3720/4291] remaining=571  Sun Fashion Wear Ltd.
  [3720/4291]  remaining=571  47/min  ETA 12 min
  [3721/4291] remaining=570  Sun Garments
  [3722/4291] remaining=569  Sun-Seeds Apparel Ltd.
  [3723/4291] remaining=568  Sundry Apparels Ltd.
  [3724/4291] remaining=567  Sunflower Garments Ltd.
  [3725/4291] remaining=566  Sung Kwang Sweaters Ltd.
  [3726/4291] remaining=565  Sungnam Apparels (BD) Ltd.
  [3727/4291] remaining=564  Sunmoon Bangladesh Ltd.
  [3728/4291] remaining=563  Sunny Sweater Ltd.
  [3729/4291] remaining=562  Sunrise Dress Limited
  [3730/4291] remaining=561  Supasox Ltd.
  [3731/4291] remaining=560  Super Knitting & Dyeing Mills. Ltd.
  [3732/4291] remaining=559  Super Shine Fashions Ltd.
  [3733/4291] remaining=558  Superfine Fashion Limited
  [3734/4291] remaining=557  Superior Apparel Ltd.
  [3735/4291] remaining=556  Supershine Apparels Ltd.
  [3736/4291] remaining=555  Supertex Apparels Ltd.
  [3737/4291] remaining=554  Supertex Designs Ltd.
  [3738/4291] remaining=553  Supertex Merchandising Co. Ltd.
  [3739/4291] remaining=552  Supreme Apparels Ltd.
  [3740/4291] remaining=551  Supreme Fashion Wear Ltd.
  [3740/4291]  remaining=551  47/min  ETA 12 min
  [3741/4291] remaining=550  Supreme Knitwear Ltd.
  [3742/4291] remaining=549  Supreme Outfit Ltd.
  [3743/4291] remaining=548  Supreme Smartwear Ltd.
  [3744/4291] remaining=547  Supreme Stitch Ltd.
  [3745/4291] remaining=546  Suprov Composite Knit Ltd.
  [3746/4291] remaining=545  Supti Sweater Ltd.
  [3747/4291] remaining=544  Suravee Garments Ltd.
  [3748/4291] remaining=543  Surma Apparels Ltd.
  [3749/4291] remaining=542  Surma Garments Ltd.
  [3750/4291] remaining=541  Sustainable Wet Processing Plant Ltd.
  [3751/4291] remaining=540  Susuka Knit Ltd.
  [3752/4291] remaining=539  Swadeshi Pannya Ltd.
  [3753/4291] remaining=538  Swagatam Garments Ltd.
  [3754/4291] remaining=537  Swan Garments (Pvt.) Ltd.
  [3755/4291] remaining=536  Swan Jeans Ltd.
  [3756/4291] remaining=535  Swan Sweaters Ltd.
  [3757/4291] remaining=534  Swatch Cotton Ltd.
  [3758/4291] remaining=533  Sweater Apparels Ltd.
  [3759/4291] remaining=532  Sweater Cottage Ltd.
  [3760/4291] remaining=531  Sweater Fashions Ltd.
  [3760/4291]  remaining=531  47/min  ETA 11 min
  [3761/4291] remaining=530  Sweater Land Ltd.
  [3762/4291] remaining=529  Sweater Manufacturing Co. Ltd.
  [3763/4291] remaining=528  Sweater Park Royal Ltd.
  [3764/4291] remaining=527  Sweater Zone Ltd.
  [3765/4291] remaining=526  Sweatertech Ltd.
  [3766/4291] remaining=525  Sweet Design (Pvt.) Ltd.
  [3767/4291] remaining=524  Swiss Schiffli Fashion (BD) Ltd.
  [3768/4291] remaining=523  Sydney Fashions Ltd.
  [3769/4291] remaining=522  Syed International
  [3770/4291] remaining=521  Syed Knit Wears Ltd.
  [3771/4291] remaining=520  Syeed Trading
  [3772/4291] remaining=519  Symphony Apparels Ltd.
  [3773/4291] remaining=518  Synergy Design Fashion (Pvt) Ltd.
  [3774/4291] remaining=517  Synergy Fashions Ltd.
  [3775/4291] remaining=516  T-Design KnitWear Ltd.
  [3776/4291] remaining=515  T-Design Ltd.
  [3777/4291] remaining=514  T-Design Sweaters Ltd.
  [3778/4291] remaining=513  T-Mart Computerised Sweater Ltd.
  [3779/4291] remaining=512  T.H. Fashions
  [3780/4291] remaining=511  T.J. Sweaters Ltd.
  [3780/4291]  remaining=511  47/min  ETA 11 min
  [3781/4291] remaining=510  T.S.R. Fashion & Design Ltd.
  [3782/4291] remaining=509  Taati Fashion Apparels Ltd.
  [3783/4291] remaining=508  Tabassum Trade International
  [3784/4291] remaining=507  Tafop Apparels Ltd.
  [3785/4291] remaining=506  Taharat Composite Ltd.
  [3786/4291] remaining=505  Taher Apparels Ltd.
  [3787/4291] remaining=504  Tahersons Fashions Ltd.
  [3788/4291] remaining=503  Tahmina Denim Ltd.
  [3789/4291] remaining=502  Tahmina Knitwear Ltd.
  [3790/4291] remaining=501  Taiba Tex Ltd.
  [3791/4291] remaining=500  Taj Knitting Inds. Ltd.
  [3792/4291] remaining=499  Tajir Apparels Ltd.
  [3793/4291] remaining=498  Takwa Dresses Ltd.
  [3794/4291] remaining=497  Takwa Fashion (Pvt.) Ltd.
  [3795/4291] remaining=496  Talisman Ltd.
  [3796/4291] remaining=495  Tamanna Sweater Ltd.
  [3797/4291] remaining=494  Tamishna Apparels Ltd.
  [3798/4291] remaining=493  Tamishna Fashion Wear Ltd.
  [3799/4291] remaining=492  Tamizuddin Fashions ltd.
  [3800/4291] remaining=491  Tammam Design Ltd.
  [3800/4291]  remaining=491  47/min  ETA 10 min
  [3801/4291] remaining=490  Tanay Sweater Ltd.
  [3802/4291] remaining=489  Tanaz Fashions Ltd.
  [3803/4291] remaining=488  Tandem Sweaters Ltd.
  [3804/4291] remaining=487  Tang Fashion Ltd.
  [3805/4291] remaining=486  Tangon Garments Ltd.
  [3806/4291] remaining=485  Tanhasin Socks Co. Ltd.
  [3807/4291] remaining=484  Tania Fashion
  [3808/4291] remaining=483  Tanima Knit Composite Ltd.
  [3809/4291] remaining=482  Tanni Knitwear Ltd.
  [3810/4291] remaining=481  Tanriva Fashion Wear Ltd.
  [3811/4291] remaining=480  Tanzila Textile Ltd.
  [3812/4291] remaining=479  Tanzina Fashion Ltd.
  [3813/4291] remaining=478  Taqwa Fabrics Ltd.
  [3814/4291] remaining=477  Tarasima Apparels Ltd.
  [3815/4291] remaining=476  Taratex (BD) Ltd.
  [3816/4291] remaining=475  Taratex Fashion Ltd.
  [3817/4291] remaining=474  Target Denim & Casual Wear Ltd.
  [3818/4291] remaining=473  Target Fine Wear Inds. Ltd.
  [3819/4291] remaining=472  Target Fine-Knit Inds Ltd.
  [3820/4291] remaining=471  Target Sweater Inds. Ltd.
  [3820/4291]  remaining=471  47/min  ETA 10 min
  [3821/4291] remaining=470  Tarif Knitwear Ltd.
  [3822/4291] remaining=469  Tariq Azim Textile Mills Ltd.
  [3823/4291] remaining=468  Tas Knit And Fashion Ltd.
  [3824/4291] remaining=467  Tashfia Export
  [3825/4291] remaining=466  Tasmia Apparels Ltd.
  [3826/4291] remaining=465  Tasmia Fashion Limited
  [3827/4291] remaining=464  Tasniah Fabrics Ltd.
  [3828/4291] remaining=463  Taufiq Sweater Limited
  [3829/4291] remaining=462  Taurus Styles Ltd.
  [3830/4291] remaining=461  Tausif Apparels
  [3831/4291] remaining=460  Tazkia Apparels Ltd.
  [3832/4291] remaining=459  Tazkia Fashions Ltd.
  [3833/4291] remaining=458  Tazzmira Apparels Ltd.
  [3834/4291] remaining=457  TBH Fashion Tex. (Pvt.) Ltd.
  [3835/4291] remaining=456  Team Apparels
  [3836/4291] remaining=455  Teasoon Fashion Ltd.
  [3837/4291] remaining=454  Tech Max Ltd.
  [3838/4291] remaining=453  Technical Apparels (Pvt.) Limited
  [3839/4291] remaining=452  Techno Fiber Ltd.
  [3840/4291] remaining=451  Techno Dress Ltd.
  [3840/4291]  remaining=451  47/min  ETA 10 min
  [3841/4291] remaining=450  Techno Fashion
  [3842/4291] remaining=449  Ted Bernhardtz Textile Industry Ltd.
  [3843/4291] remaining=448  Teen Age Modern Fashion Ltd.
  [3844/4291] remaining=447  Tejgaon Textile Mills Ltd.
  [3845/4291] remaining=446  Temacos Fashion Wear Ltd.
  [3846/4291] remaining=445  Temakaw Fashion Ltd.
  [3847/4291] remaining=444  Tessera Outfitters Ltd.
  [3848/4291] remaining=443  Tex Asia Ltd.
  [3849/4291] remaining=442  Tex Empire Ltd.
  [3850/4291] remaining=441  Tex Knit International
  [3851/4291] remaining=440  Tex Power Bangladesh
  [3852/4291] remaining=439  Tex Tailor Export (BD) Ltd.
  [3853/4291] remaining=438  Tex Tech Co. Ltd.
  [3854/4291] remaining=437  Tex Town Ltd.
  [3855/4291] remaining=436  Tex Trapper BD Ltd.
  [3856/4291] remaining=435  Tex-Design Knit Wear Ltd.
  [3857/4291] remaining=434  Tex-Heart Garments Ltd.
  [3858/4291] remaining=433  Texas Apparels Ltd.
  [3859/4291] remaining=432  Texas Clothing Ltd.
  [3860/4291] remaining=431  Texas Dresses Ltd.
  [3860/4291]  remaining=431  47/min  ETA 9 min
  [3861/4291] remaining=430  Texas Fashions
  [3862/4291] remaining=429  Texco Fashion Wear Ltd.
  [3863/4291] remaining=428  Texeurop (BD) Ltd.
  [3864/4291] remaining=427  Texeye China Apparels Ltd.
  [3865/4291] remaining=426  Texman Apparels Ltd.
  [3866/4291] remaining=425  Texolline Apparels Ltd.
  [3867/4291] remaining=424  Texport Limited
  [3868/4291] remaining=423  Texpro Eco Apparel Ltd.
  [3869/4291] remaining=422  Texstar Design
  [3870/4291] remaining=421  Textil Fashions Ltd.
  [3871/4291] remaining=420  Textile Horizon Ltd.
  [3872/4291] remaining=419  Textune Apparels
  [3873/4291] remaining=418  Texvalley Sweater
  [3874/4291] remaining=417  Texville Apparel Ltd.
  [3875/4291] remaining=416  Texworld Knitwear Ltd.
  [3876/4291] remaining=415  Thai Bangla Imperial Ltd.
  [3877/4291] remaining=414  That`s It Knit Ltd.
  [3878/4291] remaining=413  That's It Garments Ltd.
  [3879/4291] remaining=412  That's It Sports Wear Ltd.
  [3880/4291] remaining=411  That's It Sweater Ltd.
  [3880/4291]  remaining=411  47/min  ETA 9 min
  [3881/4291] remaining=410  Thats' It Fashions Ltd.
  [3882/4291] remaining=409  The Aladin Apparels
  [3883/4291] remaining=408  The Bay Super Textile Mills Ltd.
  [3884/4291] remaining=407  The Bottom Collections Ltd.
  [3885/4291] remaining=406  The Chittagong Fashion Ltd.
  [3886/4291] remaining=405  The Chittagong Garments Ltd.
  [3887/4291] remaining=404  The Civil Engineers Ltd.
  [3888/4291] remaining=403  The Civil Engineers Ltd. (Sw Unit)
  [3889/4291] remaining=402  The Civil Engineers Woven Ltd
  [3890/4291] remaining=401  The Cloth & Fashion Ltd.
  [3891/4291] remaining=400  The Dacca Dying Garments Ltd.
  [3892/4291] remaining=399  The Delta Apparels Ltd.
  [3893/4291] remaining=398  The Delta Composite Knitting Inds. Ltd.
  [3894/4291] remaining=397  The Dress & The Ideas
  [3895/4291] remaining=396  The Exclusive Woven-Knit Wear Ltd.
  [3896/4291] remaining=395  The Faiyaz Ltd.
  [3897/4291] remaining=394  The Fashion Island Ltd.
  [3898/4291] remaining=393  The Finery Ltd.
  [3899/4291] remaining=392  The Heliades Fashion Ltd.
  [3900/4291] remaining=391  The Immaculate (Pvt.) Ltd.
  [3900/4291]  remaining=391  47/min  ETA 8 min
  [3901/4291] remaining=390  The Lucky Apparel Int.l (Pte.) Ltd.
  [3902/4291] remaining=389  The Mohammadi Ltd.
  [3903/4291] remaining=388  The National Apparels Ltd.
  [3904/4291] remaining=387  The Need Apparels (Pvt.) Ltd.
  [3905/4291] remaining=386  The New Delta Apparels Ltd.
  [3906/4291] remaining=385  The Overseas Apparels & Embroidery Ltd.
  [3907/4291] remaining=384  The Rose Dresses Ltd.
  [3908/4291] remaining=383  The Rose Garments Designer (Unit-02) Ltd.
  [3909/4291] remaining=382  The Rose Garments Designer Ltd.
  [3910/4291] remaining=381  The Shanin Clothing Ltd.
  [3911/4291] remaining=380  The Shanin Corporation Ltd.
  [3912/4291] remaining=379  The Shanin Ltd.
  [3913/4291] remaining=378  The Silver Garments Bangladesh Ltd.
  [3914/4291] remaining=377  The Well-Tex Ltd.
  [3915/4291] remaining=376  The Yolk Designs Ltd.
  [3916/4291] remaining=375  The Yolk Garments Ltd.
  [3917/4291] remaining=374  Thina Sweaters Ltd.
  [3918/4291] remaining=373  Thread Works Ltd.
  [3919/4291] remaining=372  Three Shark Knitwear Ltd.
  [3920/4291] remaining=371  Tian Knitwear Ltd.
  [3920/4291]  remaining=371  47/min  ETA 8 min
  [3921/4291] remaining=370  Tiffiny's Wear Ltd.
  [3922/4291] remaining=369  Tillottama Fashions Ltd.
  [3923/4291] remaining=368  Time Sweaters Ltd.
  [3924/4291] remaining=367  Tina Knittings Ltd.
  [3925/4291] remaining=366  Tinab Fashions Ltd.
  [3926/4291] remaining=365  Tip Top Fashions Ltd.
  [3927/4291] remaining=364  Tirnoi Fashion Limited
  [3928/4291] remaining=363  Tishanu Apparels Ltd.
  [3929/4291] remaining=362  Titas Sportswear Industries Ltd.
  [3930/4291] remaining=361  Titas Sweater Inds. Ltd.
  [3931/4291] remaining=360  Titash Garments International Ltd.
  [3932/4291] remaining=359  Tivoli Apparels Ltd.
  [3933/4291] remaining=358  TM Designers Ltd.
  [3934/4291] remaining=357  TM Fashions Ltd.
  [3935/4291] remaining=356  TM Jeans Ltd.
  [3936/4291] remaining=355  TM Knit Composite Ltd.
  [3937/4291] remaining=354  TM Textiles & Garments Ltd.
  [3938/4291] remaining=353  TMA Fashion Ltd.
  [3939/4291] remaining=352  TMF Clothing Ltd.
  [3940/4291] remaining=351  TMS Fashions Ltd
  [3940/4291]  remaining=351  47/min  ETA 8 min
  [3941/4291] remaining=350  TMSS Apparels Ltd.
  [3942/4291] remaining=349  TNZ Apparels Ltd.
  [3943/4291] remaining=348  Todays Fashion Ltd.
  [3944/4291] remaining=347  Toha Knit Fashion Ltd.
  [3945/4291] remaining=346  Tokio Mode Limited
  [3946/4291] remaining=345  Top Jeans Ltd.
  [3947/4291] remaining=344  Top Moon Fashion Ltd.
  [3948/4291] remaining=343  Top Star Fashions Ltd.
  [3949/4291] remaining=342  Top Style Sweater Ltd.
  [3950/4291] remaining=341  Top Tex Sweaters Ltd.
  [3951/4291] remaining=340  Topaz Dresses Ltd.
  [3952/4291] remaining=339  Topaz Garments Ltd.
  [3953/4291] remaining=338  Topman Fashion Wears Ltd.
  [3954/4291] remaining=337  Tops N Bottoms Ltd.
  [3955/4291] remaining=336  Topway Industries Ltd.
  [3956/4291] remaining=335  Torque Design Ltd.
  [3957/4291] remaining=334  Torque Fashions Ltd.
  [3958/4291] remaining=333  Tory Fashion Wear Ltd.
  [3959/4291] remaining=332  Tosa Creations Ltd.
  [3960/4291] remaining=331  Tosrifa Indutries Ltd.
  [3960/4291]  remaining=331  47/min  ETA 7 min
  [3961/4291] remaining=330  Tosy Knit Fabrics Ltd.
  [3962/4291] remaining=329  Total Fashion Ltd.
  [3963/4291] remaining=328  Total Socks Inds Ltd.
  [3964/4291] remaining=327  Total Textile Ltd.
  [3965/4291] remaining=326  Toufiq Denim & Knitwear Ltd.
  [3966/4291] remaining=325  Towel Tex Limited
  [3967/4291] remaining=324  Toy Woods (BD) Co. Ltd.
  [3968/4291] remaining=323  Toyo Composite Knit Garments Ltd.
  [3969/4291] remaining=322  Trade Fashions Industries Ltd.
  [3970/4291] remaining=321  Trade Sweater Factory Ltd.
  [3971/4291] remaining=320  Trade Wind Sweaters Ltd.
  [3972/4291] remaining=319  Tradefare Gloves Ltd.
  [3973/4291] remaining=318  Tradescan Fashionwear Limited
  [3974/4291] remaining=317  Tradescan Ltd.(Garments Div.)
  [3975/4291] remaining=316  Transworld Ltd.
  [3976/4291] remaining=315  Trasco Apparels Ltd.
  [3977/4291] remaining=314  Treat Point Limited
  [3978/4291] remaining=313  Trend Force Garments (BD) Ltd.
  [3979/4291] remaining=312  Trendy Choice Ltd.
  [3980/4291] remaining=311  Trendy Outerwear Ltd.
  [3980/4291]  remaining=311  47/min  ETA 7 min
  [3981/4291] remaining=310  Trendy Textiles Limited
  [3982/4291] remaining=309  Tricot Fashion Ltd.
  [3983/4291] remaining=308  Tricotex (Pvt) Ltd.
  [3984/4291] remaining=307  Tricotex Sweaters Ltd.
  [3985/4291] remaining=306  Triple Apparels Ltd.
  [3986/4291] remaining=305  Triple I Knitwears Ltd.
  [3987/4291] remaining=304  Triple Seven Apparels Ltd.
  [3988/4291] remaining=303  Tropica Garments Ltd.
  [3989/4291] remaining=302  Tropical Fashions Ltd.
  [3990/4291] remaining=301  Tropical Knitex Ltd.
  [3991/4291] remaining=300  Trouser Land Ltd.
  [3992/4291] remaining=299  Trouser Line Ltd.
  [3993/4291] remaining=298  Trouser World (Pvt) Ltd.
  [3994/4291] remaining=297  True Knitwear Ltd.
  [3995/4291] remaining=296  Trust Knitwear Inds. Ltd.
  [3996/4291] remaining=295  Trust Trouser Ltd.
  [3997/4291] remaining=294  Trutex Apparel Ltd.
  [3998/4291] remaining=293  Trybe Fashions Ltd.
  [3999/4291] remaining=292  TRZ Garments Industry Ltd.
  [4000/4291] remaining=291  TS Apparels Ltd.
  [4000/4291]  remaining=291  47/min  ETA 6 min
  [4001/4291] remaining=290  TS Casual Wear Limited
  [4002/4291] remaining=289  Tsim's Company Bangladesh Ltd.
  [4003/4291] remaining=288  TSR Apparels Ltd.
  [4004/4291] remaining=287  Ttex Knitwear Ltd.
  [4005/4291] remaining=286  Tuba Fashion Ltd.
  [4006/4291] remaining=285  Tuba Garments Ltd.
  [4007/4291] remaining=284  Tulaga Sweater Ltd.
  [4008/4291] remaining=283  Tulagaon Fashions Ltd.
  [4009/4291] remaining=282  Tulip Sweater Ltd.
  [4010/4291] remaining=281  Tung Hai Knitting & Dyeing Ltd.
  [4011/4291] remaining=280  Tung Hai Sweaters Ltd.
  [4012/4291] remaining=279  Tunic Apparels Ltd.
  [4013/4291] remaining=278  Tunic Fashions Ltd.
  [4014/4291] remaining=277  Tunic Sportswear Ltd.
  [4015/4291] remaining=276  Turag Garments & Hosiery Mills Ltd.
  [4016/4291] remaining=275  Turbo Knit Wear Ltd.
  [4017/4291] remaining=274  Turjo Apparels Ltd.
  [4018/4291] remaining=273  Tusuka Apparels Ltd.
  [4019/4291] remaining=272  Tusuka Denim Ltd.
  [4020/4291] remaining=271  Tusuka Fashions Ltd.
  [4020/4291]  remaining=271  47/min  ETA 6 min
  [4021/4291] remaining=270  Tusuka Jeans Limited
  [4022/4291] remaining=269  Tusuka Processing Ltd.
  [4023/4291] remaining=268  Tusuka Stitches Ltd.
  [4024/4291] remaining=267  Tusuka Trousers Ltd.
  [4025/4291] remaining=266  Tusuka Washing Ltd.
  [4026/4291] remaining=265  TwelveTex Knitwear Ltd.
  [4027/4291] remaining=264  U-Tex Design Ltd.
  [4028/4291] remaining=263  U.S. Garments Inds. Ltd.
  [4029/4291] remaining=262  UB Design Dynamics Limited
  [4030/4291] remaining=261  Ubest (Bangla) Fashion Co., Ltd.
  [4031/4291] remaining=260  UBF Bridal Ltd.
  [4032/4291] remaining=259  Udayan Garments (Pvt.) Ltd.
  [4033/4291] remaining=258  UHM Ltd.
  [4034/4291] remaining=257  UK 21st Textiles Ltd.
  [4035/4291] remaining=256  UKN Apparels Ltd.
  [4036/4291] remaining=255  UL Fashions
  [4037/4291] remaining=254  Ultimate Fashions Ltd.
  [4038/4291] remaining=253  Ultra Design & Fashions Ltd.
  [4039/4291] remaining=252  Umama Fashion Ltd.
  [4040/4291] remaining=251  Uni Fashion Ltd.
  [4040/4291]  remaining=251  47/min  ETA 5 min
  [4041/4291] remaining=250  Uni Garments Ltd.
  [4042/4291] remaining=249  Uni Gears Ltd.
  [4043/4291] remaining=248  Uni World BD Ltd.
  [4044/4291] remaining=247  Unibra Wear Ltd.
  [4045/4291] remaining=246  Unicorn Sweaters Ltd.
  [4046/4291] remaining=245  Unicus Apparels Limited
  [4047/4291] remaining=244  Uniform Textile Ltd.
  [4048/4291] remaining=243  Unilliance Textiles Ltd.
  [4049/4291] remaining=242  Unimas Sportswear Ltd.
  [4050/4291] remaining=241  Union Apparel Ltd.
  [4051/4291] remaining=240  Union Garments Ltd.
  [4052/4291] remaining=239  Union Knit Wear Ltd.
  [4053/4291] remaining=238  Union Knitting & Dyeing Ltd.
  [4054/4291] remaining=237  Union Sportswear Ltd.
  [4055/4291] remaining=236  Unisense Apparels Ltd.
  [4056/4291] remaining=235  Unitech Fashions Ltd.
  [4057/4291] remaining=234  United Apparels Industry Ltd.
  [4058/4291] remaining=233  United Costume Limited
  [4059/4291] remaining=232  United Fashion (BD) Ltd.
  [4060/4291] remaining=231  United Fashion Trousers Ltd.
  [4060/4291]  remaining=231  47/min  ETA 5 min
  [4061/4291] remaining=230  United Shirts Ltd.
  [4062/4291] remaining=229  United Trousers Ltd.
  [4063/4291] remaining=228  Unitex Attires Ltd.
  [4064/4291] remaining=227  Unitrade Fashions Ltd.
  [4065/4291] remaining=226  Unity Fabric Inds. Ltd.
  [4066/4291] remaining=225  Unity Fashions Ltd.
  [4067/4291] remaining=224  Unity Industrial (BD) Ltd.
  [4068/4291] remaining=223  Unity Sweaters Ltd.
  [4069/4291] remaining=222  Universal Apparels Ltd.
  [4070/4291] remaining=221  Universal Jeans Ltd.
  [4071/4291] remaining=220  Universal Menswear Ltd.
  [4072/4291] remaining=219  Universal Sweater Ltd.
  [4073/4291] remaining=218  Univogue Garments Co. Ltd.
  [4074/4291] remaining=217  Univogue Garments Co. Ltd. Unit-II
  [4075/4291] remaining=216  Univogue Garments Co. Ltd. Unit-III
  [4076/4291] remaining=215  Update Apparels Ltd.
  [4077/4291] remaining=214  Update Fashions Ltd.
  [4078/4291] remaining=213  Upoma Knit Fashion Ltd.
  [4079/4291] remaining=212  Uranus Apparel (Pvt.) Ltd.
  [4080/4291] remaining=211  Uranus Apparels Ltd.
  [4080/4291]  remaining=211  47/min  ETA 5 min
  [4081/4291] remaining=210  Urban Fashions Limited
  [4082/4291] remaining=209  Urban Global Ltd.
  [4083/4291] remaining=208  Urban Stitch Ltd.
  [4084/4291] remaining=207  Urmi Garments Ltd.
  [4085/4291] remaining=206  Utah Fashions Ltd.
  [4086/4291] remaining=205  Utah Knitting & Dyeing Ltd. (G-D)
  [4087/4291] remaining=204  Uttara Knitwears Ltd.
  [4088/4291] remaining=203  V & R Fashions Ltd.
  [4089/4291] remaining=202  V-20 Fabrics
  [4090/4291] remaining=201  V-Knitwear & Composite Ltd.
  [4091/4291] remaining=200  V-Mark Fashion Wear (Pvt.) Ltd.
  [4092/4291] remaining=199  Vaajon Apparels Ltd.
  [4093/4291] remaining=198  Valento Apparels Limited
  [4094/4291] remaining=197  Valiant Fashion Wear Ltd.
  [4095/4291] remaining=196  Valiant Garments Ltd.
  [4096/4291] remaining=195  Valmont Fashions Ltd.
  [4097/4291] remaining=194  Valmont Sweaters Ltd.
  [4098/4291] remaining=193  Van Happen Fashion Manufacturing Ltd.
  [4099/4291] remaining=192  Vancot Ltd.
  [4100/4291] remaining=191  Vanguard Designers Ltd.
  [4100/4291]  remaining=191  47/min  ETA 4 min
  [4101/4291] remaining=190  Vanguard Dresses Ltd.
  [4102/4291] remaining=189  Vanguard Fashion Ltd.
  [4103/4291] remaining=188  Vanguard Garments Ltd.
  [4104/4291] remaining=187  VAP Sourcing Ltd.
  [4105/4291] remaining=186  Vase Apparels Ltd.
  [4106/4291] remaining=185  Vast Appareals Ltd.
  [4107/4291] remaining=184  Velox Fashions Ltd.
  [4108/4291] remaining=183  Venix Bangladesh Ltd.
  [4109/4291] remaining=182  Ventura (Bangladesh) Ltd.
  [4110/4291] remaining=181  Veronica Apparels
  [4111/4291] remaining=180  Versatile Apparel (Pvt.) Ltd.
  [4112/4291] remaining=179  Versatile Attire Ltd.
  [4113/4291] remaining=178  Versatile Fashions (Pvt) Ltd.
  [4114/4291] remaining=177  Versatile Textiles Ltd.
  [4115/4291] remaining=176  Vertex Apparel Ltd.
  [4116/4291] remaining=175  Vertex Fashion Ltd.
  [4117/4291] remaining=174  Vertex Innovative Apparels Ltd.
  [4118/4291] remaining=173  Vertex Sweater Ltd.
  [4119/4291] remaining=172  Vertex Wear Ltd.
  [4120/4291] remaining=171  Vestex Ltd.
  [4120/4291]  remaining=171  47/min  ETA 4 min
  [4121/4291] remaining=170  Vibgyor Fashion Ltd.
  [4122/4291] remaining=169  Victory Knittings (Pvt) Ltd.
  [4123/4291] remaining=168  Vintage Apparels Ltd.
  [4124/4291] remaining=167  Vintage Denim Apparels Ltd.
  [4125/4291] remaining=166  Vintage Denim Ltd.
  [4126/4291] remaining=165  Vintage Denim Studio Ltd.
  [4127/4291] remaining=164  Vintage Garments Ltd.
  [4128/4291] remaining=163  Vintage Textile Ltd.
  [4129/4291] remaining=162  Virgin Fashion Ltd.
  [4130/4291] remaining=161  Virgo M H Ltd.
  [4131/4291] remaining=160  Virtual Bottoms Ltd.
  [4132/4291] remaining=159  Virtual Knit & Leisure Wear Ltd.
  [4133/4291] remaining=158  Virtual Knitwear Ltd.
  [4134/4291] remaining=157  Virtuous Fashion Ltd.
  [4135/4291] remaining=156  Vision Apparels (Pvt.) Ltd.
  [4136/4291] remaining=155  Vision Composite Knit Ltd.
  [4137/4291] remaining=154  Vision Garments Ltd.
  [4138/4291] remaining=153  Visual Knitwears Ltd.
  [4139/4291] remaining=152  Viyellatex Apparels Ltd.
  [4140/4291] remaining=151  Viyellatex Ltd.
  [4140/4291]  remaining=151  47/min  ETA 3 min
  [4141/4291] remaining=150  Voyager Apparels Ltd.
  [4142/4291] remaining=149  W Apparels
  [4143/4291] remaining=148  Waltz Fashions Ltd.
  [4144/4291] remaining=147  Wara Denims And Fashionwear Ltd.
  [4145/4291] remaining=146  Warm Fashion Ltd.
  [4146/4291] remaining=145  Wasif Knit Composite Ltd.
  [4147/4291] remaining=144  Water Denim Ltd.
  [4148/4291] remaining=143  Wave Tex Apparels Ltd.
  [4149/4291] remaining=142  Way Mart Apparels Ltd.
  [4150/4291] remaining=141  Wazhico Apparels Ltd.
  [4151/4291] remaining=140  Wear & Style Ltd.
  [4152/4291] remaining=139  Wear Mag Ltd.
  [4153/4291] remaining=138  Web Textile Mills
  [4154/4291] remaining=137  Weeny Apparels Ltd.
  [4155/4291] remaining=136  Wega Apparels Ltd.
  [4156/4291] remaining=135  Wega Fashion Sweater (Pvt.) Ltd.
  [4157/4291] remaining=134  Wega Knitex Ltd.
  [4158/4291] remaining=133  Wega Style Wise (Pvt) Ltd.
  [4159/4291] remaining=132  Welform Apparels Ltd.
  [4160/4291] remaining=131  Well Designers Ltd.
  [4160/4291]  remaining=131  47/min  ETA 3 min
  [4161/4291] remaining=130  Well Dresses Ltd.
  [4162/4291] remaining=129  Well Fashion (Unit-2) Ltd.
  [4163/4291] remaining=128  Well Fashion Ltd.
  [4164/4291] remaining=127  Well Lord Knit Wears Ltd.
  [4165/4291] remaining=126  Well Mart Ltd.
  [4166/4291] remaining=125  Well Tex
  [4167/4291] remaining=124  Welldone Apparel Ltd.
  [4168/4291] remaining=123  Welldone Fashion Wear Co.
  [4169/4291] remaining=122  WellMed Company Limited
  [4170/4291] remaining=121  Welltouch Apparels Ltd.
  [4171/4291] remaining=120  West Knit Wear Ltd.
  [4172/4291] remaining=119  West-Line Fashion (Pvt.) Ltd.
  [4173/4291] remaining=118  Westby's Fashion Ltd.
  [4174/4291] remaining=117  Western Dresses Ltd.
  [4175/4291] remaining=116  Western Dresses Ltd. Unit-2
  [4176/4291] remaining=115  White Bay Apparels Ltd.
  [4177/4291] remaining=114  Windy Apparels Ltd.
  [4178/4291] remaining=113  Winner Wears Ltd.
  [4179/4291] remaining=112  Winning Fashion Ltd.
  [4180/4291] remaining=111  Winsome Knit Composite Ltd.
  [4180/4291]  remaining=111  47/min  ETA 2 min
  [4181/4291] remaining=110  Winter Collection Ltd.
  [4182/4291] remaining=109  Winter Dress Ltd.
  [4183/4291] remaining=108  Winter Sprint Garments Ltd.
  [4184/4291] remaining=107  Wintex Apparels Ltd.
  [4185/4291] remaining=106  Wintex Fashion Wear Ltd.
  [4186/4291] remaining=105  Wintex Garments Ltd.
  [4187/4291] remaining=104  Winwear Ltd.
  [4188/4291] remaining=103  Wisdom Attires Ltd.
  [4189/4291] remaining=102  Wisteria Textiles Ltd.
  [4190/4291] remaining=101  Wonder Apparels Ltd.
  [4191/4291] remaining=100  Woo Ree Apparels Ltd.
  [4192/4291] remaining=99  Wool World Ltd.
  [4193/4291] remaining=98  Woolen & Wool Ltd.
  [4194/4291] remaining=97  Woolen Wear Ltd.
  [4195/4291] remaining=96  Woolsey Knitwear Ltd.
  [4196/4291] remaining=95  Work Field Knit Wears
  [4197/4291] remaining=94  World Asia Jacquard Ltd.
  [4198/4291] remaining=93  World Face International Ltd.
  [4199/4291] remaining=92  World Victory Garments Ltd.
  [4200/4291] remaining=91  World Ye Apparels (BD) Ltd.
  [4200/4291]  remaining=91  47/min  ETA 2 min
  [4201/4291] remaining=90  World Ye Dress Pants Ltd.
  [4202/4291] remaining=89  Wraps Clothes-Line Ltd.
  [4203/4291] remaining=88  Wucho Fashion Ltd.
  [4204/4291] remaining=87  Xin Bangla Fabrics
  [4205/4291] remaining=86  Xinjie Caps & Bags Co., Limited
  [4206/4291] remaining=85  Y.B. Garments Ltd.
  [4207/4291] remaining=84  Y.B.M. Apparels Ltd.
  [4208/4291] remaining=83  Y.K. Knitwear Ltd.
  [4209/4291] remaining=82  Y.K. Sweaters Ltd.
  [4210/4291] remaining=81  Yagi Bangladesh Garments Ltd.
  [4211/4291] remaining=80  Yakub Fashion Ltd.
  [4212/4291] remaining=79  Yakub Garments Ltd.
  [4213/4291] remaining=78  Yara Knit Wear Ltd.
  [4214/4291] remaining=77  Yasin Knittex Inds. Ltd.
  [4215/4291] remaining=76  Yeakin Textile Industries
  [4216/4291] remaining=75  Yellow Apparels Ltd.
  [4217/4291] remaining=74  Yester Jeans Ltd.
  [4218/4291] remaining=73  YM Garments Ltd.
  [4219/4291] remaining=72  Yolk Apparels Ltd.
  [4220/4291] remaining=71  Yongtai Indus. (BD) Ltd.
  [4220/4291]  remaining=71  47/min  ETA 2 min
  [4221/4291] remaining=70  York Fashion Ltd.
  [4222/4291] remaining=69  York Sports Wear Ltd.
  [4223/4291] remaining=68  Young 4 Ever Textiles Ltd.
  [4224/4291] remaining=67  Young An Hat (BD) Limited.
  [4225/4291] remaining=66  Young Fashion (Pvt) Ltd.
  [4226/4291] remaining=65  Young Hi-Tech Technical Wear Ltd.
  [4227/4291] remaining=64  Young International Garments (BD) Ltd.
  [4228/4291] remaining=63  Young Socks Ltd.
  [4229/4291] remaining=62  Young Star Sweater
  [4230/4291] remaining=61  Youngone (CEPZ) Limited
  [4231/4291] remaining=60  Youngone Hi-Tech Sportswear Inds.Ltd.
  [4232/4291] remaining=59  Youngones (Bangladesh) Ltd.
  [4233/4291] remaining=58  Youngones (BD) Ltd. Unit-2
  [4234/4291] remaining=57  Your Fashion Sweater Ltd.
  [4235/4291] remaining=56  Youth Fashion Limited
  [4236/4291] remaining=55  Youth Garments Ltd.
  [4237/4291] remaining=54  YP Ashulia Ltd.
  [4238/4291] remaining=53  YP Gazipur Ltd.
  [4239/4291] remaining=52  Ytex Garments Ltd
  [4240/4291] remaining=51  Yu Lee Cap Ltd.
  [4240/4291]  remaining=51  46/min  ETA 1 min
  [4241/4291] remaining=50  Yusuf Apparel Ltd.
  [4242/4291] remaining=49  Z & Z Intimates Ltd.
  [4243/4291] remaining=48  Z-3 Composite Knitwear Ltd.
  [4244/4291] remaining=47  Z-3 Dresses Ltd.
  [4245/4291] remaining=46  Z-Star Ltd.
  [4246/4291] remaining=45  Z.I. Apparels Ltd.
  [4247/4291] remaining=44  Z.M. Apparels Limited
  [4248/4291] remaining=43  Z.N. Composite Ltd.
  [4249/4291] remaining=42  ZA Apparels Limited
  [4250/4291] remaining=41  Zaara Composite Textiles Ltd.
  [4251/4291] remaining=40  Zaara Jeans & Knitwear Ltd.
  [4252/4291] remaining=39  Zaara Sara Knit Ind. Ltd.
  [4253/4291] remaining=38  Zaber & Zubair Fabrics Ltd.
  [4254/4291] remaining=37  Zaf Sweater And Garments Ltd.
  [4255/4291] remaining=36  Zafa Garments & Textiles Ltd.
  [4256/4291] remaining=35  Zafar Enterprises (Pvt) Ltd.
  [4257/4291] remaining=34  Zahan Garments (Pvt.) Ltd.
  [4258/4291] remaining=33  Zahintex Industries Ltd.
  [4259/4291] remaining=32  Zain Apparels Ltd.
  [4260/4291] remaining=31  Zakaria Apparels Ltd.
  [4260/4291]  remaining=31  46/min  ETA 1 min
  [4261/4291] remaining=30  Zakmars Fashion Ltd.
  [4262/4291] remaining=29  Zalo Knitting Ltd.
  [4263/4291] remaining=28  Zaman Fashionwears Ltd.
  [4264/4291] remaining=27  Zaman Garments Ltd.
  [4265/4291] remaining=26  Zara Denim Ltd.
  [4266/4291] remaining=25  Zara Socks Inds.
  [4267/4291] remaining=24  ZAS Apparels (Pvt) Ltd.
  [4268/4291] remaining=23  Zayaan Outerwear Ltd.
  [4269/4291] remaining=22  Zemtex Linkage Inds. Ltd.
  [4270/4291] remaining=21  Zemtex Sweater Ltd.
  [4271/4291] remaining=20  Zenith Fashions Ltd.
  [4272/4291] remaining=19  Zest Knitwear Ltd.
  [4273/4291] remaining=18  Zeysha Fashionwear Ltd.
  [4274/4291] remaining=17  ZHK Design & Sourcing
  [4275/4291] remaining=16  Zhsan Apparels (BD) Ltd.
  [4276/4291] remaining=15  Zia Apparels King Ltd.
  [4277/4291] remaining=14  Zian Tex Limited
  [4278/4291] remaining=13  Zihad Tex Ltd.
  [4279/4291] remaining=12  Zihan Garments Industry Ltd.
  [4280/4291] remaining=11  Zisa`s Fashion Ltd.
  [4280/4291]  remaining=11  46/min  ETA 0 min
  [4281/4291] remaining=10  Zodiac Clothing Bangladesh Ltd.
  [4282/4291] remaining=9  Zon Ron Sweaters Ltd.
  [4283/4291] remaining=8  Zoom Sweaters Ltd.
  [4284/4291] remaining=7  Zoomtex Limited
  [4285/4291] remaining=6  ZR Sweaters
  [4286/4291] remaining=5  ZRS Knitwear Ltd.
  [4287/4291] remaining=4  ZS Knit Fabrics Ltd.
  [4288/4291] remaining=3  ZSB Garments Ltd.
  [4289/4291] remaining=2  Zuma Fashions Ltd.
  [4290/4291] remaining=1  Zyta Apparels Ltd.
  [4291/4291] remaining=0  Zyta Garments Ltd.

==============================================
  Members indexed     : 4291
  Factories written   : 4291
  All ten fields      : 1056
  Some fields blank   : 3235
  Output              : D:\work\BIDS\BGMEA\bgmea_selenium\output\bgmea_factories.xlsx
  Audit / reasons     : D:\work\BIDS\BGMEA\bgmea_selenium\output\bgmea_factories_audit.xlsx
==============================================
