Reading factory URLs from excel\mib_factories.xlsx
Found 3281 factory URLs.
Already scraped (resumable): 0 (0 ok, 0 need retry)
Connecting to Chrome at 127.0.0.1:9222 ...
Connected. Starting scrape. Press Ctrl+C to stop at any time (safe to resume).

[1/3281] id=10 status=ok (2.0s) - Armana Apparels Ltd. | remaining: 3280
[2/3281] id=100 status=ok (2.5s) - Centex Fashions Ltd. | remaining: 3279
[3/3281] id=10001 status=ok (2.5s) - Uranus Apparels Ltd. | remaining: 3278
[4/3281] id=10002 status=ok (2.5s) - Sundry Apparels Ltd. | remaining: 3277
[5/3281] id=10004 status=ok (3.1s) - Arafat Fashion | remaining: 3276
[6/3281] id=10005 status=ok (2.5s) - Focus Apparels BD. Ltd. | remaining: 3275
[7/3281] id=10008 status=ok (2.2s) - Five Star Fashions Ltd. | remaining: 3274
[8/3281] id=1001 status=ok (2.5s) - Sheikh Shanta Fashion | remaining: 3273
[9/3281] id=10011 status=ok (2.5s) - Intercare Ltd. | remaining: 3272
[10/3281] id=10012 status=ok (1.9s) - Cistiya Fashion | remaining: 3271
[11/3281] id=10013 status=ok (2.4s) - Kay Garments Ltd. | remaining: 3270
[12/3281] id=10014 status=ok (1.9s) - Comfort Wear Garments | remaining: 3269
[13/3281] id=10021 status=ok (2.5s) - Top Star Fashions Ltd. | remaining: 3268
[14/3281] id=10023 status=ok (3.1s) - A & N Fashion | remaining: 3267
[15/3281] id=10026 status=ok (2.4s) - Jadid Apparels | remaining: 3266
[16/3281] id=10028 status=ok (3.4s) - Madina Establishments Ltd. | remaining: 3265
[17/3281] id=10029 status=ok (3.1s) - Jans Fabrics Ltd. | remaining: 3264
[18/3281] id=10032 status=ok (2.5s) - Sanguine Apparels Ltd. | remaining: 3263
[19/3281] id=10033 status=ok (2.5s) - Khan Fashion | remaining: 3262
[20/3281] id=10037 status=ok (3.3s) - Hope Apparels | remaining: 3261
    -> checkpoint saved to mib_factories_full.xlsx
[21/3281] id=10038 status=ok (2.4s) - Eastern Dresses Ltd. (Unit-2) | remaining: 3260
[22/3281] id=10047 status=ok (2.4s) - Kohinoor Apparels Ltd. | remaining: 3259
[23/3281] id=1005 status=ok (3.3s) - Sufia Knit Tex Ltd. | remaining: 3258
[24/3281] id=10050 status=ok (2.5s) - Ettadee Jeans Ltd. | remaining: 3257
[25/3281] id=100505 status=ok (1.9s) - Maximus Knitwear Ltd. | remaining: 3256
[26/3281] id=100506 status=ok (2.4s) - Hilton Apparels Ltd. | remaining: 3255
[27/3281] id=10056 status=ok (2.5s) - S & S Swimwear Ltd. | remaining: 3254
[28/3281] id=10058 status=ok (3.1s) - Fit Well Sweater (Pvt.) Ltd. | remaining: 3253
[29/3281] id=1006 status=ok (2.5s) - Shams Designs Ltd. | remaining: 3252
[30/3281] id=10061 status=ok (2.5s) - Annex Fashion Ltd. | remaining: 3251
[31/3281] id=10062 status=ok (2.4s) - M. I. Knitwear Ltd. | remaining: 3250
[32/3281] id=10063 status=ok (2.4s) - Seasons Creations Ltd. | remaining: 3249
[33/3281] id=10064 status=ok (2.5s) - Moontaha Fashion Ltd. | remaining: 3248
[34/3281] id=10065 status=ok (3.1s) - KR Agro and Trading | remaining: 3247
[35/3281] id=10068 status=ok (2.3s) - Stitch Tone Apparels Ltd. | remaining: 3246
[36/3281] id=10069 status=ok (2.5s) - Promi Fashion Garments | remaining: 3245
[37/3281] id=10072 status=ok (3.2s) - Reliance Denim Inds. Ltd. | remaining: 3244
[38/3281] id=10073 status=ok (2.3s) - Lumbini Ltd. | remaining: 3243
[39/3281] id=10074 status=ok (2.3s) - Badgetex Apparels Ltd. | remaining: 3242
[40/3281] id=10077 status=ok (3.2s) - Dips Apparel Ltd. (Extension) | remaining: 3241
    -> checkpoint saved to mib_factories_full.xlsx
[41/3281] id=10078 status=ok (1.9s) - Texolline Apparels Ltd. | remaining: 3240
[42/3281] id=10079 status=ok (2.8s) - S.I. Fashion | remaining: 3239
[43/3281] id=1008 status=ok (2.3s) - Atashi Fashion Ltd. | remaining: 3238
[44/3281] id=10080 status=ok (2.5s) - Eden Fashions Ltd. | remaining: 3237
[45/3281] id=10081 status=ok (2.3s) - Allar Dhan Pant House | remaining: 3236
[46/3281] id=10084 status=ok (2.3s) - Combined Apparels Ltd. | remaining: 3235
[47/3281] id=10086 status=ok (1.9s) - Alfa Knit Fashion Ltd. | remaining: 3234
[48/3281] id=10088 status=ok (4.1s) - Shet Land Fabrics Ltd. | remaining: 3233
[49/3281] id=10089 status=ok (2.4s) - Top Moon Fashion Ltd. | remaining: 3232
[50/3281] id=10090 status=ok (2.5s) - T.K.K. Fashion Wear Ltd. | remaining: 3231
[51/3281] id=10092 status=ok (2.3s) - Selection Fashion Wear Ltd. | remaining: 3230
[52/3281] id=10095 status=ok (2.3s) - Progressive Knitwear Ltd. | remaining: 3229
[53/3281] id=10097 status=ok (3.2s) - Link Wear Ltd. | remaining: 3228
[54/3281] id=10099 status=ok (2.4s) - R.H. Attire Ltd. | remaining: 3227
[55/3281] id=10100 status=ok (2.4s) - Salim & Brothers Ltd. (Unit-2) | remaining: 3226
[56/3281] id=101001 status=ok (2.4s) - Jannat Dewan Garments Industries | remaining: 3225
[57/3281] id=101002 status=ok (2.7s) - RJ Fashion Ltd. | remaining: 3224
[58/3281] id=101003 status=ok (1.9s) - Bismillah Fashion | remaining: 3223
[59/3281] id=101004 status=ok (3.1s) - Friends Paradise Ltd. | remaining: 3222
[60/3281] id=101005 status=ok (2.5s) - SB Knitting | remaining: 3221
    -> checkpoint saved to mib_factories_full.xlsx
[61/3281] id=101006 status=ok (2.1s) - Jannat Sweaters Ltd. | remaining: 3220
[62/3281] id=101007 status=ok (2.3s) - Smart Jacquard Sweaters | remaining: 3219
[63/3281] id=101009 status=ok (2.5s) - Natural Indigo Ltd. | remaining: 3218
[64/3281] id=101010 status=ok (2.5s) - Imaan Knitwear Ltd. | remaining: 3217
[65/3281] id=101011 status=ok (2.4s) - Atib Knitwear Ltd. | remaining: 3216
[66/3281] id=101014 status=ok (2.6s) - H.R Knit Fashion Ltd. | remaining: 3215
[67/3281] id=101015 status=ok (2.4s) - Golden Attires Fashion Ltd. | remaining: 3214
[68/3281] id=101016 status=ok (3.1s) - SS Cap Ltd. | remaining: 3213
[69/3281] id=101019 status=ok (2.3s) - G.A.B Ltd. | remaining: 3212
[70/3281] id=10102 status=ok (3.1s) - Salim & Brothers Ltd. | remaining: 3211
[71/3281] id=101021 status=ok (2.8s) - GJ Caps & Headwear Ltd. (Unit-2) | remaining: 3210
[72/3281] id=101023 status=ok (2.4s) - Sejuti Knitwear | remaining: 3209
[73/3281] id=10103 status=ok (2.3s) - Nazia Apparels | remaining: 3208
[74/3281] id=101031 status=ok (2.7s) - Millennium Dresses Ltd. | remaining: 3207
[75/3281] id=101032 status=ok (2.4s) - Al-Muslim Apparels Ltd. | remaining: 3206
[76/3281] id=101035 status=ok (2.4s) - Rhino Apparels Ltd. | remaining: 3205
[77/3281] id=101036 status=ok (1.9s) - Jubayer Fashion (BD) Ltd. | remaining: 3204
[78/3281] id=101037 status=ok (2.4s) - Enha Fashion | remaining: 3203
[79/3281] id=101038 status=ok (2.4s) - Raan Fashions | remaining: 3202
[80/3281] id=101039 status=ok (2.3s) - Lamia Sweater | remaining: 3201
    -> checkpoint saved to mib_factories_full.xlsx
[81/3281] id=101041 status=ok (2.4s) - MN Fashions Ltd. | remaining: 3200
[82/3281] id=101045 status=ok (2.4s) - YP Gazipur Ltd. | remaining: 3199
[83/3281] id=101047 status=ok (2.4s) - Exsaco Ltd. | remaining: 3198
[84/3281] id=101053 status=ok (3.1s) - Thasina Apparels Ltd. | remaining: 3197
[85/3281] id=101175 status=ok (3.3s) - Platinum Creations & Designs Ltd. | remaining: 3196
[86/3281] id=101176 status=ok (2.5s) - Lavish Design Ltd. | remaining: 3195
[87/3281] id=101178 status=ok (2.5s) - Styllent Knit Ltd. | remaining: 3194
[88/3281] id=101179 status=ok (2.5s) - TMA Fashion Ltd. | remaining: 3193
[89/3281] id=10118 status=ok (2.9s) - Garments Park (BD) Ltd. | remaining: 3192
[90/3281] id=101180 status=ok (2.4s) - KISAC BD Apparels | remaining: 3191
[91/3281] id=101181 status=ok (1.9s) - Namira Sweater | remaining: 3190
[92/3281] id=101182 status=ok (2.5s) - Jahan Fashion | remaining: 3189
[93/3281] id=101185 status=ok (2.9s) - Nabodhara Apparels Ltd. | remaining: 3188
[94/3281] id=101186 status=ok (2.2s) - M.B Sweater | remaining: 3187
[95/3281] id=101190 status=ok (1.9s) - J R M Styles | remaining: 3186
[96/3281] id=10120 status=ok (2.4s) - Afrah Fashion Ltd. | remaining: 3185
[97/3281] id=101202 status=ok (2.3s) - Afnan Apparel Industry Ltd. | remaining: 3184
[98/3281] id=101203 status=ok (2.3s) - Ishayat Apparels Ltd. | remaining: 3183
[99/3281] id=10121 status=ok (2.6s) - H.I. Apparels Ltd. | remaining: 3182
[100/3281] id=101211 status=ok (1.9s) - FSS Sweater | remaining: 3181
    -> checkpoint saved to mib_factories_full.xlsx
[101/3281] id=101212 status=ok (2.5s) - B.S. Sweater Fashions | remaining: 3180
[102/3281] id=101213 status=ok (2.4s) - Zero Kniting | remaining: 3179
[103/3281] id=101214 status=ok (2.3s) - Manikgonj Knitwear | remaining: 3178
[104/3281] id=101215 status=ok (1.9s) - Khan Sweater | remaining: 3177
[105/3281] id=101216 status=ok (3.2s) - Salman Fashion | remaining: 3176
[106/3281] id=101217 status=ok (2.3s) - Sharif Fashion | remaining: 3175
[107/3281] id=101218 status=ok (1.9s) - RP Sweater | remaining: 3174
[108/3281] id=101219 status=ok (2.5s) - Frost Fashion Ltd. | remaining: 3173
[109/3281] id=10122 status=ok (3.2s) - Rhythm Fashion Ltd. | remaining: 3172
[110/3281] id=101220 status=ok (2.3s) - H & M Sweater | remaining: 3171
[111/3281] id=101221 status=ok (2.5s) - Cozy Sweater (BD) | remaining: 3170
[112/3281] id=101222 status=ok (2.4s) - Habib Sweater | remaining: 3169
[113/3281] id=101223 status=ok (2.4s) - A.R Fashion | remaining: 3168
[114/3281] id=101231 status=ok (2.4s) - Hasina Knit Wear | remaining: 3167
[115/3281] id=10124 status=ok (2.5s) - H.B. Knitex Ltd. | remaining: 3166
[116/3281] id=101241 status=ok (2.6s) - Zayan Fashion | remaining: 3165
[117/3281] id=101242 status=ok (3.1s) - Fancy Sweater | remaining: 3164
[118/3281] id=101243 status=ok (2.3s) - Siddikya Fashion | remaining: 3163
[119/3281] id=101244 status=ok (2.3s) - R.S Sweater Limited | remaining: 3162
[120/3281] id=101245 status=ok (2.0s) - A.J. Sweater Fashion | remaining: 3161
    -> checkpoint saved to mib_factories_full.xlsx
[121/3281] id=101246 status=ok (2.5s) - Modern Sweater | remaining: 3160
[122/3281] id=101247 status=ok (2.9s) - Shayaan Alo Fashion | remaining: 3159
[123/3281] id=101248 status=ok (3.0s) - MM Khan Sweater | remaining: 3158
[124/3281] id=101249 status=ok (2.3s) - Jannat Fashions | remaining: 3157
[125/3281] id=10125 status=ok (2.5s) - J.S.A Fashion | remaining: 3156
[126/3281] id=101250 status=ok (4.0s) - Dhali Fashion World | remaining: 3155
[127/3281] id=101251 status=ok (2.4s) - Future Knitwear | remaining: 3154
[128/3281] id=101252 status=ok (2.4s) - Fashion Composite Products Ltd. | remaining: 3153
[129/3281] id=101253 status=ok (2.4s) - Xintai Apparels Ltd. | remaining: 3152
[130/3281] id=101254 status=ok (2.4s) - Handa (Dhaka) Textile Co. Ltd. | remaining: 3151
[131/3281] id=101255 status=ok (2.3s) - Humanity Fashion | remaining: 3150
[132/3281] id=101258 status=ok (2.0s) - Asha Fashion | remaining: 3149
[133/3281] id=10126 status=ok (2.4s) - H.B. Intimates Ltd. | remaining: 3148
[134/3281] id=101261 status=ok (1.9s) - Wucho Fashion Ltd. (Unit-2) | remaining: 3147
[135/3281] id=10127 status=ok (2.4s) - Montex Apparels Ltd. | remaining: 3146
[136/3281] id=10128 status=ok (2.3s) - New Meem Fashions | remaining: 3145
[137/3281] id=10133 status=ok (2.3s) - Purna Fashion Ltd. | remaining: 3144
[138/3281] id=10135 status=ok (2.4s) - Mam Apparel & Textiles Ltd. | remaining: 3143
[139/3281] id=10136 status=ok (2.4s) - Haniah Knitting Fashion | remaining: 3142
[140/3281] id=10137 status=ok (2.9s) - HKC Apparels Ltd. | remaining: 3141
    -> checkpoint saved to mib_factories_full.xlsx
[141/3281] id=10138 status=ok (2.4s) - New Fashion (NF) Ltd. | remaining: 3140
[142/3281] id=10140 status=ok (2.4s) - Vertex Innovative Apparels Ltd. | remaining: 3139
[143/3281] id=10142 status=ok (2.4s) - P & G Textile Ltd. | remaining: 3138
[144/3281] id=10144 status=ok (2.3s) - Vintage Textile Ltd. | remaining: 3137
[145/3281] id=10147 status=ok (2.3s) - Savannah Fashion Ltd. | remaining: 3136
[146/3281] id=10148 status=ok (2.0s) - Maxim Fashions Ltd. | remaining: 3135
[147/3281] id=10153 status=ok (2.4s) - Running Fashion Wear Ltd. | remaining: 3134
[148/3281] id=10155 status=ok (2.4s) - Freedom Apparels | remaining: 3133
[149/3281] id=10157 status=ok (2.3s) - Sufi Apparels Ltd. | remaining: 3132
[150/3281] id=10160 status=ok (2.4s) - J.S Fashion | remaining: 3131
[151/3281] id=10161 status=ok (2.3s) - Meadow Apparel Ltd. | remaining: 3130
[152/3281] id=10164 status=ok (2.5s) - J.R. Enterprise Ltd. | remaining: 3129
[153/3281] id=10167 status=ok (2.3s) - Alfa Textile Ltd. | remaining: 3128
[154/3281] id=10172 status=ok (2.5s) - DAF Knitwears Ltd. | remaining: 3127
[155/3281] id=10174 status=ok (2.3s) - Rashad Industries (Pvt.) Ltd. (Unit-2) | remaining: 3126
[156/3281] id=10175 status=ok (2.4s) - Adila Apparels | remaining: 3125
[157/3281] id=10176 status=ok (2.4s) - N.R.C. Knit Fashions Ltd. | remaining: 3124
[158/3281] id=10178 status=ok (2.3s) - Charm Fashion | remaining: 3123
[159/3281] id=10179 status=ok (2.3s) - Alamode Apparels Ltd. | remaining: 3122
[160/3281] id=1018 status=ok (2.4s) - Rishad Garments | remaining: 3121
    -> checkpoint saved to mib_factories_full.xlsx
[161/3281] id=10180 status=ok (2.5s) - Parba Fashion Ltd. | remaining: 3120
[162/3281] id=10181 status=ok (2.3s) - Shirt Makers Ltd. | remaining: 3119
[163/3281] id=10182 status=ok (4.1s) - Well Mart Ltd. | remaining: 3118
[164/3281] id=10183 status=ok (2.4s) - Harrods Garments Ltd. | remaining: 3117
[165/3281] id=10184 status=ok (2.3s) - Well Fashion Ltd. (Unit-2) | remaining: 3116
[166/3281] id=10190 status=ok (2.3s) - Azmain Fashion Ltd. | remaining: 3115
[167/3281] id=10193 status=ok (3.4s) - Figo Fashions Ltd. | remaining: 3114
[168/3281] id=10195 status=ok (2.3s) - Nine 2 Nine Intimates Ltd. | remaining: 3113
[169/3281] id=10196 status=ok (2.4s) - Four H Apparels Ltd. | remaining: 3112
[170/3281] id=10197 status=ok (2.4s) - Sham's Knitting & Sweater Ind. Ltd. | remaining: 3111
[171/3281] id=10198 status=ok (2.1s) - ACME Apparels (Pvt.) Ltd. | remaining: 3110
[172/3281] id=10199 status=ok (2.0s) - Uponti Apparels Ltd. | remaining: 3109
[173/3281] id=102 status=ok (2.0s) - SRB Fashions Ltd. | remaining: 3108
[174/3281] id=10200 status=ok (2.4s) - Quality Fashion Wear Ltd. | remaining: 3107
[175/3281] id=10201 status=ok (2.5s) - Modiste (Bangladesh) Ltd. | remaining: 3106
[176/3281] id=10202 status=ok (2.4s) - Innova Garments Ltd. | remaining: 3105
[177/3281] id=10203 status=ok (2.6s) - Sirina Garments & Textiles Ltd. | remaining: 3104
[178/3281] id=10205 status=ok (2.3s) - Wazhico Apparels Ltd. | remaining: 3103
[179/3281] id=10207 status=ok (2.4s) - Eastern Knit Wear Ltd. | remaining: 3102
[180/3281] id=10208 status=ok (2.5s) - Unimark Fashion Ltd. | remaining: 3101
    -> checkpoint saved to mib_factories_full.xlsx
[181/3281] id=10209 status=ok (2.4s) - Dress King Ltd. | remaining: 3100
[182/3281] id=10210 status=ok (2.0s) - Kattali Textile Ltd. | remaining: 3099
[183/3281] id=10211 status=ok (3.0s) - Shams BD. | remaining: 3098
[184/3281] id=10212 status=ok (1.8s) - Fashion Export International Ltd. | remaining: 3097
[185/3281] id=10213 status=ok (2.4s) - Design Apparels (Pvt.) Ltd. | remaining: 3096
[186/3281] id=10214 status=ok (2.4s) - Organic Jeans Ltd. | remaining: 3095
[187/3281] id=10215 status=ok (2.5s) - Arefin Textile Mills Ltd. | remaining: 3094
[188/3281] id=10217 status=ok (2.5s) - Zakmars Fashion Ltd. | remaining: 3093
[189/3281] id=10219 status=ok (2.4s) - T.S.B. Fashion | remaining: 3092
[190/3281] id=10220 status=ok (2.4s) - Kith Fashion Ltd. | remaining: 3091
[191/3281] id=10221 status=ok (2.2s) - Sun Fashion Wear Ltd. | remaining: 3090
[192/3281] id=10222 status=ok (2.3s) - DPT Fashion Ltd. | remaining: 3089
[193/3281] id=10223 status=ok (2.4s) - JP Sweaters Ltd. | remaining: 3088
[194/3281] id=10225 status=ok (2.3s) - Desh Garments Ltd. | remaining: 3087
[195/3281] id=10226 status=ok (2.1s) - Smart Jeans Ltd. | remaining: 3086
[196/3281] id=10228 status=ok (2.5s) - Farzana Fashions World Ltd. | remaining: 3085
[197/3281] id=10229 status=ok (2.1s) - Abalone Fashion Ltd. | remaining: 3084
[198/3281] id=10231 status=ok (2.2s) - Farmin Fashion Design Ltd. | remaining: 3083
[199/3281] id=10232 status=ok (3.1s) - Sonnet Textile Industries Ltd. | remaining: 3082
[200/3281] id=10233 status=ok (2.1s) - Unity Industrial (BD) Ltd. | remaining: 3081
    -> checkpoint saved to mib_factories_full.xlsx
[201/3281] id=10234 status=ok (2.4s) - Frank Apparel Ltd. | remaining: 3080
[202/3281] id=10236 status=ok (2.4s) - Men's Fashion Ltd. | remaining: 3079
[203/3281] id=10240 status=ok (2.4s) - Orange Design Ltd. | remaining: 3078
[204/3281] id=10241 status=ok (2.5s) - Priyam Garments Ltd. | remaining: 3077
[205/3281] id=10242 status=ok (2.5s) - Sammart Fashion (BD) Ltd. | remaining: 3076
[206/3281] id=10244 status=ok (1.8s) - Chowdhury Fashion Wear Ltd. | remaining: 3075
[207/3281] id=10248 status=ok (2.5s) - Cottonex Fashions Ltd. | remaining: 3074
[208/3281] id=10250 status=ok (2.4s) - Apparel Promoters Ltd. | remaining: 3073
[209/3281] id=10252 status=ok (2.5s) - Loyaltex Ltd. | remaining: 3072
[210/3281] id=10253 status=ok (2.3s) - Integral Apparels Ltd. | remaining: 3071
[211/3281] id=10256 status=ok (2.4s) - Glory Industries Ltd. | remaining: 3070
[212/3281] id=10258 status=ok (2.6s) - R.D.M. Apparels Ltd. | remaining: 3069
[213/3281] id=10260 status=ok (2.5s) - Fashion of Wales Ltd. | remaining: 3068
[214/3281] id=10262 status=ok (3.2s) - The Chittagong Garments Ltd. | remaining: 3067
[215/3281] id=10263 status=ok (2.4s) - Clifton Cotton Mills Ltd. | remaining: 3066
[216/3281] id=10265 status=ok (2.3s) - Taueba Fashion Ltd. | remaining: 3065
[217/3281] id=10267 status=ok (2.3s) - GSL Export Ltd. | remaining: 3064
[218/3281] id=10269 status=ok (2.4s) - Afra Knit Fashion | remaining: 3063
[219/3281] id=10270 status=ok (2.4s) - Delmas Garments (Pvt.) Ltd. | remaining: 3062
[220/3281] id=10273 status=ok (2.4s) - Sharif Fabrics Ltd. | remaining: 3061
    -> checkpoint saved to mib_factories_full.xlsx
[221/3281] id=10275 status=ok (2.4s) - Apollo Sewing & Garments Ltd. | remaining: 3060
[222/3281] id=10277 status=ok (2.4s) - Nazifa Fashion | remaining: 3059
[223/3281] id=10278 status=ok (2.3s) - Al-Amin Garment Inds. Ltd. | remaining: 3058
[224/3281] id=10279 status=ok (2.9s) - Precious Apparels Ltd. | remaining: 3057
[225/3281] id=10280 status=ok (2.5s) - Knit Moon Ltd. | remaining: 3056
[226/3281] id=10281 status=ok (2.3s) - Caesar Apparels Ltd. | remaining: 3055
[227/3281] id=10282 status=ok (2.3s) - HK-TG Garments Ltd. | remaining: 3054
[228/3281] id=10284 status=ok (2.1s) - Jilani Fashion Wears Ltd. | remaining: 3053
[229/3281] id=10286 status=ok (2.5s) - Alert Fashions Ltd. | remaining: 3052
[230/3281] id=10288 status=ok (2.5s) - Jade Fashion (BD) Ltd. | remaining: 3051
[231/3281] id=10289 status=ok (2.3s) - Mir Fashionwear Ltd. | remaining: 3050
[232/3281] id=10293 status=ok (2.5s) - B.S.A. Fashion Ltd. | remaining: 3049
[233/3281] id=10296 status=ok (2.5s) - Rashad Industries (Pvt.) Ltd. | remaining: 3048
[234/3281] id=10297 status=ok (2.0s) - Vanguard Dresses Ltd. | remaining: 3047
[235/3281] id=10298 status=ok (1.9s) - Dragoni Fashions Ltd. | remaining: 3046
[236/3281] id=10299 status=ok (2.5s) - Morning Glory Fashion Ltd. | remaining: 3045
[237/3281] id=103 status=ok (1.9s) - Jann Composite Mills Ltd. | remaining: 3044
[238/3281] id=10300 status=ok (3.1s) - Mazarine Fashion | remaining: 3043
[239/3281] id=10301 status=ok (2.3s) - Gartex Garments Ltd. | remaining: 3042
[240/3281] id=10302 status=ok (2.4s) - Gold Mart Apparels (Pvt.) Ltd. | remaining: 3041
    -> checkpoint saved to mib_factories_full.xlsx
[241/3281] id=10303 status=ok (3.2s) - Orchid Sweater Ltd. | remaining: 3040
[242/3281] id=10305 status=ok (2.4s) - B.T.L Apparels Ltd. | remaining: 3039
[243/3281] id=10306 status=ok (2.3s) - H.B. Fashions Ltd. | remaining: 3038
[244/3281] id=10307 status=ok (2.4s) - Krishan Knitting Ltd. | remaining: 3037
[245/3281] id=10308 status=ok (2.3s) - Benchmark Apparels Ltd. | remaining: 3036
[246/3281] id=10309 status=ok (2.3s) - Tamanna Apparels Ltd. | remaining: 3035
[247/3281] id=10312 status=ok (2.4s) - Image Garments Ltd. | remaining: 3034
[248/3281] id=10313 status=ok (2.4s) - Global Shirts Ltd. | remaining: 3033
[249/3281] id=10314 status=ok (1.9s) - Nus Apparels Ltd. | remaining: 3032
[250/3281] id=10315 status=ok (1.9s) - Fashion Choice | remaining: 3031
[251/3281] id=10317 status=ok (2.3s) - Vanguard Garments Ltd. | remaining: 3030
[252/3281] id=10319 status=ok (2.4s) - Authentic Garments (Pvt.) Ltd. | remaining: 3029
[253/3281] id=10320 status=ok (2.4s) - Caesar Apparels Ltd. (Extension) | remaining: 3028
[254/3281] id=10321 status=ok (2.3s) - PNG (BD) Ltd. | remaining: 3027
[255/3281] id=10322 status=ok (2.3s) - Mazkan Jeans Ltd. | remaining: 3026
[256/3281] id=10325 status=ok (2.4s) - Hi-Fashion Ltd. | remaining: 3025
[257/3281] id=10326 status=ok (2.4s) - Mellow Fashion Ltd. | remaining: 3024
[258/3281] id=10327 status=ok (2.4s) - Ronson Knitting Ltd. | remaining: 3023
[259/3281] id=10330 status=ok (2.4s) - Adventure Attire Ltd. | remaining: 3022
[260/3281] id=10331 status=ok (2.6s) - Ultra Design & Fashions Ltd. | remaining: 3021
    -> checkpoint saved to mib_factories_full.xlsx
[261/3281] id=10332 status=ok (2.4s) - Meher Garments Ltd. | remaining: 3020
[262/3281] id=10333 status=ok (2.3s) - Maestro Apparel Ltd. | remaining: 3019
[263/3281] id=10338 status=ok (2.5s) - Saz Fashion Ltd. | remaining: 3018
[264/3281] id=10339 status=ok (2.5s) - Well Dresses Ltd. | remaining: 3017
[265/3281] id=10341 status=ok (3.1s) - Pan-Mark Apparels (Pvt.) Ltd. | remaining: 3016
[266/3281] id=10342 status=ok (2.4s) - Provati Apparels Ltd. | remaining: 3015
[267/3281] id=10343 status=ok (2.4s) - Shyms Fashions Ltd. | remaining: 3014
[268/3281] id=10345 status=ok (2.5s) - Al-Ittefaq Textiles Ltd. | remaining: 3013
[269/3281] id=10348 status=ok (2.4s) - Divine Intimates Ltd. | remaining: 3012
[270/3281] id=10349 status=ok (2.6s) - Belamy Textiles Ltd. | remaining: 3011
[271/3281] id=10350 status=ok (2.4s) - Fortune Apparels Ltd. | remaining: 3010
[272/3281] id=10351 status=ok (2.4s) - Sonnet Fashions Ltd. | remaining: 3009
[273/3281] id=10352 status=ok (2.5s) - Sonnet Textile Industries Ltd. (Unit-2) | remaining: 3008
[274/3281] id=10354 status=ok (3.0s) - Base Textile Ltd. | remaining: 3007
[275/3281] id=10358 status=ok (2.5s) - Cardinal Apparels Ltd. | remaining: 3006
[276/3281] id=10359 status=ok (3.1s) - Naba Export Ltd. | remaining: 3005
[277/3281] id=1036 status=ok (2.4s) - Seenya Tex | remaining: 3004
[278/3281] id=10360 status=ok (1.9s) - R.S. Sweater (Pvt.) Ltd. | remaining: 3003
[279/3281] id=10361 status=ok (2.5s) - Ritzy Knit Designs Ltd. | remaining: 3002
[280/3281] id=10362 status=ok (3.3s) - Diamond Knitwear Ltd. | remaining: 3001
    -> checkpoint saved to mib_factories_full.xlsx
[281/3281] id=10363 status=ok (2.5s) - Divine Design Ltd. | remaining: 3000
[282/3281] id=10364 status=ok (3.0s) - Gous Fashion Ind. Ltd. | remaining: 2999
[283/3281] id=10365 status=ok (2.5s) - Legacy Fashion Ltd. | remaining: 2998
[284/3281] id=10366 status=ok (1.9s) - Renown Apparels Ltd. | remaining: 2997
[285/3281] id=10367 status=ok (3.1s) - Meejab Ltd. | remaining: 2996
[286/3281] id=10369 status=ok (2.4s) - Loyal Apparels Ltd. | remaining: 2995
[287/3281] id=1037 status=ok (1.9s) - Sweater Care Ltd. | remaining: 2994
[288/3281] id=10370 status=ok (2.5s) - Jawad Enterprise | remaining: 2993
[289/3281] id=10372 status=ok (2.5s) - S.K.R. Attire Ltd. | remaining: 2992
[290/3281] id=10378 status=ok (2.4s) - Al-Galeb Fashion Ltd. | remaining: 2991
[291/3281] id=10379 status=ok (2.5s) - Clifton Apparels Ltd. | remaining: 2990
[292/3281] id=10380 status=ok (2.3s) - Moontaha Apparels Ltd. | remaining: 2989
[293/3281] id=10381 status=ok (2.7s) - Byzid Apparels (Pvt.) Ltd. | remaining: 2988
[294/3281] id=10385 status=ok (2.3s) - Chistiya Apparels Ltd. | remaining: 2987
[295/3281] id=10388 status=ok (2.4s) - N.S. Dresses Ltd. | remaining: 2986
[296/3281] id=10389 status=ok (2.7s) - Soulmate Fashion Ltd. | remaining: 2985
[297/3281] id=10391 status=ok (2.7s) - Madina Garments Ltd. | remaining: 2984
[298/3281] id=10392 status=ok (2.4s) - Clear Tex Inds. Ltd. | remaining: 2983
[299/3281] id=10394 status=ok (2.4s) - Anowara Dress Makers Ltd. | remaining: 2982
[300/3281] id=10395 status=ok (3.2s) - CSF Garments (Pvt.) Ltd. | remaining: 2981
    -> checkpoint saved to mib_factories_full.xlsx
[301/3281] id=10396 status=ok (1.9s) - Figo Apparels Ltd. | remaining: 2980
[302/3281] id=10397 status=ok (2.3s) - Dime Fashions (Pvt.) Ltd. | remaining: 2979
[303/3281] id=10399 status=ok (2.9s) - Apt International Ltd. | remaining: 2978
[304/3281] id=10400 status=ok (2.2s) - Mass Fashion Ltd. | remaining: 2977
[305/3281] id=10401 status=ok (2.4s) - BLP Warm Fashion Ltd. (Unit-2) | remaining: 2976
[306/3281] id=10402 status=ok (1.9s) - Golden Heights Ltd. | remaining: 2975
[307/3281] id=10406 status=ok (2.4s) - Deluxe Fashions Ltd. | remaining: 2974
[308/3281] id=10408 status=ok (2.5s) - Unity Fashions Ltd. | remaining: 2973
[309/3281] id=10409 status=ok (2.3s) - Progressive Apparels Ind. Ltd. | remaining: 2972
[310/3281] id=10410 status=ok (1.9s) - Mark Fashion Wear (Pvt.) Ltd. (Unit-2) | remaining: 2971
[311/3281] id=10411 status=ok (2.3s) - Clifton Textiles and Apparels Ltd. | remaining: 2970
[312/3281] id=10412 status=ok (2.4s) - Farmin Apparels Ltd. | remaining: 2969
[313/3281] id=10413 status=ok (2.6s) - Four H Fashions Ltd. | remaining: 2968
[314/3281] id=10414 status=ok (2.4s) - Idas Fashion Ltd. | remaining: 2967
[315/3281] id=10415 status=ok (2.4s) - Well Designers Ltd. | remaining: 2966
[316/3281] id=10419 status=ok (2.3s) - Kron Sweater Ltd. | remaining: 2965
[317/3281] id=1042 status=ok (2.6s) - Sunway Apparels Ltd. | remaining: 2964
[318/3281] id=10420 status=ok (2.1s) - M.A.R International | remaining: 2963
[319/3281] id=10421 status=ok (2.4s) - Global Garments Ltd. | remaining: 2962
[320/3281] id=10423 status=ok (2.5s) - Mars Apparels Ltd. | remaining: 2961
    -> checkpoint saved to mib_factories_full.xlsx
[321/3281] id=10424 status=ok (3.1s) - Sundry Wears Ltd. | remaining: 2960
[322/3281] id=10425 status=ok (1.9s) - Universal Sweater Ltd. | remaining: 2959
[323/3281] id=10426 status=ok (2.4s) - Fashion Watch Ltd. | remaining: 2958
[324/3281] id=10429 status=ok (1.9s) - Visual Knitwears Ltd. | remaining: 2957
[325/3281] id=10432 status=ok (2.3s) - Sun Fashion Wear Ltd. (Unit-2) | remaining: 2956
[326/3281] id=10434 status=ok (2.4s) - Anowara Fashions Ltd. | remaining: 2955
[327/3281] id=10435 status=ok (2.4s) - A.N.B. Fashion Ltd. | remaining: 2954
[328/3281] id=10436 status=ok (2.7s) - Tahersons Fashions Ltd. | remaining: 2953
[329/3281] id=10437 status=ok (2.5s) - Subarna Garments Ltd. | remaining: 2952
[330/3281] id=10439 status=ok (3.8s) - Chittagong Asian Apparels Ltd. | remaining: 2951
[331/3281] id=10440 status=ok (2.5s) - Mohara Asian Apparels Ltd. | remaining: 2950
[332/3281] id=10441 status=ok (2.4s) - Intex Link Garments (BD) Ltd. | remaining: 2949
[333/3281] id=10445 status=ok (2.4s) - JNZ Fashion Ltd. | remaining: 2948
[334/3281] id=10447 status=ok (2.3s) - Reliance Dresses Ltd. | remaining: 2947
[335/3281] id=10449 status=ok (2.4s) - BK Fashions | remaining: 2946
[336/3281] id=1045 status=ok (3.2s) - Halima Fashion | remaining: 2945
[337/3281] id=10450 status=ok (3.6s) - The Need Apparels (Pvt.) Ltd. | remaining: 2944
[338/3281] id=104500 status=ok (2.5s) - D.K. Textile Ltd. | remaining: 2943
[339/3281] id=104502 status=ok (2.4s) - Ital Adweg (Pvt.) Ltd. | remaining: 2942
[340/3281] id=104512 status=ok (2.4s) - Fabrica Knit Composite Ltd. | remaining: 2941
    -> checkpoint saved to mib_factories_full.xlsx
[341/3281] id=10452 status=ok (3.2s) - Savar Sweaters Ltd. | remaining: 2940
[342/3281] id=10454 status=ok (3.0s) - Raozan Sweater Ltd. | remaining: 2939
[343/3281] id=10455 status=ok (2.5s) - Ocean State Ltd. | remaining: 2938
[344/3281] id=10461 status=ok (2.3s) - Nafisa Apparels Ltd. | remaining: 2937
[345/3281] id=10463 status=ok (2.6s) - Uni Garments Ltd. | remaining: 2936
[346/3281] id=10465 status=ok (3.4s) - Momo Apparels Ltd. | remaining: 2935
[347/3281] id=10466 status=ok (3.0s) - Rnsco Sweaters Ltd. | remaining: 2934
[348/3281] id=10468 status=ok (2.3s) - Suji Fashions Ltd. | remaining: 2933
[349/3281] id=10469 status=ok (2.3s) - Vestment Tune Style Ltd. | remaining: 2932
[350/3281] id=10470 status=ok (2.3s) - Option Sweater | remaining: 2931
[351/3281] id=10471 status=ok (2.4s) - Green Fair Textile Ltd. | remaining: 2930
[352/3281] id=10472 status=ok (3.3s) - Need Tex CTG. Ltd. | remaining: 2929
[353/3281] id=10474 status=ok (3.3s) - Avenger Textiles Ltd. | remaining: 2928
[354/3281] id=10475 status=ok (2.5s) - B.K Fashion | remaining: 2927
[355/3281] id=10476 status=ok (2.5s) - KDS IDR Ltd. | remaining: 2926
[356/3281] id=10477 status=ok (2.5s) - Bayezid Dresses (Pvt.) Ltd. | remaining: 2925
[357/3281] id=10478 status=ok (2.5s) - Miras Fashion Ltd. | remaining: 2924
[358/3281] id=10479 status=ok (3.4s) - J.K. Shirts & Fabric Ltd. | remaining: 2923
[359/3281] id=10480 status=ok (2.4s) - Marwin International Ltd. | remaining: 2922
[360/3281] id=10481 status=ok (2.5s) - BSA Apparels Ltd. | remaining: 2921
    -> checkpoint saved to mib_factories_full.xlsx
[361/3281] id=10485 status=ok (2.4s) - Four Choice Industry Ltd. | remaining: 2920
[362/3281] id=10486 status=ok (2.5s) - Aliance Fashion International | remaining: 2919
[363/3281] id=10489 status=ok (2.3s) - Ankhi Apparels Ltd. | remaining: 2918
[364/3281] id=10491 status=ok (2.9s) - Parity Garments Ltd. | remaining: 2917
[365/3281] id=10492 status=ok (2.6s) - Sultana Composite Textile Ltd. | remaining: 2916
[366/3281] id=10493 status=ok (2.3s) - Saira Maliha Fashion | remaining: 2915
[367/3281] id=10495 status=ok (2.1s) - Brightex Apparels Ltd. | remaining: 2914
[368/3281] id=10496 status=ok (2.4s) - Eastern Apparels Ltd. | remaining: 2913
[369/3281] id=10497 status=ok (2.3s) - Garments Home (Pvt.) Ltd. | remaining: 2912
[370/3281] id=10498 status=ok (3.3s) - Afrah Dresses Ltd. | remaining: 2911
[371/3281] id=10500 status=ok (2.3s) - BLP Warm Fashion Ltd. | remaining: 2910
[372/3281] id=105001 status=ok (2.4s) - Al-Nour Garments Ltd. | remaining: 2909
[373/3281] id=105004 status=ok (2.3s) - D.M. Fashion 08 Ltd. | remaining: 2908
[374/3281] id=10503 status=ok (2.4s) - Frank Garments (Pvt.) Ltd. | remaining: 2907
[375/3281] id=105062 status=ok (2.5s) - Jannat Knitwear | remaining: 2906
[376/3281] id=105064 status=ok (2.3s) - JMS Fashion Link | remaining: 2905
[377/3281] id=105081 status=ok (2.3s) - Reliant Fashion | remaining: 2904
[378/3281] id=105084 status=ok (3.3s) - Raha Jacquard | remaining: 2903
[379/3281] id=105088 status=ok (3.1s) - Mawa Apparels | remaining: 2902
[380/3281] id=105098 status=ok (2.4s) - APS Holdings Ltd. | remaining: 2901
    -> checkpoint saved to mib_factories_full.xlsx
[381/3281] id=105127 status=ok (3.0s) - M-Star Apparels Ltd. | remaining: 2900
[382/3281] id=105151 status=ok (2.4s) - A.A Fashion | remaining: 2899
[383/3281] id=105154 status=ok (2.4s) - 4 Star Jacquard | remaining: 2898
[384/3281] id=105155 status=ok (2.3s) - Fabtexbd Ltd. | remaining: 2897
[385/3281] id=105157 status=ok (1.9s) - BRB Fashion Ltd. | remaining: 2896
[386/3281] id=105158 status=ok (2.3s) - Avantex Apparels Ltd. | remaining: 2895
[387/3281] id=105159 status=ok (2.3s) - Lavender Fashion Ltd. | remaining: 2894
[388/3281] id=105161 status=ok (2.5s) - New Sumaiya Sweater | remaining: 2893
[389/3281] id=105163 status=ok (1.9s) - J.D.S Sweaters | remaining: 2892
[390/3281] id=105164 status=ok (2.5s) - Manel Fashion Ltd. | remaining: 2891
[391/3281] id=105166 status=ok (2.4s) - J & Sons Cap House | remaining: 2890
[392/3281] id=105167 status=ok (2.5s) - N.B Knit & Sweaters Ltd. | remaining: 2889
[393/3281] id=105168 status=ok (3.2s) - Onester Sweaters (Unit-2) | remaining: 2888
[394/3281] id=105181 status=ok (2.3s) - TM Sweaters Ltd. | remaining: 2887
[395/3281] id=105182 status=ok (2.5s) - J&J Composite Ltd. | remaining: 2886
[396/3281] id=105183 status=ok (2.4s) - Appear Composite Fashion Ltd. | remaining: 2885
[397/3281] id=105184 status=ok (2.4s) - F.D.S Fashions | remaining: 2884
[398/3281] id=105187 status=ok (2.5s) - Sheikh Knittex Sweater | remaining: 2883
[399/3281] id=105189 status=ok (2.3s) - Holy Intimates | remaining: 2882
[400/3281] id=105190 status=ok (2.4s) - Thats' It Fashions Ltd. | remaining: 2881
    -> checkpoint saved to mib_factories_full.xlsx
[401/3281] id=105191 status=ok (2.3s) - Fashion Linkers Ltd. | remaining: 2880
[402/3281] id=105192 status=ok (1.9s) - Needle Tex Apparels BD | remaining: 2879
[403/3281] id=105193 status=ok (2.4s) - Dress In Style Ltd. | remaining: 2878
[404/3281] id=105194 status=ok (2.4s) - C2C Fashion Ltd. | remaining: 2877
[405/3281] id=105196 status=ok (1.9s) - Tasnim Knitwear | remaining: 2876
[406/3281] id=106 status=ok (2.4s) - ZA Apparels Ltd. | remaining: 2875
[407/3281] id=1063 status=ok (2.5s) - DIN Sweaters Ltd. | remaining: 2874
[408/3281] id=1064 status=ok (2.5s) - EB Tex Bangladesh | remaining: 2873
[409/3281] id=1067 status=ok (2.4s) - Cute Dress Industry Ltd. | remaining: 2872
[410/3281] id=107 status=ok (2.5s) - Mid Night Sweaters Ltd. | remaining: 2871
[411/3281] id=1070 status=ok (1.9s) - Ami Fashion Ltd. | remaining: 2870
[412/3281] id=1073 status=ok (2.5s) - Bangla Japan Trading Ltd. (Unit-2) | remaining: 2869
[413/3281] id=1074 status=ok (2.4s) - Chandpur Jacquard Fashion | remaining: 2868
[414/3281] id=107505 status=ok (1.8s) - S.A. Fashion Ltd. | remaining: 2867
[415/3281] id=107509 status=ok (2.6s) - Concord Raiment Wear Ltd. | remaining: 2866
[416/3281] id=107510 status=ok (2.3s) - West-Line Fashion (Pvt.) Ltd. | remaining: 2865
[417/3281] id=107515 status=ok (2.4s) - M.M Sweater | remaining: 2864
[418/3281] id=107517 status=ok (1.9s) - EPS Fashion Ltd. | remaining: 2863
[419/3281] id=107519 status=ok (2.5s) - Dip Knitwear Ltd. | remaining: 2862
[420/3281] id=107526 status=ok (3.4s) - Jovian Sweater Ltd. | remaining: 2861
    -> checkpoint saved to mib_factories_full.xlsx
[421/3281] id=107527 status=ok (2.4s) - Sufia Garments Ltd. | remaining: 2860
[422/3281] id=107528 status=ok (2.4s) - Ecotech Design Ltd. | remaining: 2859
[423/3281] id=107534 status=ok (1.9s) - Protex Garments Ltd. | remaining: 2858
[424/3281] id=107535 status=ok (3.0s) - Searock Apparels Ltd. | remaining: 2857
[425/3281] id=107536 status=ok (3.1s) - Debonair Ltd. (Unit-2) | remaining: 2856
[426/3281] id=107550 status=ok (2.5s) - Ananta Casual Wear Ltd. | remaining: 2855
[427/3281] id=107551 status=ok (3.3s) - Cindrella Fashions (BD) Ltd. | remaining: 2854
[428/3281] id=107564 status=ok (2.5s) - Hejaz Sweaters Ltd. | remaining: 2853
[429/3281] id=107565 status=ok (2.0s) - Saad Nobin Fashion Ltd. | remaining: 2852
[430/3281] id=107566 status=ok (2.3s) - SBS Clothing Ltd. | remaining: 2851
[431/3281] id=107567 status=ok (2.3s) - JAS Outwear Ltd. | remaining: 2850
[432/3281] id=107568 status=ok (2.4s) - ZS Knitwear Ltd. | remaining: 2849
[433/3281] id=107569 status=ok (2.3s) - Basic Knitwear Ltd. | remaining: 2848
[434/3281] id=107570 status=ok (2.5s) - Foysal Tex Ltd. | remaining: 2847
[435/3281] id=107573 status=ok (2.3s) - Shajeda Sweater | remaining: 2846
[436/3281] id=107574 status=ok (2.4s) - Euro Knit Wear Ltd. (Unit-2) | remaining: 2845
[437/3281] id=107580 status=ok (2.4s) - MK Attire Ltd. | remaining: 2844
[438/3281] id=107583 status=ok (2.3s) - Maa Fashion | remaining: 2843
[439/3281] id=107585 status=ok (2.3s) - Khan Knitwear | remaining: 2842
[440/3281] id=107586 status=ok (2.5s) - Sam Fashion BD | remaining: 2841
    -> checkpoint saved to mib_factories_full.xlsx
[441/3281] id=107587 status=ok (2.4s) - Al Muqsit Cap Artistry | remaining: 2840
[442/3281] id=107588 status=ok (2.3s) - BSSM Exportars | remaining: 2839
[443/3281] id=107589 status=ok (2.4s) - Attire Garden Ltd. | remaining: 2838
[444/3281] id=107590 status=ok (1.8s) - S.B Sweater | remaining: 2837
[445/3281] id=107591 status=ok (2.4s) - Ma Aleya Sweater | remaining: 2836
[446/3281] id=107592 status=ok (2.4s) - MTJ Sweater | remaining: 2835
[447/3281] id=107593 status=ok (1.9s) - Raiyan Fashion | remaining: 2834
[448/3281] id=107596 status=ok (2.4s) - Bhai Bondhu Design House | remaining: 2833
[449/3281] id=107597 status=ok (3.3s) - Globe Safety Manufacturing Company Ltd. | remaining: 2832
[450/3281] id=107599 status=ok (2.5s) - Nexgen Apparel Ltd. | remaining: 2831
[451/3281] id=107600 status=ok (3.1s) - Stitchers Matrix Ltd. | remaining: 2830
[452/3281] id=107604 status=ok (3.1s) - ANR Fashion Wear Ltd. | remaining: 2829
[453/3281] id=107606 status=ok (2.0s) - Precious Fashion Ltd. | remaining: 2828
[454/3281] id=107609 status=ok (2.4s) - Brands Apparel Ltd. | remaining: 2827
[455/3281] id=107610 status=ok (2.5s) - Lebaz Sweater Inds. Ltd. | remaining: 2826
[456/3281] id=107611 status=ok (2.4s) - KLD Apparels Ltd. | remaining: 2825
[457/3281] id=107612 status=ok (2.5s) - World Fashion Sweater | remaining: 2824
[458/3281] id=107614 status=ok (2.3s) - N.R.B Apparels | remaining: 2823
[459/3281] id=107620 status=ok (2.4s) - Richway Garments Ltd. | remaining: 2822
[460/3281] id=107623 status=ok (2.8s) - M & W Fashion Ltd. | remaining: 2821
    -> checkpoint saved to mib_factories_full.xlsx
[461/3281] id=107625 status=ok (2.3s) - A Plus Sweater Ltd. | remaining: 2820
[462/3281] id=107626 status=ok (3.1s) - Munshi Fashion | remaining: 2819
[463/3281] id=107629 status=ok (2.6s) - Roba Fashion Ltd. | remaining: 2818
[464/3281] id=107635 status=ok (2.4s) - Janani Sweater | remaining: 2817
[465/3281] id=107641 status=ok (2.4s) - F.R.S Sweater | remaining: 2816
[466/3281] id=107643 status=ok (3.1s) - Nusrat Fashion | remaining: 2815
[467/3281] id=107644 status=ok (2.4s) - MJ Fashion | remaining: 2814
[468/3281] id=107647 status=ok (2.4s) - A & A Socks Ltd. | remaining: 2813
[469/3281] id=107648 status=ok (2.4s) - Beam Fashion Ltd. | remaining: 2812
[470/3281] id=107649 status=ok (2.3s) - Comoda Garments Ltd. | remaining: 2811
[471/3281] id=107650 status=ok (2.5s) - Euro Denim & Fashion Ltd. | remaining: 2810
[472/3281] id=1077 status=ok (3.1s) - RK Fashion | remaining: 2809
[473/3281] id=1078 status=ok (3.0s) - Famous Design Ltd. | remaining: 2808
[474/3281] id=108 status=ok (2.5s) - Libas Stitch | remaining: 2807
[475/3281] id=1081 status=ok (2.5s) - Amanah Fashion Ltd. | remaining: 2806
[476/3281] id=1084 status=ok (2.5s) - Tanzina Fashion Ltd. | remaining: 2805
[477/3281] id=1090 status=ok (2.4s) - NM Sweater | remaining: 2804
[478/3281] id=1095 status=ok (8.2s) - Jabe Apparels Ltd. | remaining: 2803
[479/3281] id=1096 status=ok (2.3s) - Radisson Casual Wear Ltd. | remaining: 2802
[480/3281] id=110 status=ok (2.4s) - Shinest Apparels Ltd. | remaining: 2801
    -> checkpoint saved to mib_factories_full.xlsx
[481/3281] id=1110 status=ok (1.9s) - Devoted Fashion Ltd. | remaining: 2800
[482/3281] id=1111 status=ok (2.4s) - Moda Italiana Ltd. | remaining: 2799
[483/3281] id=1113 status=ok (2.4s) - Williams Sweaters Ltd. | remaining: 2798
[484/3281] id=1119 status=ok (2.4s) - Daphnia International | remaining: 2797
[485/3281] id=112 status=ok (2.3s) - Dazzling Fashions Ltd. | remaining: 2796
[486/3281] id=1125 status=ok (2.4s) - S.B. Designs Ltd. | remaining: 2795
[487/3281] id=112501 status=ok (2.5s) - Consist Apparels Ltd. | remaining: 2794
[488/3281] id=112531 status=ok (2.4s) - Ishayat Fashions Ltd. | remaining: 2793
[489/3281] id=112549 status=ok (2.4s) - Barisons Creations Ltd. | remaining: 2792
[490/3281] id=112573 status=ok (2.1s) - Apparel Inspiration Ltd. | remaining: 2791
[491/3281] id=112575 status=ok (2.5s) - Moonlit Fashion BD Ltd. | remaining: 2790
[492/3281] id=112610 status=ok (2.2s) - RAM Apparel Ltd. | remaining: 2789
[493/3281] id=112611 status=ok (1.9s) - Fashion Runway Co. Ltd. | remaining: 2788
[494/3281] id=112612 status=ok (2.6s) - T.A. Anowara Fashion S.M | remaining: 2787
[495/3281] id=112614 status=ok (3.1s) - Mega Denim Ltd. | remaining: 2786
[496/3281] id=112615 status=ok (2.3s) - Mega Couture Ltd. | remaining: 2785
[497/3281] id=112616 status=ok (2.5s) - Mosharaf Apparels Studio Ltd. | remaining: 2784
[498/3281] id=112619 status=ok (2.4s) - Giant Textiles Ltd. | remaining: 2783
[499/3281] id=112620 status=ok (3.3s) - AMC Knit Composite Ltd. (Unit-2) | remaining: 2782
[500/3281] id=112621 status=ok (2.4s) - Philko Sports Ltd. | remaining: 2781
    -> checkpoint saved to mib_factories_full.xlsx
[501/3281] id=112622 status=ok (2.3s) - R&G (BD) Garment Co., Ltd. | remaining: 2780
[502/3281] id=112623 status=ok (1.9s) - Ma Knit Fashion | remaining: 2779
[503/3281] id=112624 status=ok (2.5s) - Green Fibre Composite Ltd. | remaining: 2778
[504/3281] id=112625 status=ok (1.9s) - Siren Garment's Hub | remaining: 2777
[505/3281] id=112626 status=ok (2.5s) - Confidence Texwear Ltd. | remaining: 2776
[506/3281] id=112628 status=ok (2.4s) - Habitus Fashion Ltd. | remaining: 2775
[507/3281] id=112629 status=ok (2.4s) - TM Jeans Ltd. | remaining: 2774
[508/3281] id=112631 status=ok (2.5s) - J.L. Fashions Ltd. | remaining: 2773
[509/3281] id=112632 status=ok (2.3s) - Sara Fashion Wear Ltd. | remaining: 2772
[510/3281] id=112633 status=ok (2.4s) - Smug Sweater Ltd. (Knitting Unit) | remaining: 2771
[511/3281] id=112634 status=ok (2.5s) - Rowa Fashions Ltd. (Unit-2) | remaining: 2770
[512/3281] id=112635 status=ok (3.2s) - Colotex Apparel Ltd. | remaining: 2769
[513/3281] id=1127 status=ok (2.3s) - Pyramid Apparels Ltd. | remaining: 2768
[514/3281] id=1128 status=ok (2.4s) - Probashi Knitwears Ltd. | remaining: 2767
[515/3281] id=113 status=ok (1.9s) - AKH Shirts Ltd. | remaining: 2766
[516/3281] id=1130 status=ok (3.3s) - Tex Par BD Fashion | remaining: 2765
[517/3281] id=1133 status=ok (3.1s) - MSN Sweaters & Fashion (BD) Ltd. | remaining: 2764
[518/3281] id=1134 status=ok (2.4s) - Versatile Jeans Ltd. | remaining: 2763
[519/3281] id=114 status=ok (2.4s) - AKH Fashions Ltd. | remaining: 2762
[520/3281] id=1140 status=ok (2.3s) - Afiya Knitwear Ltd. | remaining: 2761
    -> checkpoint saved to mib_factories_full.xlsx
[521/3281] id=1142 status=ok (2.5s) - S. B Knitting Ltd. | remaining: 2760
[522/3281] id=1143 status=ok (2.4s) - Suman Fashion Garments Ltd. | remaining: 2759
[523/3281] id=1146 status=ok (2.5s) - Four R Apparels | remaining: 2758
[524/3281] id=115 status=ok (2.5s) - AKH Apparels Ltd. | remaining: 2757
[525/3281] id=1150 status=ok (2.5s) - Makka Fashion | remaining: 2756
[526/3281] id=115005 status=ok (2.4s) - N.K. Sweaters Ltd. | remaining: 2755
[527/3281] id=115012 status=ok (3.1s) - Lavender Garment Ltd. (Unit-2) | remaining: 2754
[528/3281] id=115013 status=ok (2.4s) - Petrified Tex | remaining: 2753
[529/3281] id=115015 status=ok (2.9s) - Hop Lun Intimate (Bangladesh) Ltd. | remaining: 2752
[530/3281] id=115019 status=ok (2.4s) - Triple I Knitwears Ltd. | remaining: 2751
[531/3281] id=115021 status=ok (2.3s) - MG Garments Ltd. | remaining: 2750
[532/3281] id=1151 status=ok (2.3s) - J.K. Fashions Ltd. | remaining: 2749
[533/3281] id=116 status=ok (2.3s) - Angshuk Ltd. | remaining: 2748
[534/3281] id=116237 status=ok (2.5s) - Global Fit (Bangladesh) Ltd. | remaining: 2747
[535/3281] id=117 status=ok (3.3s) - Madany Fashion Wear Ltd. | remaining: 2746
[536/3281] id=1171 status=ok (3.2s) - Oishi Designs Ltd. | remaining: 2745
[537/3281] id=1173 status=ok (2.3s) - AS New Fortune | remaining: 2744
[538/3281] id=117501 status=ok (2.4s) - Core Spun Apparels Ltd. | remaining: 2743
[539/3281] id=1180 status=ok (2.5s) - Nadia Fashion | remaining: 2742
[540/3281] id=1183 status=ok (3.1s) - Rakib Fashion Knit | remaining: 2741
    -> checkpoint saved to mib_factories_full.xlsx
[541/3281] id=1184 status=ok (3.1s) - Sawfi Fashion | remaining: 2740
[542/3281] id=12 status=ok (2.4s) - Chancellor Garments Ltd. | remaining: 2739
[543/3281] id=120001 status=ok (2.0s) - Tulip Sweater Ltd. | remaining: 2738
[544/3281] id=12001 status=ok (2.3s) - Uni World BD Ltd. | remaining: 2737
[545/3281] id=12002 status=ok (2.5s) - Pretty Wool Wear Ltd. | remaining: 2736
[546/3281] id=12003 status=ok (2.3s) - Chowgacha Fashions Ltd. | remaining: 2735
[547/3281] id=12004 status=ok (2.5s) - Divine Garments Ltd. | remaining: 2734
[548/3281] id=12005 status=ok (2.5s) - Momin Garments | remaining: 2733
[549/3281] id=12007 status=ok (2.4s) - Esha Hosiery & Garments | remaining: 2732
[550/3281] id=12008 status=ok (2.9s) - Omar Trading | remaining: 2731
[551/3281] id=1201 status=ok (1.8s) - Jams Fashion Ltd. | remaining: 2730
[552/3281] id=12012 status=ok (2.5s) - A Plus Sweater Ltd. (Unit-2) | remaining: 2729
[553/3281] id=12013 status=ok (2.4s) - S.A Hosiery | remaining: 2728
[554/3281] id=12014 status=ok (2.5s) - Samia Garments | remaining: 2727
[555/3281] id=1202 status=ok (1.9s) - Sarika Fashion | remaining: 2726
[556/3281] id=12021 status=ok (2.4s) - Smart Tex Textile | remaining: 2725
[557/3281] id=12027 status=ok (2.4s) - Sami Fashion & Garments | remaining: 2724
[558/3281] id=12034 status=ok (3.0s) - Jewel Hosiery | remaining: 2723
[559/3281] id=12035 status=ok (2.5s) - Projonmo Hosiery & Garments | remaining: 2722
[560/3281] id=12039 status=ok (2.5s) - York Fashion Ltd. | remaining: 2721
    -> checkpoint saved to mib_factories_full.xlsx
[561/3281] id=12040 status=ok (2.5s) - JIC Suit Ltd. | remaining: 2720
[562/3281] id=12041 status=ok (3.2s) - Monno Attire Ltd. | remaining: 2719
[563/3281] id=12043 status=ok (2.3s) - Mohidur Sweater Factory | remaining: 2718
[564/3281] id=12044 status=ok (2.5s) - Intensity Ltd. | remaining: 2717
[565/3281] id=12045 status=ok (2.3s) - Tarasima Apparels Ltd. | remaining: 2716
[566/3281] id=12047 status=ok (3.0s) - GS Sweaters Ltd. | remaining: 2715
[567/3281] id=12048 status=ok (2.4s) - R.R. Apparels Ltd. | remaining: 2714
[568/3281] id=12049 status=ok (2.4s) - Al-Haj Aktar Garments Ltd. | remaining: 2713
[569/3281] id=12050 status=ok (2.5s) - Brothers Fashion Ltd. | remaining: 2712
[570/3281] id=12054 status=ok (2.3s) - Sakoatex Ltd. | remaining: 2711
[571/3281] id=12055 status=ok (2.0s) - Pro Makers Sweater Ind. Ltd. | remaining: 2710
[572/3281] id=12056 status=ok (2.5s) - Next Composite Ltd. | remaining: 2709
[573/3281] id=12057 status=ok (2.5s) - Versatile Textiles Ltd. | remaining: 2708
[574/3281] id=1206 status=ok (3.2s) - Stylla Fashion Ltd. | remaining: 2707
[575/3281] id=1209 status=ok (2.4s) - Gazi Trade International | remaining: 2706
[576/3281] id=1211 status=ok (2.4s) - Takwa Dresses Ltd. | remaining: 2705
[577/3281] id=1215 status=ok (2.4s) - Style Museum Ltd. | remaining: 2704
[578/3281] id=122 status=ok (2.5s) - Surma Garments Ltd. | remaining: 2703
[579/3281] id=1220 status=ok (2.5s) - Glorius Sun Fashion Garments Ltd. | remaining: 2702
[580/3281] id=122547 status=ok (2.4s) - Faheya Knit Composite | remaining: 2701
    -> checkpoint saved to mib_factories_full.xlsx
[581/3281] id=122550 status=ok (2.5s) - Abdur Rahaman Garments | remaining: 2700
[582/3281] id=122551 status=ok (2.4s) - Abraj Fashion Wear | remaining: 2699
[583/3281] id=122559 status=ok (3.1s) - Sawmad Garments | remaining: 2698
[584/3281] id=122563 status=ok (2.3s) - Cotton Club (BD) Ltd. (Extended Unit) | remaining: 2697
[585/3281] id=122569 status=ok (1.9s) - MMG Knitwear Ltd. | remaining: 2696
[586/3281] id=122610 status=ok (3.5s) - SR Fashion & Hosiery | remaining: 2695
[587/3281] id=122612 status=ok (2.4s) - Friend's Knit (BD) Ltd. | remaining: 2694
[588/3281] id=122613 status=ok (2.3s) - Farrell Fashions Ltd. | remaining: 2693
[589/3281] id=122614 status=ok (3.9s) - Bextex Garments Ltd. | remaining: 2692
[590/3281] id=122615 status=ok (2.3s) - Shinepukur Garments Ltd. | remaining: 2691
[591/3281] id=122616 status=ok (1.9s) - Beximco Fashions Ltd. | remaining: 2690
[592/3281] id=122617 status=ok (2.3s) - KA Fashion Ltd. | remaining: 2689
[593/3281] id=122618 status=ok (2.5s) - Prefix Fashions Ltd. | remaining: 2688
[594/3281] id=122619 status=ok (2.4s) - Yellow Apparels Ltd. | remaining: 2687
[595/3281] id=122620 status=ok (1.9s) - GRM Sweater | remaining: 2686
[596/3281] id=122622 status=ok (3.2s) - Aptech Caswier Ltd. | remaining: 2685
[597/3281] id=122623 status=ok (2.3s) - Mega Fashionwear Ltd. | remaining: 2684
[598/3281] id=122625 status=ok (2.3s) - RJ Fashion Ltd. | remaining: 2683
[599/3281] id=122627 status=ok (2.4s) - Bithi Fashion Ltd. | remaining: 2682
[600/3281] id=122628 status=ok (1.9s) - Mantrust Fashion Ltd. | remaining: 2681
    -> checkpoint saved to mib_factories_full.xlsx
[601/3281] id=122629 status=ok (2.4s) - Jaas Garments Ltd. | remaining: 2680
[602/3281] id=122631 status=ok (2.4s) - Minimax Ltd. | remaining: 2679
[603/3281] id=122632 status=ok (2.5s) - GTex Knitwear Ltd. | remaining: 2678
[604/3281] id=122633 status=ok (2.5s) - Mehreen Mehjabeen Composite Ltd. | remaining: 2677
[605/3281] id=122634 status=ok (3.3s) - Kaizer Knitwears Ltd. | remaining: 2676
[606/3281] id=122637 status=ok (2.5s) - Coretex Apparels Ltd. | remaining: 2675
[607/3281] id=122638 status=ok (3.2s) - Amotex Ltd. | remaining: 2674
[608/3281] id=122639 status=ok (2.3s) - M.P. Sweaters Ltd. | remaining: 2673
[609/3281] id=122641 status=ok (2.5s) - Faria Knit Wear Ltd. | remaining: 2672
[610/3281] id=122642 status=ok (3.0s) - Suhcheon Company (BD) Ltd. | remaining: 2671
[611/3281] id=122643 status=ok (2.3s) - Dulal Brothers Ltd. | remaining: 2670
[612/3281] id=123 status=ok (2.5s) - Desun Garments Ltd. | remaining: 2669
[613/3281] id=1232 status=ok (2.3s) - Momo Jacquard Sweater Ltd. | remaining: 2668
[614/3281] id=1235 status=ok (2.5s) - APS Clothing Ltd. | remaining: 2667
[615/3281] id=1238 status=ok (2.4s) - 4M Caps & Headwear Ltd. | remaining: 2666
[616/3281] id=124 status=ok (2.3s) - Piangka Fashion Ltd. | remaining: 2665
[617/3281] id=125 status=ok (2.3s) - Anjuman Designers Ltd. | remaining: 2664
[618/3281] id=125001 status=ok (2.4s) - Yale Fashion | remaining: 2663
[619/3281] id=125003 status=ok (2.4s) - Fashion Summit Ltd. | remaining: 2662
[620/3281] id=125041 status=ok (3.2s) - Tamim Fashion | remaining: 2661
    -> checkpoint saved to mib_factories_full.xlsx
[621/3281] id=125050 status=ok (3.2s) - Falun Knit Fashion | remaining: 2660
[622/3281] id=125051 status=ok (2.4s) - Rafiul Fashion | remaining: 2659
[623/3281] id=125053 status=ok (2.0s) - Future-Knit Composite Ltd. | remaining: 2658
[624/3281] id=125054 status=ok (4.7s) - Honeywell Garments Ltd. | remaining: 2657
[625/3281] id=125058 status=ok (2.3s) - Woo Ree Knitwear | remaining: 2656
[626/3281] id=125059 status=ok (2.3s) - P.N.Z Apparels | remaining: 2655
[627/3281] id=125060 status=ok (2.4s) - Neptune Style Ltd. | remaining: 2654
[628/3281] id=125062 status=ok (2.4s) - Summer Fashion Ltd. | remaining: 2653
[629/3281] id=125064 status=ok (2.3s) - Hasan Sweater Ltd. | remaining: 2652
[630/3281] id=125069 status=ok (2.3s) - AB Jacquard Ltd. | remaining: 2651
[631/3281] id=1252 status=ok (2.5s) - ESKE Clothing Ltd. | remaining: 2650
[632/3281] id=125239 status=ok (3.3s) - Real Sweaters | remaining: 2649
[633/3281] id=126 status=ok (2.5s) - Anjuman Garments (Pvt.) Ltd. | remaining: 2648
[634/3281] id=1261 status=ok (2.3s) - Riyad Sweater | remaining: 2647
[635/3281] id=1262 status=ok (1.9s) - N. I. Knitwears Ltd. | remaining: 2646
[636/3281] id=1263 status=ok (1.9s) - Arafat Knittings | remaining: 2645
[637/3281] id=1264 status=ok (2.4s) - Mita Fashion | remaining: 2644
[638/3281] id=1265 status=ok (2.5s) - Subahat Knitting | remaining: 2643
[639/3281] id=127 status=ok (3.2s) - Neo Fashion Ltd. | remaining: 2642
[640/3281] id=1274 status=ok (2.8s) - Standard Clothing Industries Ltd. | remaining: 2641
    -> checkpoint saved to mib_factories_full.xlsx
[641/3281] id=127561 status=ok (2.5s) - Apparels Bangla Sourcing Ltd. | remaining: 2640
[642/3281] id=1276 status=ok (2.3s) - S. R. Fashion | remaining: 2639
[643/3281] id=127601 status=ok (2.5s) - JSTex Garments & Textiles Ltd. | remaining: 2638
[644/3281] id=127605 status=ok (2.4s) - Naf Fashion Ltd. | remaining: 2637
[645/3281] id=127606 status=ok (2.3s) - Integra Dresses Ltd. | remaining: 2636
[646/3281] id=1282 status=ok (2.5s) - Prionty Apparels | remaining: 2635
[647/3281] id=1285 status=ok (3.2s) - Moral Fashions Ltd. | remaining: 2634
[648/3281] id=12866 status=ok (2.4s) - Al Yusra Textiles Ltd. | remaining: 2633
[649/3281] id=1288 status=ok (2.4s) - Nobin Apparels Ltd. | remaining: 2632
[650/3281] id=129 status=ok (2.5s) - Dress World Ltd. | remaining: 2631
[651/3281] id=1298 status=ok (2.5s) - Uttaran Fashion | remaining: 2630
[652/3281] id=13 status=ok (2.5s) - W Apparels | remaining: 2629
[653/3281] id=130 status=ok (2.3s) - Vertex Wear Ltd. | remaining: 2628
[654/3281] id=1300 status=ok (2.4s) - Sikder Garments | remaining: 2627
[655/3281] id=130001 status=ok (2.3s) - Katex Fashion Clothing Ltd. | remaining: 2626
[656/3281] id=130010 status=ok (2.5s) - Rong Rui Garments BD Ltd. | remaining: 2625
[657/3281] id=130011 status=ok (3.1s) - Crown Easy Wear Ltd. | remaining: 2624
[658/3281] id=130012 status=ok (3.1s) - Colour & Co. Ltd. | remaining: 2623
[659/3281] id=130013 status=ok (2.5s) - Shajeda Fashion | remaining: 2622
[660/3281] id=130014 status=ok (2.5s) - Dekko Garments Ltd. | remaining: 2621
    -> checkpoint saved to mib_factories_full.xlsx
[661/3281] id=130016 status=ok (3.1s) - Victoria Intimate Ltd. | remaining: 2620
[662/3281] id=130017 status=ok (2.6s) - Skylark Knit Composite Ltd. (Unit-3) | remaining: 2619
[663/3281] id=130018 status=ok (3.1s) - Ema Apparels Ltd. | remaining: 2618
[664/3281] id=130019 status=ok (2.4s) - C. Stage (BD) Ltd. | remaining: 2617
[665/3281] id=130020 status=ok (2.5s) - Northern Corporation Ltd. | remaining: 2616
[666/3281] id=130021 status=ok (3.2s) - Taqwa Fabrics Ltd. | remaining: 2615
[667/3281] id=130022 status=ok (2.8s) - Lantabur Apparels Ltd. | remaining: 2614
[668/3281] id=130023 status=ok (2.4s) - Fashion Asia Ltd. | remaining: 2613
[669/3281] id=130024 status=ok (2.4s) - Axis Knitwears Ltd. | remaining: 2612
[670/3281] id=130025 status=ok (3.1s) - Executive Greentex Ltd. | remaining: 2611
[671/3281] id=130026 status=ok (2.5s) - Triple Apparels Ltd. | remaining: 2610
[672/3281] id=130027 status=ok (2.6s) - Goodearth Apparels Ltd. | remaining: 2609
[673/3281] id=13006 status=ok (2.3s) - P. A. Knit Composite Ltd. | remaining: 2608
[674/3281] id=13016 status=ok (2.3s) - Pioneer Knitwears (BD) Ltd. (Unit-2) | remaining: 2607
[675/3281] id=1302 status=ok (2.5s) - Rifat Sweater Ltd. | remaining: 2606
[676/3281] id=13027 status=ok (2.3s) - Harry Fashion Ltd. | remaining: 2605
[677/3281] id=1303 status=ok (2.4s) - Designer Fashion Ltd. | remaining: 2604
[678/3281] id=13032 status=ok (2.4s) - Glory Textile & Apparels Ltd. | remaining: 2603
[679/3281] id=13033 status=ok (2.5s) - S.S Fashion | remaining: 2602
[680/3281] id=13039 status=ok (2.4s) - Purbasha Composite Tex Ltd. | remaining: 2601
    -> checkpoint saved to mib_factories_full.xlsx
[681/3281] id=13043 status=ok (2.9s) - Target Fine-Knit Inds Ltd. | remaining: 2600
[682/3281] id=13044 status=ok (2.3s) - Pioneer Knitwears (BD) Ltd. (Unit-3) | remaining: 2599
[683/3281] id=13045 status=ok (2.5s) - Eslite Garments (Bangladesh) Co. Ltd. | remaining: 2598
[684/3281] id=13047 status=ok (3.4s) - SQ Celsius Ltd. (Unit-2) | remaining: 2597
[685/3281] id=13048 status=ok (2.0s) - SQ Birichina Ltd. (Unit-2) | remaining: 2596
[686/3281] id=13050 status=ok (2.5s) - SQ Birichina Ltd. | remaining: 2595
[687/3281] id=13054 status=ok (2.4s) - Chorka Apparels Ltd. | remaining: 2594
[688/3281] id=13058 status=ok (3.1s) - L'Esquire Ltd. | remaining: 2593
[689/3281] id=131 status=ok (2.5s) - Delicate Garments Ltd. | remaining: 2592
[690/3281] id=1311 status=ok (3.2s) - Pigeon Sweaters Ltd. | remaining: 2591
[691/3281] id=13123 status=ok (2.3s) - Wraps Clothes-Line Ltd. | remaining: 2590
[692/3281] id=13125 status=ok (3.0s) - Arrival Fashion Ltd. (Bhaluka Unit) | remaining: 2589
[693/3281] id=13127 status=ok (2.3s) - Saiham Knit Composite Ltd. | remaining: 2588
[694/3281] id=1316 status=ok (2.6s) - Al-Eqone Sweater | remaining: 2587
[695/3281] id=1317 status=ok (2.4s) - Rafia Knitwears | remaining: 2586
[696/3281] id=132 status=ok (2.4s) - Aman Sweaters Ltd. | remaining: 2585
[697/3281] id=1320 status=ok (2.3s) - Siyam Mini Garments | remaining: 2584
[698/3281] id=13201 status=ok (2.5s) - Mahdeen Sweaters Ltd. | remaining: 2583
[699/3281] id=13202 status=ok (2.3s) - Intimate Attire Ltd. | remaining: 2582
[700/3281] id=13203 status=ok (2.5s) - Sun Aun Sweaters Ltd. | remaining: 2581
    -> checkpoint saved to mib_factories_full.xlsx
[701/3281] id=13211 status=ok (2.4s) - Square Fashions Ltd. | remaining: 2580
[702/3281] id=13214 status=ok (2.5s) - Pioneer Knitwears (BD) Ltd. | remaining: 2579
[703/3281] id=13216 status=ok (2.3s) - Adams Styles Ltd. | remaining: 2578
[704/3281] id=13221 status=ok (3.5s) - Advanced Composite Textile Ltd. | remaining: 2577
[705/3281] id=13224 status=ok (4.5s) - Crown Wears (Pvt.) Ltd. | remaining: 2576
[706/3281] id=13227 status=ok (6.0s) - Green Textile Ltd. | remaining: 2575
[707/3281] id=13228 status=ok (6.3s) - Green Textile Ltd. (Unit-3) | remaining: 2574
[708/3281] id=13235 status=ok (3.4s) - Russel Apparels | remaining: 2573
[709/3281] id=13237 status=ok (2.3s) - Russel Apparels (Unit-2) | remaining: 2572
[710/3281] id=13238 status=ok (2.3s) - Ekram Sweaters Ltd. | remaining: 2571
[711/3281] id=13240 status=ok (2.4s) - Roar Fashion Ltd. | remaining: 2570
[712/3281] id=13245 status=ok (3.2s) - Crown Fashion Apparels Ltd. | remaining: 2569
[713/3281] id=13247 status=ok (30.5s) - Liz Fashion Industry Ltd. (Bhaluka Unit) | remaining: 2568
[714/3281] id=13252 status=ok (18.4s) - The Rose Garments Designer (Unit-2) Ltd. | remaining: 2567
[715/3281] id=13253 status=ok (2.4s) - Consumer Knitex Ltd. (Unit-2) | remaining: 2566
[716/3281] id=132562 status=ok (1.9s) - P.L Purification Garments Ltd. | remaining: 2565
[717/3281] id=132563 status=ok (2.5s) - AL-Haram Apparels Ltd. | remaining: 2564
[718/3281] id=132602 status=ok (2.5s) - Habib Fashion | remaining: 2563
[719/3281] id=132656 status=ok (2.5s) - Suhima Apparels Ltd. | remaining: 2562
[720/3281] id=132659 status=ok (2.5s) - Windy Apparels Ltd. | remaining: 2561
    -> checkpoint saved to mib_factories_full.xlsx
[721/3281] id=132660 status=ok (2.5s) - Casual Garments Ltd. | remaining: 2560
[722/3281] id=132661 status=ok (2.3s) - Tazkia Apparels Ltd. | remaining: 2559
[723/3281] id=132665 status=ok (2.6s) - Glimmer Fashions Ltd. | remaining: 2558
[724/3281] id=132666 status=ok (1.9s) - Elegance Orientale Ltd. | remaining: 2557
[725/3281] id=132670 status=ok (2.5s) - NR Caps & Headwears Apparels Ltd. | remaining: 2556
[726/3281] id=132689 status=ok (1.9s) - GJ Caps & Headwear Ltd. | remaining: 2555
[727/3281] id=132690 status=ok (1.9s) - Unknit Sweater Ltd. | remaining: 2554
[728/3281] id=132691 status=ok (2.9s) - A.K. Sweater's | remaining: 2553
[729/3281] id=1327 status=ok (3.0s) - Sharmin Fashions Ltd. | remaining: 2552
[730/3281] id=132701 status=ok (2.3s) - Fashion Globe Denim Wear Ltd. | remaining: 2551
[731/3281] id=132702 status=ok (2.0s) - L.A.R Sports Ltd. | remaining: 2550
[732/3281] id=132704 status=ok (1.9s) - SA Moon Fashions (Pvt.) Ltd. | remaining: 2549
[733/3281] id=132706 status=ok (2.0s) - Dada (Dhaka) Ltd. | remaining: 2548
[734/3281] id=132707 status=ok (1.9s) - N.K Knitwears | remaining: 2547
[735/3281] id=132708 status=ok (1.9s) - Fashion Pulse Ltd. | remaining: 2546
[736/3281] id=132711 status=ok (2.4s) - National Composite Knit Ltd. | remaining: 2545
[737/3281] id=1328 status=ok (2.0s) - Designer Line (Pvt.) Ltd. | remaining: 2544
[738/3281] id=1338 status=ok (2.9s) - Rishal Garments Ltd. | remaining: 2543
[739/3281] id=13404 status=ok (2.5s) - Crystal Martin Apparel Bangladesh Ltd. | remaining: 2542
[740/3281] id=13405 status=ok (2.3s) - Magic Works Ltd. | remaining: 2541
    -> checkpoint saved to mib_factories_full.xlsx
[741/3281] id=1341 status=ok (2.1s) - J.F.K Fashion Ltd. | remaining: 2540
[742/3281] id=13414 status=ok (2.5s) - Square Denims Ltd. (Sewing Unit) | remaining: 2539
[743/3281] id=13415 status=ok (2.2s) - Square Apparels Ltd. | remaining: 2538
[744/3281] id=13421 status=ok (2.0s) - Sultana Sweaters Ltd. | remaining: 2537
[745/3281] id=13423 status=ok (2.5s) - Leeu Fashion Ltd. | remaining: 2536
[746/3281] id=1343 status=ok (2.1s) - M.S. Sweaters | remaining: 2535
[747/3281] id=13431 status=ok (2.4s) - Zakaria Apparels Ltd. | remaining: 2534
[748/3281] id=135 status=ok (3.1s) - 5F Apparels Ltd. | remaining: 2533
[749/3281] id=135001 status=ok (2.9s) - Top Knitting Solutions | remaining: 2532
[750/3281] id=135021 status=ok (2.5s) - Saaf Sweaters Ltd. | remaining: 2531
[751/3281] id=135041 status=ok (2.3s) - Wega Knitex Ltd. | remaining: 2530
[752/3281] id=135061 status=ok (2.5s) - Sanjida Fashion Ltd. | remaining: 2529
[753/3281] id=135101 status=ok (2.3s) - Apparel Touch | remaining: 2528
[754/3281] id=135102 status=ok (2.0s) - Unique Apparels | remaining: 2527
[755/3281] id=135105 status=ok (2.4s) - Anma Sweaters Ltd. | remaining: 2526
[756/3281] id=135121 status=ok (3.2s) - Tusuka Stitches Ltd. | remaining: 2525
[757/3281] id=135161 status=ok (2.0s) - Lanpino Company Ltd. | remaining: 2524
[758/3281] id=135181 status=ok (1.9s) - Troyee Fashion Ltd. | remaining: 2523
[759/3281] id=135190 status=ok (2.3s) - Fashion-1 | remaining: 2522
[760/3281] id=135191 status=ok (2.3s) - Newrgy Apparel Ltd. | remaining: 2521
    -> checkpoint saved to mib_factories_full.xlsx
[761/3281] id=135196 status=ok (2.5s) - TMSS Apparels Ltd. | remaining: 2520
[762/3281] id=135197 status=ok (2.9s) - Afrin Knit Composite Ltd. | remaining: 2519
[763/3281] id=135199 status=ok (1.9s) - SI Garments | remaining: 2518
[764/3281] id=1352 status=ok (3.1s) - Maisha Fashions | remaining: 2517
[765/3281] id=135200 status=ok (2.3s) - Highdeen Fashion & Highdeen BD | remaining: 2516
[766/3281] id=135203 status=ok (2.3s) - Star Fashion | remaining: 2515
[767/3281] id=135205 status=ok (2.2s) - O.M Fashion's | remaining: 2514
[768/3281] id=135209 status=ok (2.0s) - Billah Trading | remaining: 2513
[769/3281] id=135210 status=ok (5.1s) - MK Fashions | remaining: 2512
[770/3281] id=135211 status=ok (2.1s) - Mifkif Apparel Ltd. | remaining: 2511
[771/3281] id=135215 status=ok (1.9s) - Smart Knitwear | remaining: 2510
[772/3281] id=135216 status=ok (1.9s) - Galaxy Sweaters | remaining: 2509
[773/3281] id=135225 status=ok (1.9s) - JK Fashion | remaining: 2508
[774/3281] id=135226 status=ok (1.9s) - Pass Fashion | remaining: 2507
[775/3281] id=135227 status=ok (3.1s) - Rib On Fashion | remaining: 2506
[776/3281] id=135228 status=ok (3.1s) - Unique Designers Ltd. (Unit-2) | remaining: 2505
[777/3281] id=135230 status=ok (2.4s) - Mens Zone Knit Ltd. | remaining: 2504
[778/3281] id=135235 status=ok (2.5s) - Jaks Sweater Ltd. | remaining: 2503
[779/3281] id=135236 status=ok (2.4s) - Maisha Mim Apparels Ltd. | remaining: 2502
[780/3281] id=135237 status=ok (2.3s) - MM7 Fashion Ltd. | remaining: 2501
    -> checkpoint saved to mib_factories_full.xlsx
[781/3281] id=135240 status=ok (3.1s) - Apt Sweater Ltd. | remaining: 2500
[782/3281] id=1359 status=ok (2.0s) - Alif Fashion | remaining: 2499
[783/3281] id=13607 status=ok (1.9s) - Arna Tex Ltd. | remaining: 2498
[784/3281] id=1362 status=ok (2.0s) - Feroza Garments Ltd. | remaining: 2497
[785/3281] id=13667 status=ok (2.4s) - Fay-Max Sweater Composite Ltd. | remaining: 2496
[786/3281] id=137 status=ok (1.9s) - Iris Fashions Ltd. | remaining: 2495
[787/3281] id=1370 status=ok (2.5s) - Sinha Knit Inds. Ltd. | remaining: 2494
[788/3281] id=13735 status=ok (2.3s) - Jonayid Sweater Link. | remaining: 2493
[789/3281] id=13736 status=ok (2.0s) - Mahid Apparel Ltd. | remaining: 2492
[790/3281] id=1375 status=ok (3.2s) - Valento Apparels Ltd. | remaining: 2491
[791/3281] id=13753 status=ok (2.3s) - Sonali Fabrics & Textiles Mills (Pvt.) Ltd. (Sweater Unit) | remaining: 2490
[792/3281] id=13758 status=ok (2.4s) - Home Fashion Ltd. | remaining: 2489
[793/3281] id=1378 status=ok (2.3s) - M.K Fashion (Unit-2) | remaining: 2488
[794/3281] id=138 status=ok (2.3s) - Tammam Design Ltd. | remaining: 2487
[795/3281] id=1381 status=ok (2.4s) - M. M. (Multi Mind) Knit Garments Ltd. | remaining: 2486
[796/3281] id=1385 status=ok (2.5s) - Heritage Fashion | remaining: 2485
[797/3281] id=1388 status=ok (2.4s) - MAM Garments Ltd. | remaining: 2484
[798/3281] id=1390 status=ok (2.0s) - NH Apparels Ltd. | remaining: 2483
[799/3281] id=1394 status=ok (3.3s) - Al-Basheer Ltd. | remaining: 2482
[800/3281] id=13951 status=ok (2.5s) - Sonia Fine Knit Ltd. | remaining: 2481
    -> checkpoint saved to mib_factories_full.xlsx
[801/3281] id=1396 status=ok (1.9s) - WEX Fashion Ltd. | remaining: 2480
[802/3281] id=13965 status=ok (2.1s) - Chorka Textile Ltd. | remaining: 2479
[803/3281] id=139800 status=ok (2.5s) - Interstoff Clothing Ltd. | remaining: 2478
[804/3281] id=139808 status=ok (2.0s) - Monoyara Fashion | remaining: 2477
[805/3281] id=139810 status=ok (1.9s) - Farder Sweater Ltd. | remaining: 2476
[806/3281] id=14 status=ok (2.4s) - The Shanin Corporation Ltd. | remaining: 2475
[807/3281] id=140016 status=ok (2.9s) - Sakib Knitwear | remaining: 2474
[808/3281] id=1401 status=ok (3.0s) - Mehnaz Styles And Craft Ltd. | remaining: 2473
[809/3281] id=1406 status=ok (1.9s) - Deluxe Apparels Ltd. | remaining: 2472
[810/3281] id=1410 status=ok (2.4s) - Abdullah Fashions Ltd. | remaining: 2471
[811/3281] id=14181 status=ok (3.1s) - Asdwa Fashion Ltd. | remaining: 2470
[812/3281] id=1419 status=ok (2.4s) - Azmat Apparels Ltd. | remaining: 2469
[813/3281] id=142 status=ok (2.5s) - Bengal Knittex Ltd. | remaining: 2468
[814/3281] id=14201 status=ok (2.4s) - South East Textiles (Pvt.) Ltd. | remaining: 2467
[815/3281] id=1421 status=ok (2.4s) - J. K. Knit Composite Ltd. | remaining: 2466
[816/3281] id=142221 status=ok (2.5s) - Lariz Fashion Ltd. | remaining: 2465
[817/3281] id=142223 status=ok (2.5s) - Epyllion Knitwears Ltd. (HW Unit) | remaining: 2464
[818/3281] id=1428 status=ok (2.4s) - Z A Fashion Ltd. | remaining: 2463
[819/3281] id=143 status=ok (2.5s) - JKK Apparels Ltd. | remaining: 2462
[820/3281] id=1435 status=ok (3.0s) - Green Arrow Sweater Ind. Ltd. (Unit-3) | remaining: 2461
    -> checkpoint saved to mib_factories_full.xlsx
[821/3281] id=14352 status=ok (2.5s) - Birds A & Z Ltd. (Unit-2) | remaining: 2460
[822/3281] id=14357 status=ok (1.9s) - Comfit Composite Knit Ltd. | remaining: 2459
[823/3281] id=14405 status=ok (4.0s) - Remon Hosiery Enterprise | remaining: 2458
[824/3281] id=14407 status=ok (2.5s) - A.K. Fashion | remaining: 2457
[825/3281] id=14408 status=ok (2.4s) - Aspire Garments Ltd. | remaining: 2456
[826/3281] id=1443 status=ok (2.4s) - Perfect Sweaters Ltd. | remaining: 2455
[827/3281] id=144401 status=ok (2.3s) - AMS Apparels Ltd. | remaining: 2454
[828/3281] id=144402 status=ok (2.3s) - Starlet Composite Ind. Ltd. | remaining: 2453
[829/3281] id=144405 status=ok (2.4s) - Layla Fashion Tex BD | remaining: 2452
[830/3281] id=144406 status=ok (3.1s) - Design Garden Knitwear | remaining: 2451
[831/3281] id=144412 status=ok (2.4s) - Emu Fashion (Unit-3) | remaining: 2450
[832/3281] id=144416 status=ok (2.5s) - Confidence Knit Hosiery & Embrodary. | remaining: 2449
[833/3281] id=144421 status=ok (3.0s) - Emiz Fashion | remaining: 2448
[834/3281] id=144422 status=ok (2.4s) - MF Apparels Ltd. | remaining: 2447
[835/3281] id=144461 status=ok (2.0s) - Texline Apparels Ltd. | remaining: 2446
[836/3281] id=144462 status=ok (3.4s) - Santa Knit Fashion (Pvt.) Ltd. | remaining: 2445
[837/3281] id=144474 status=ok (2.5s) - Tasnim Knit Fashion | remaining: 2444
[838/3281] id=144475 status=ok (2.3s) - Miah Knit Apparels | remaining: 2443
[839/3281] id=144477 status=ok (2.4s) - Emon Knit Design | remaining: 2442
[840/3281] id=144493 status=ok (2.5s) - Knit Expert | remaining: 2441
    -> checkpoint saved to mib_factories_full.xlsx
[841/3281] id=1445 status=ok (2.6s) - Rupu Fashion House | remaining: 2440
[842/3281] id=144501 status=ok (2.3s) - F & H Fashion Ltd. | remaining: 2439
[843/3281] id=144502 status=ok (1.9s) - Amity Knit Tex | remaining: 2438
[844/3281] id=144511 status=ok (2.3s) - Safwan Knit Fashion | remaining: 2437
[845/3281] id=144512 status=ok (2.5s) - T.M.S Knit Fashion Wear Ltd. | remaining: 2436
[846/3281] id=144517 status=ok (2.4s) - AMS Knit Fashion | remaining: 2435
[847/3281] id=144518 status=ok (3.1s) - Bunon Texwear Ltd. | remaining: 2434
[848/3281] id=144528 status=ok (3.1s) - Mother Chem Tex Fashion | remaining: 2433
[849/3281] id=144529 status=ok (3.0s) - Namirah Apparels Ltd. | remaining: 2432
[850/3281] id=144551 status=ok (2.4s) - Fashion World | remaining: 2431
[851/3281] id=144552 status=ok (2.3s) - New Siraj Hosiery | remaining: 2430
[852/3281] id=144553 status=ok (2.4s) - Apparel Chain BD Ltd. | remaining: 2429
[853/3281] id=144557 status=ok (2.4s) - Trasco Apparels Ltd. | remaining: 2428
[854/3281] id=144558 status=ok (2.6s) - Talent Apparels Ltd. | remaining: 2427
[855/3281] id=144563 status=ok (2.3s) - AR-Tex Composite Ltd. | remaining: 2426
[856/3281] id=144564 status=ok (2.4s) - Cotton Land Knitwear | remaining: 2425
[857/3281] id=144570 status=ok (3.1s) - Moon Knit Garments | remaining: 2424
[858/3281] id=144571 status=ok (2.3s) - Sample Collection Composite | remaining: 2423
[859/3281] id=144576 status=ok (2.5s) - Faiyaz Fashion Ltd. (Unit-2) | remaining: 2422
[860/3281] id=144581 status=ok (2.3s) - Zara Style Ltd. | remaining: 2421
    -> checkpoint saved to mib_factories_full.xlsx
[861/3281] id=144582 status=ok (2.5s) - Faiyaz Fashion Ltd. | remaining: 2420
[862/3281] id=144583 status=ok (2.5s) - Freedom Knit (Pvt.) Ltd. | remaining: 2419
[863/3281] id=144584 status=ok (3.1s) - Emu Apparels International Ltd. | remaining: 2418
[864/3281] id=144585 status=ok (2.5s) - Exalt Apparels Ltd. | remaining: 2417
[865/3281] id=144587 status=ok (2.4s) - Best Maker Fashion Wear Ltd. | remaining: 2416
[866/3281] id=144589 status=ok (2.3s) - Tahasin Sweater | remaining: 2415
[867/3281] id=144590 status=ok (2.4s) - S.K Knit Wear | remaining: 2414
[868/3281] id=1446 status=ok (2.4s) - Explore Knit Wear Ltd. | remaining: 2413
[869/3281] id=144601 status=ok (2.3s) - B.S Composite | remaining: 2412
[870/3281] id=144602 status=ok (2.4s) - A. L. Knitwear Ltd. | remaining: 2411
[871/3281] id=144606 status=ok (2.4s) - Jazira Fabrics | remaining: 2410
[872/3281] id=144611 status=ok (2.3s) - Inspire Sourcing | remaining: 2409
[873/3281] id=144612 status=ok (2.4s) - Prolific Sweater | remaining: 2408
[874/3281] id=144613 status=ok (2.3s) - Sahara Fashion | remaining: 2407
[875/3281] id=144621 status=ok (2.5s) - Fahad Knit Fashion. | remaining: 2406
[876/3281] id=144622 status=ok (2.5s) - KCL Fashion | remaining: 2405
[877/3281] id=144632 status=ok (1.9s) - Radowan Knit Composite | remaining: 2404
[878/3281] id=144633 status=ok (2.5s) - Stitch (BD) Knitwear Ltd. | remaining: 2403
[879/3281] id=144635 status=ok (2.5s) - Prominent Apparels Ltd. | remaining: 2402
[880/3281] id=144638 status=ok (3.1s) - Rohan Fashion | remaining: 2401
    -> checkpoint saved to mib_factories_full.xlsx
[881/3281] id=144640 status=ok (2.3s) - Khan Textile Knit Garments | remaining: 2400
[882/3281] id=144642 status=ok (3.2s) - Euphoria Textile | remaining: 2399
[883/3281] id=144644 status=ok (3.1s) - Fakir Eco-Knitwears Ltd. | remaining: 2398
[884/3281] id=144645 status=ok (3.1s) - K.M Apparels | remaining: 2397
[885/3281] id=144646 status=ok (2.5s) - Jaase Bangladesh (Pvt.) Ltd. | remaining: 2396
[886/3281] id=144649 status=ok (2.4s) - Orion Fashions Ltd. | remaining: 2395
[887/3281] id=1447 status=ok (2.4s) - New Delta Shirt Ltd. | remaining: 2394
[888/3281] id=145 status=ok (1.9s) - Padma Sweaters Ltd. | remaining: 2393
[889/3281] id=1450 status=ok (2.4s) - Bit Body Bangladesh Ltd. | remaining: 2392
[890/3281] id=14503 status=ok (2.4s) - Impress-Newtex Composite Textiles Ltd. | remaining: 2391
[891/3281] id=1453 status=ok (2.4s) - Nahar Fashion | remaining: 2390
[892/3281] id=1456 status=ok (3.1s) - Woo Ree Apparels Ltd. | remaining: 2389
[893/3281] id=1458 status=ok (2.5s) - R.A Sweater | remaining: 2388
[894/3281] id=146 status=ok (3.0s) - Aman Knittings Ltd. | remaining: 2387
[895/3281] id=1460 status=ok (2.4s) - Concorde Garments Ltd. | remaining: 2386
[896/3281] id=1466 status=ok (2.0s) - Four Star Fashion | remaining: 2385
[897/3281] id=146603 status=ok (1.9s) - MS Garments & Accessories | remaining: 2384
[898/3281] id=146610 status=ok (3.1s) - S R S Knit Garments | remaining: 2383
[899/3281] id=146612 status=ok (2.5s) - Ibrahim Hosiery & Garments | remaining: 2382
[900/3281] id=146629 status=ok (2.6s) - World Star Fashion | remaining: 2381
    -> checkpoint saved to mib_factories_full.xlsx
[901/3281] id=146661 status=ok (3.1s) - Mithila Hosiery & Garments | remaining: 2380
[902/3281] id=146666 status=ok (3.1s) - SBM Concerns Ltd. | remaining: 2379
[903/3281] id=14700 status=ok (3.0s) - San Apparels Ltd. | remaining: 2378
[904/3281] id=1474 status=ok (3.2s) - Tandex Fashion | remaining: 2377
[905/3281] id=14769 status=ok (2.2s) - Amir Shirts Ltd. | remaining: 2376
[906/3281] id=1480 status=ok (2.5s) - Farish Cotton Ltd. | remaining: 2375
[907/3281] id=1486 status=ok (2.5s) - Everbright Sweater Ltd. | remaining: 2374
[908/3281] id=1488 status=ok (2.4s) - Dekko Readywears Ltd. | remaining: 2373
[909/3281] id=148805 status=ok (2.5s) - Nannu Apparels Ltd. | remaining: 2372
[910/3281] id=148807 status=ok (2.4s) - Brickland Composite Ltd. | remaining: 2371
[911/3281] id=148808 status=ok (1.9s) - Safa Fashionwear Ltd. | remaining: 2370
[912/3281] id=148816 status=ok (2.4s) - Apparex Ltd. | remaining: 2369
[913/3281] id=148818 status=ok (2.0s) - Fair Textile Mills Ltd. | remaining: 2368
[914/3281] id=14883 status=ok (2.4s) - Ashraf-UL Sweater (Pvt.) Ltd. | remaining: 2367
[915/3281] id=14884 status=ok (2.3s) - Dragon Sweater & Spinning Ltd. | remaining: 2366
[916/3281] id=14885 status=ok (2.4s) - CD Acrylic Bangladesh Ltd. | remaining: 2365
[917/3281] id=1495 status=ok (2.4s) - Kushiara Composite Knit Industries Ltd. | remaining: 2364
[918/3281] id=1497 status=ok (3.1s) - Level Two Apparels Ltd. | remaining: 2363
[919/3281] id=1499 status=ok (3.1s) - Kingfisher Fashion Wear Ltd. | remaining: 2362
[920/3281] id=15 status=ok (2.0s) - The Shanin Clothing Ltd. | remaining: 2361
    -> checkpoint saved to mib_factories_full.xlsx
[921/3281] id=150 status=ok (2.4s) - RIO Design Ltd. | remaining: 2360
[922/3281] id=1502 status=ok (1.9s) - Sicily Garments Ltd. | remaining: 2359
[923/3281] id=1505 status=ok (2.4s) - Fashion Port | remaining: 2358
[924/3281] id=151001 status=ok (2.5s) - All Round Knit Wear Ltd. | remaining: 2357
[925/3281] id=151003 status=ok (1.9s) - G Garments | remaining: 2356
[926/3281] id=151005 status=ok (2.4s) - Multikraft Fashions Ltd. | remaining: 2355
[927/3281] id=151052 status=ok (3.2s) - Al-Baraka Knit Wear (Unit-2) | remaining: 2354
[928/3281] id=151053 status=ok (2.9s) - Shubha Apparel | remaining: 2353
[929/3281] id=151054 status=ok (2.4s) - A.S.T Garments Ltd. | remaining: 2352
[930/3281] id=151055 status=ok (3.9s) - Welldone Fashion Wear Co. | remaining: 2351
[931/3281] id=151057 status=ok (2.4s) - Anowara Fashions Ltd. (Unit-2) | remaining: 2350
[932/3281] id=151058 status=ok (2.0s) - ZS Knit Wear | remaining: 2349
[933/3281] id=151060 status=ok (2.3s) - AHK Fashion | remaining: 2348
[934/3281] id=1512 status=ok (1.9s) - Active Clothing Bangladesh | remaining: 2347
[935/3281] id=1513 status=ok (2.5s) - Azmat Fashions Ltd. | remaining: 2346
[936/3281] id=1518 status=ok (3.0s) - Future Fashion | remaining: 2345
[937/3281] id=1519 status=ok (2.5s) - Universal Trims | remaining: 2344
[938/3281] id=1528 status=ok (2.4s) - Skylark Knit Composite Ltd. | remaining: 2343
[939/3281] id=1529 status=ok (3.0s) - AR Jeans Producer Ltd. | remaining: 2342
[940/3281] id=1531 status=ok (2.5s) - M.S Fashion | remaining: 2341
    -> checkpoint saved to mib_factories_full.xlsx
[941/3281] id=153216 status=ok (2.5s) - Kentucky Knit Composite Ltd. | remaining: 2340
[942/3281] id=1535 status=ok (2.5s) - Dina Fashion | remaining: 2339
[943/3281] id=15354 status=ok (2.5s) - Newtex Knit Fashions Ltd. | remaining: 2338
[944/3281] id=1542 status=ok (2.5s) - M.K.S Fashion Wear | remaining: 2337
[945/3281] id=1545 status=ok (2.4s) - TMF Clothing Ltd. | remaining: 2336
[946/3281] id=1548 status=ok (2.5s) - Lam Fashion | remaining: 2335
[947/3281] id=15501 status=ok (3.1s) - Alif Design Ltd. | remaining: 2334
[948/3281] id=15502 status=ok (2.5s) - Tex Design | remaining: 2333
[949/3281] id=15503 status=ok (2.4s) - Tahsin Fashion | remaining: 2332
[950/3281] id=1552 status=ok (2.8s) - R.R. Sweaters Ltd. | remaining: 2331
[951/3281] id=1554 status=ok (2.5s) - Dress & Dismatic (Pvt.) Ltd. | remaining: 2330
[952/3281] id=1555 status=ok (2.5s) - Jamalpur Jacquard View Ltd. | remaining: 2329
[953/3281] id=1557 status=ok (2.4s) - Ananta Garments Ltd. | remaining: 2328
[954/3281] id=1559 status=ok (2.4s) - Allahar Dan Garments | remaining: 2327
[955/3281] id=1560 status=ok (3.1s) - Tho-Ha Sweater | remaining: 2326
[956/3281] id=1563 status=ok (2.4s) - Deshone Apparels Ltd. | remaining: 2325
[957/3281] id=158 status=ok (3.0s) - Knit Asia Ltd. | remaining: 2324
[958/3281] id=1583 status=ok (1.9s) - Western Dresses Ltd. (Unit-2) | remaining: 2323
[959/3281] id=1584 status=ok (2.3s) - A.J. Super Garments Ltd. | remaining: 2322
[960/3281] id=1587 status=ok (3.1s) - Q-Point Fashions Ltd. | remaining: 2321
    -> checkpoint saved to mib_factories_full.xlsx
[961/3281] id=158806 status=ok (2.3s) - Oxford knit composite Ltd. | remaining: 2320
[962/3281] id=1589 status=ok (2.5s) - Orient Fashion Ltd. (Unit-2) | remaining: 2319
[963/3281] id=159 status=ok (2.4s) - Ethical Garments Ltd. | remaining: 2318
[964/3281] id=1595 status=ok (2.5s) - Arasa Apparels Ltd. | remaining: 2317
[965/3281] id=1597 status=ok (2.5s) - Sidko Apparels Ltd. | remaining: 2316
[966/3281] id=16 status=ok (2.5s) - MAK Apparels Bangladesh Ltd. | remaining: 2315
[967/3281] id=160 status=ok (2.5s) - JSL Stitches Ltd. | remaining: 2314
[968/3281] id=160001 status=ok (3.0s) - AMT Fashion BD. | remaining: 2313
[969/3281] id=160002 status=ok (3.1s) - Fiesta Apparels Ltd. | remaining: 2312
[970/3281] id=160003 status=ok (2.2s) - Maa Fashion | remaining: 2311
[971/3281] id=160004 status=ok (2.5s) - Tawakkul Apparels | remaining: 2310
[972/3281] id=160006 status=ok (2.5s) - Needle Eye Apparels | remaining: 2309
[973/3281] id=1604 status=ok (2.4s) - MK Apparels Ltd. | remaining: 2308
[974/3281] id=1605 status=ok (2.6s) - Dallchi Fiber (BD) Ltd. | remaining: 2307
[975/3281] id=1607 status=ok (2.5s) - Ananta Sportswear Ltd. | remaining: 2306
[976/3281] id=160802 status=ok (2.5s) - Saifa Garments | remaining: 2305
[977/3281] id=160810 status=ok (2.4s) - Provati Fashion | remaining: 2304
[978/3281] id=160811 status=ok (1.9s) - J Fashion (HK) Ltd. | remaining: 2303
[979/3281] id=160812 status=ok (2.4s) - Artistic Apparels Ltd. | remaining: 2302
[980/3281] id=160813 status=ok (2.3s) - Fashion Shaily Apparels Ltd. | remaining: 2301
    -> checkpoint saved to mib_factories_full.xlsx
[981/3281] id=160814 status=ok (2.3s) - Ctg Four Brothers Apparels Ltd. | remaining: 2300
[982/3281] id=1611 status=ok (2.3s) - Lenient Fashion Ltd. (Unit-2) | remaining: 2299
[983/3281] id=1613 status=ok (2.5s) - Halima Garments Ltd. | remaining: 2298
[984/3281] id=1617 status=ok (2.5s) - Aranox Fashion Ltd. | remaining: 2297
[985/3281] id=162 status=ok (2.5s) - Bando Design Ltd. | remaining: 2296
[986/3281] id=1624 status=ok (2.4s) - Azim Garments Ltd. | remaining: 2295
[987/3281] id=162410 status=ok (2.4s) - A J Apparels Ltd. | remaining: 2294
[988/3281] id=162411 status=ok (2.4s) - Classical Fashion Ltd. | remaining: 2293
[989/3281] id=162413 status=ok (2.4s) - Sadia Cloth Enterprise | remaining: 2292
[990/3281] id=162414 status=ok (2.5s) - Trendtrove Apparels | remaining: 2291
[991/3281] id=162415 status=ok (2.5s) - Ever Blue Fashion Ltd. | remaining: 2290
[992/3281] id=162416 status=ok (2.3s) - Jeansmith Ltd. | remaining: 2289
[993/3281] id=162417 status=ok (2.4s) - RNK Apparels Ltd. | remaining: 2288
[994/3281] id=162418 status=ok (2.5s) - Dress. Me Industries Ltd. | remaining: 2287
[995/3281] id=162422 status=ok (2.5s) - R.J.S. Apparels | remaining: 2286
[996/3281] id=162423 status=ok (2.9s) - Alfa Garments | remaining: 2285
[997/3281] id=162424 status=ok (2.3s) - Mother Fashion Wear Ltd. | remaining: 2284
[998/3281] id=163 status=ok (2.3s) - New Generation Fashion Ltd. | remaining: 2283
[999/3281] id=1630 status=ok (2.5s) - AB Fashion Maker | remaining: 2282
[1000/3281] id=1633 status=ok (2.4s) - Amex Knitting & Dyeing Inds. Ltd. (Unit-2) Garments Division | remaining: 2281
    -> checkpoint saved to mib_factories_full.xlsx
[1001/3281] id=1637 status=ok (2.5s) - Fraulen Fashion Ltd. (Unit-2) | remaining: 2280
[1002/3281] id=164 status=ok (2.4s) - Newage Apparels Ltd. | remaining: 2279
[1003/3281] id=1641 status=ok (3.1s) - Urmi Apparels | remaining: 2278
[1004/3281] id=1645 status=ok (2.4s) - Nassa Hi-Tech Wear Ltd. | remaining: 2277
[1005/3281] id=165 status=ok (2.5s) - Ajax Sweater Ltd. | remaining: 2276
[1006/3281] id=1652 status=ok (2.4s) - AZ Apparels | remaining: 2275
[1007/3281] id=1656 status=ok (2.4s) - Sidko Ltd. (Garments Division) | remaining: 2274
[1008/3281] id=165603 status=ok (2.9s) - Ibrahim Fashion | remaining: 2273
[1009/3281] id=165604 status=ok (2.4s) - Nazifa Apparel | remaining: 2272
[1010/3281] id=165610 status=ok (2.3s) - Reliant Lingeries Ltd. | remaining: 2271
[1011/3281] id=165612 status=ok (2.4s) - Winning Fashion Ltd. | remaining: 2270
[1012/3281] id=165613 status=ok (2.4s) - Deen Fashions Ltd. | remaining: 2269
[1013/3281] id=165614 status=ok (2.5s) - Quality Leader Ltd. | remaining: 2268
[1014/3281] id=165615 status=ok (3.1s) - R.H. Attire Ltd. (Unit-2) | remaining: 2267
[1015/3281] id=165616 status=ok (2.4s) - Mostafa Garments Industries Ltd. (Unit-2) | remaining: 2266
[1016/3281] id=1657 status=ok (2.4s) - Orbitex Knitwear Ltd. | remaining: 2265
[1017/3281] id=1659 status=ok (3.1s) - K.R.K. Garments Ltd. | remaining: 2264
[1018/3281] id=166401 status=ok (2.5s) - Kay Garments Ltd. (Unit-2) | remaining: 2263
[1019/3281] id=1666 status=ok (2.5s) - Prostar Industrial Co. Ltd. | remaining: 2262
[1020/3281] id=167 status=ok (2.4s) - Needle-Work Ltd. | remaining: 2261
    -> checkpoint saved to mib_factories_full.xlsx
[1021/3281] id=167201 status=ok (2.5s) - Madina Apparels Ltd. | remaining: 2260
[1022/3281] id=167210 status=ok (2.3s) - Aqsha Fashion Ltd. | remaining: 2259
[1023/3281] id=167211 status=ok (3.1s) - Ruma Import & Export Ltd. | remaining: 2258
[1024/3281] id=167240 status=ok (2.5s) - Klarion Designs Ltd. | remaining: 2257
[1025/3281] id=1673 status=ok (3.1s) - Hamza Clothing Ltd. | remaining: 2256
[1026/3281] id=1674 status=ok (3.0s) - Universal Apparels Ltd. | remaining: 2255
[1027/3281] id=1677 status=ok (2.4s) - Mollah Fashion | remaining: 2254
[1028/3281] id=168 status=ok (3.1s) - Nextgen Style Ltd. | remaining: 2253
[1029/3281] id=1682 status=ok (2.4s) - MRA Enterprise Ltd. | remaining: 2252
[1030/3281] id=1685 status=ok (2.4s) - Fraulen Fashion Ltd. | remaining: 2251
[1031/3281] id=168801 status=ok (2.3s) - Friends Unity | remaining: 2250
[1032/3281] id=169 status=ok (2.5s) - Basundhara Garments Ltd. | remaining: 2249
[1033/3281] id=1692 status=ok (2.5s) - Lamiya Adnan Quality Garments | remaining: 2248
[1034/3281] id=169601 status=ok (2.3s) - Lingerie World Ltd. | remaining: 2247
[1035/3281] id=169602 status=ok (2.3s) - Ayaan Knit Wear | remaining: 2246
[1036/3281] id=169603 status=ok (2.9s) - Gain Apparels | remaining: 2245
[1037/3281] id=169604 status=ok (2.5s) - Ma. J&J Ltd. | remaining: 2244
[1038/3281] id=17 status=ok (2.4s) - FGS Denim Wear Ltd. | remaining: 2243
[1039/3281] id=1700 status=ok (3.1s) - J.R Fashion | remaining: 2242
[1040/3281] id=1701 status=ok (1.9s) - Natural Wool Wears Ltd. | remaining: 2241
    -> checkpoint saved to mib_factories_full.xlsx
[1041/3281] id=1702 status=ok (2.5s) - Epyllion Knitwears Ltd. | remaining: 2240
[1042/3281] id=1707 status=ok (2.3s) - JS Fashion | remaining: 2239
[1043/3281] id=171 status=ok (2.3s) - Maxcom International (BD) Ltd. | remaining: 2238
[1044/3281] id=1710 status=ok (2.4s) - Uniform Textile Ltd. | remaining: 2237
[1045/3281] id=171201 status=ok (3.2s) - Green Innovative Apparels Ltd. | remaining: 2236
[1046/3281] id=1716 status=ok (2.5s) - Global Nassa Wear Ltd. | remaining: 2235
[1047/3281] id=1717 status=ok (3.0s) - SM Fashion | remaining: 2234
[1048/3281] id=1718 status=ok (2.4s) - Integra Apparels (Bangladesh) Ltd. | remaining: 2233
[1049/3281] id=172001 status=ok (2.5s) - The Hanger Apparels | remaining: 2232
[1050/3281] id=1727 status=ok (2.5s) - KGN.MS Fashion Ltd. | remaining: 2231
[1051/3281] id=1728 status=ok (2.5s) - Riaz Jacquard Sweater | remaining: 2230
[1052/3281] id=172801 status=ok (3.0s) - Kaixi Lingerie Bangladesh Co. Ltd. | remaining: 2229
[1053/3281] id=1729 status=ok (3.1s) - S & B Fashion | remaining: 2228
[1054/3281] id=173 status=ok (2.3s) - Fountain Garments Manufacturing Ltd. | remaining: 2227
[1055/3281] id=1732 status=ok (2.4s) - Julfikar Fashions Ltd. | remaining: 2226
[1056/3281] id=1733 status=ok (4.3s) - 3 Brothers Fashion | remaining: 2225
[1057/3281] id=1736 status=ok (3.2s) - Khan Fashion Ltd. | remaining: 2224
[1058/3281] id=173610 status=ok (2.4s) - Infinity Apparels | remaining: 2223
[1059/3281] id=173611 status=ok (2.5s) - Neptune Exclusive | remaining: 2222
[1060/3281] id=173612 status=ok (2.3s) - S.P Fashion | remaining: 2221
    -> checkpoint saved to mib_factories_full.xlsx
[1061/3281] id=173613 status=ok (2.4s) - Jai Fashion | remaining: 2220
[1062/3281] id=173614 status=ok (3.1s) - Arrow Jeans (Pvt.) Ltd. | remaining: 2219
[1063/3281] id=173615 status=ok (3.1s) - Bismillah Apparels | remaining: 2218
[1064/3281] id=173616 status=ok (2.3s) - Anita Apparels Ltd. | remaining: 2217
[1065/3281] id=173617 status=ok (2.4s) - Mirai Apparels Ltd. | remaining: 2216
[1066/3281] id=173618 status=ok (1.9s) - Nur Fashion & Garments | remaining: 2215
[1067/3281] id=173619 status=ok (2.3s) - Felix Fashions Ltd. | remaining: 2214
[1068/3281] id=173621 status=ok (1.9s) - G-8 Apparel (Pvt.) Ltd. | remaining: 2213
[1069/3281] id=173622 status=ok (2.3s) - Mim Stitch Apparels Ltd. | remaining: 2212
[1070/3281] id=1740 status=ok (1.9s) - Sharoj Garments Ltd. | remaining: 2211
[1071/3281] id=1742 status=ok (2.4s) - Debonair Ltd. | remaining: 2210
[1072/3281] id=1743 status=ok (2.3s) - F M Fashion Wear | remaining: 2209
[1073/3281] id=174403 status=ok (2.4s) - Benchmark Knitwear Ltd. | remaining: 2208
[1074/3281] id=174404 status=ok (2.4s) - E.K Fashion | remaining: 2207
[1075/3281] id=174410 status=ok (2.4s) - Nur Fashion | remaining: 2206
[1076/3281] id=174411 status=ok (2.5s) - M.M.J.S. Fashion Wear | remaining: 2205
[1077/3281] id=174412 status=ok (2.4s) - Aturardipu Salai Ghar | remaining: 2204
[1078/3281] id=174413 status=ok (2.5s) - MM Fashion | remaining: 2203
[1079/3281] id=174414 status=ok (2.4s) - Ritzy Apparels Ltd. | remaining: 2202
[1080/3281] id=174415 status=ok (2.4s) - Saj Knit Designs Ltd. | remaining: 2201
    -> checkpoint saved to mib_factories_full.xlsx
[1081/3281] id=174416 status=ok (3.1s) - Warm Fashion Ltd. | remaining: 2200
[1082/3281] id=174417 status=ok (3.2s) - TNX Fashion | remaining: 2199
[1083/3281] id=174418 status=ok (3.0s) - K & C Fashion | remaining: 2198
[1084/3281] id=1754 status=ok (3.1s) - Dekko Knitwears Ltd. | remaining: 2197
[1085/3281] id=1759 status=ok (3.1s) - APS Apparels Ltd. | remaining: 2196
[1086/3281] id=176 status=ok (3.1s) - The Fashion Island Ltd. | remaining: 2195
[1087/3281] id=1760 status=ok (3.1s) - Knit Valley Fashions Ltd. | remaining: 2194
[1088/3281] id=176001 status=ok (2.3s) - Bodice Apparels Ltd. | remaining: 2193
[1089/3281] id=1763 status=ok (2.4s) - Yi Gune Fashion | remaining: 2192
[1090/3281] id=176801 status=ok (3.0s) - Blue Sky Fashion Ltd. | remaining: 2191
[1091/3281] id=1769 status=ok (2.3s) - Sinha Knit and Denims Ltd. | remaining: 2190
[1092/3281] id=1772 status=ok (2.5s) - Metro Knitting & Dyeing Mills Ltd. (Factory-2) | remaining: 2189
[1093/3281] id=1774 status=ok (2.4s) - Dekko Fashions Ltd. | remaining: 2188
[1094/3281] id=1775 status=ok (3.1s) - Kems Fashions Ltd. | remaining: 2187
[1095/3281] id=1785 status=ok (2.4s) - RMM Sweaters Ltd. | remaining: 2186
[1096/3281] id=1789 status=ok (3.1s) - Quality Apparels | remaining: 2185
[1097/3281] id=179 status=ok (2.4s) - Green Life Knittex Ltd. | remaining: 2184
[1098/3281] id=1790 status=ok (2.5s) - Sailtex Fashion | remaining: 2183
[1099/3281] id=1792 status=ok (2.5s) - Mizan & Laboni Garments (Unit-2) | remaining: 2182
[1100/3281] id=1794 status=ok (2.5s) - Rose Intimates Ltd. | remaining: 2181
    -> checkpoint saved to mib_factories_full.xlsx
[1101/3281] id=1797 status=ok (2.0s) - Feiyue Fashions Ltd. | remaining: 2180
[1102/3281] id=1798 status=ok (3.2s) - HK Knit Composite Ltd. | remaining: 2179
[1103/3281] id=18 status=ok (2.5s) - Onus Apparels Ltd. | remaining: 2178
[1104/3281] id=180 status=ok (2.4s) - Posh Garments Ltd. | remaining: 2177
[1105/3281] id=180001 status=ok (2.5s) - TM Textiles & Garments Ltd. | remaining: 2176
[1106/3281] id=1804 status=ok (2.4s) - Meherun Apparels Ltd. | remaining: 2175
[1107/3281] id=1807 status=ok (3.2s) - Adib Knitwear Fashion Ltd. | remaining: 2174
[1108/3281] id=1809 status=ok (2.3s) - Golden Cap Ltd. | remaining: 2173
[1109/3281] id=181 status=ok (3.3s) - Apparel Stitch Ltd. | remaining: 2172
[1110/3281] id=1810 status=ok (3.1s) - M. K Fashion | remaining: 2171
[1111/3281] id=1812 status=ok (2.4s) - Mridha Sweater | remaining: 2170
[1112/3281] id=1815 status=ok (2.4s) - Winner Wears Ltd. | remaining: 2169
[1113/3281] id=182 status=ok (2.5s) - Stitchwell Designs Ltd. | remaining: 2168
[1114/3281] id=1820 status=ok (3.1s) - Young Touch Fashion | remaining: 2167
[1115/3281] id=1822 status=ok (2.4s) - One Step Up Fashion | remaining: 2166
[1116/3281] id=1823 status=ok (3.1s) - Nassa Basics Ltd. | remaining: 2165
[1117/3281] id=1824 status=ok (2.3s) - Romo Fashion | remaining: 2164
[1118/3281] id=1832 status=ok (2.4s) - Celebrity Export Garments Ltd. | remaining: 2163
[1119/3281] id=1835 status=ok (2.5s) - Honest Fashion | remaining: 2162
[1120/3281] id=1843 status=ok (2.5s) - New Asia Fashions Ltd. | remaining: 2161
    -> checkpoint saved to mib_factories_full.xlsx
[1121/3281] id=1845 status=ok (2.4s) - G. S. P Fashion | remaining: 2160
[1122/3281] id=1848 status=ok (2.4s) - Nassa Fashions Ltd. | remaining: 2159
[1123/3281] id=185 status=ok (3.0s) - Alim Knitwears Ltd. | remaining: 2158
[1124/3281] id=1851 status=ok (3.1s) - Power Vantage Wear Ltd. | remaining: 2157
[1125/3281] id=1852 status=ok (2.4s) - Nassa Super Garments Ltd. | remaining: 2156
[1126/3281] id=1862 status=ok (2.3s) - N.A. Garments Ltd. | remaining: 2155
[1127/3281] id=1863 status=ok (2.4s) - Green House Sweater | remaining: 2154
[1128/3281] id=1866 status=ok (2.4s) - J. K Fabrics Ltd. (Unit-2) | remaining: 2153
[1129/3281] id=1867 status=ok (2.5s) - Torque Fashions Ltd. (Unit-2) | remaining: 2152
[1130/3281] id=187 status=ok (2.4s) - Mirza Apparels Ltd. | remaining: 2151
[1131/3281] id=1871 status=ok (2.3s) - SKS Fashion | remaining: 2150
[1132/3281] id=1873 status=ok (1.9s) - Fahim Fashion & Hand Embroidery | remaining: 2149
[1133/3281] id=1874 status=ok (3.0s) - Marma Composite Ltd. | remaining: 2148
[1134/3281] id=1877 status=ok (2.3s) - Hasib Jacquard | remaining: 2147
[1135/3281] id=1881 status=ok (2.5s) - Sharaf Apparels Ltd. | remaining: 2146
[1136/3281] id=1884 status=ok (2.5s) - Dica Tex Ltd. | remaining: 2145
[1137/3281] id=1885 status=ok (2.5s) - Trust Fashion | remaining: 2144
[1138/3281] id=1889 status=ok (2.4s) - Fouzia & Fahim Fashions | remaining: 2143
[1139/3281] id=189 status=ok (2.4s) - Mane Clothing Ltd. | remaining: 2142
[1140/3281] id=1890 status=ok (2.4s) - Imperial Sweaters (BD) Ltd. | remaining: 2141
    -> checkpoint saved to mib_factories_full.xlsx
[1141/3281] id=1898 status=ok (2.3s) - Fatheha Sweater Ltd. | remaining: 2140
[1142/3281] id=190 status=ok (3.2s) - R. Tex Fashion Ltd. | remaining: 2139
[1143/3281] id=1906 status=ok (2.3s) - Hearty Apparels Ltd. | remaining: 2138
[1144/3281] id=1908 status=ok (3.8s) - Towhid Knitwear Ltd. | remaining: 2137
[1145/3281] id=191 status=ok (2.5s) - Polo Composite Knit Industry Ltd. | remaining: 2136
[1146/3281] id=1912 status=ok (2.5s) - AR Fashion | remaining: 2135
[1147/3281] id=1913 status=ok (2.6s) - Sharmin Apparels Ltd. | remaining: 2134
[1148/3281] id=1914 status=ok (2.3s) - Tanima Knit Composite Ltd. | remaining: 2133
[1149/3281] id=1916 status=ok (2.4s) - Howlader Fashion | remaining: 2132
[1150/3281] id=1918 status=ok (2.4s) - Sadia Garments Ltd. | remaining: 2131
[1151/3281] id=192 status=ok (3.2s) - AKH Knitting & Dyeing Ltd. | remaining: 2130
[1152/3281] id=1924 status=ok (2.5s) - R. P. Fashion | remaining: 2129
[1153/3281] id=193 status=ok (2.3s) - Creative Designers Ltd. | remaining: 2128
[1154/3281] id=1941 status=ok (2.5s) - Goldstar Garments Ltd. | remaining: 2127
[1155/3281] id=1942 status=ok (3.1s) - Sterling Creations Ltd. | remaining: 2126
[1156/3281] id=1944 status=ok (3.1s) - Crosswear Industries Ltd. | remaining: 2125
[1157/3281] id=1945 status=ok (2.3s) - Olio Apparels Ltd. | remaining: 2124
[1158/3281] id=1946 status=ok (2.5s) - The Yolk Garments Ltd. | remaining: 2123
[1159/3281] id=1947 status=ok (2.3s) - KM Apparels Knit (Pvt.) Ltd. | remaining: 2122
[1160/3281] id=1949 status=ok (2.5s) - Sparkle Knit Composite Ltd. | remaining: 2121
    -> checkpoint saved to mib_factories_full.xlsx
[1161/3281] id=195 status=ok (2.5s) - FRM Fashion House Ltd. | remaining: 2120
[1162/3281] id=1950 status=ok (2.4s) - ECTA Dhaka Ltd. | remaining: 2119
[1163/3281] id=1951 status=ok (2.4s) - Toufiq Denim & Knitwear Ltd. | remaining: 2118
[1164/3281] id=1952 status=ok (2.5s) - Voyager Apparels Ltd. | remaining: 2117
[1165/3281] id=1954 status=ok (2.3s) - ABC Bangla Apparels Ltd. | remaining: 2116
[1166/3281] id=1955 status=ok (2.4s) - Envoy Design Ltd. | remaining: 2115
[1167/3281] id=1956 status=ok (2.3s) - Finnkoli Apparels Ltd. | remaining: 2114
[1168/3281] id=1958 status=ok (2.4s) - Synergy Design Fashion (Pvt.) Ltd. | remaining: 2113
[1169/3281] id=1959 status=ok (2.5s) - Fun Factory Ltd. | remaining: 2112
[1170/3281] id=196 status=ok (3.2s) - Mayc's Garments Ltd. | remaining: 2111
[1171/3281] id=1960 status=ok (2.5s) - Jeans Plus Ltd. | remaining: 2110
[1172/3281] id=1961 status=ok (2.4s) - S-21 Apparels Ltd. | remaining: 2109
[1173/3281] id=1962 status=ok (2.3s) - A & B Design & Fashion (Pvt.) Ltd. | remaining: 2108
[1174/3281] id=1965 status=ok (3.0s) - Hyun Apparels Ltd. | remaining: 2107
[1175/3281] id=1967 status=ok (2.4s) - Envoy Fashions Ltd. | remaining: 2106
[1176/3281] id=1968 status=ok (3.2s) - Armour Garments Ltd. | remaining: 2105
[1177/3281] id=1973 status=ok (2.6s) - Ahsiar Fashions Ltd. | remaining: 2104
[1178/3281] id=1974 status=ok (3.1s) - Supertex Merchandising Co. Ltd. | remaining: 2103
[1179/3281] id=1976 status=ok (2.4s) - Southern Clothings Ltd. | remaining: 2102
[1180/3281] id=1979 status=ok (2.5s) - Grasp International Ltd. | remaining: 2101
    -> checkpoint saved to mib_factories_full.xlsx
[1181/3281] id=1980 status=ok (2.5s) - Agami Apparels Ltd. | remaining: 2100
[1182/3281] id=1981 status=ok (2.5s) - Dekko Designs Ltd. | remaining: 2099
[1183/3281] id=1983 status=ok (2.5s) - Chantik Garments Ltd. | remaining: 2098
[1184/3281] id=1984 status=ok (3.1s) - NRN Knitting & Garments Ltd. | remaining: 2097
[1185/3281] id=1985 status=ok (2.3s) - Fashionit Company Ltd. | remaining: 2096
[1186/3281] id=1986 status=ok (3.2s) - Magpie Composite Textile Ltd. | remaining: 2095
[1187/3281] id=1987 status=ok (2.3s) - Eurozone Fashion Ltd. | remaining: 2094
[1188/3281] id=199 status=ok (2.4s) - Newage Garments Ltd. | remaining: 2093
[1189/3281] id=1991 status=ok (2.5s) - Fashion Flash Ltd. | remaining: 2092
[1190/3281] id=1993 status=ok (2.5s) - Z-3 Dresses Ltd. | remaining: 2091
[1191/3281] id=1995 status=ok (3.2s) - Medlar Apparels Ltd. | remaining: 2090
[1192/3281] id=1996 status=ok (2.5s) - Entrust Fashions Ltd. | remaining: 2089
[1193/3281] id=1997 status=ok (2.5s) - Texstream Fashion Ltd. | remaining: 2088
[1194/3281] id=1998 status=ok (2.5s) - Magpie Knit Wear Ltd. | remaining: 2087
[1195/3281] id=1999 status=ok (2.5s) - Fashion Jeans Ltd. | remaining: 2086
[1196/3281] id=20 status=ok (2.5s) - Alliance Knit Composite Ltd. | remaining: 2085
[1197/3281] id=200 status=ok (3.0s) - Keilock Newage Bangladesh Ltd. | remaining: 2084
[1198/3281] id=2002 status=ok (2.4s) - FB Excellence Fashion Co. Ltd. | remaining: 2083
[1199/3281] id=2004 status=ok (2.4s) - Lenient Fashion Ltd. | remaining: 2082
[1200/3281] id=2006 status=ok (2.4s) - TEB Fashion International Ltd. | remaining: 2081
    -> checkpoint saved to mib_factories_full.xlsx
[1201/3281] id=2007 status=ok (2.5s) - Azmeri Composite Knit Ltd. | remaining: 2080
[1202/3281] id=2010 status=ok (2.5s) - 4A Yarn Dyeing Ltd. | remaining: 2079
[1203/3281] id=2011 status=ok (3.1s) - Sterling Apparels Ltd. | remaining: 2078
[1204/3281] id=2014 status=ok (2.4s) - Manta Apparels Ltd. | remaining: 2077
[1205/3281] id=2015 status=ok (2.4s) - Fashion Plus Ltd. | remaining: 2076
[1206/3281] id=202 status=ok (2.5s) - Aziz Fashions (Pvt.) Ltd. | remaining: 2075
[1207/3281] id=2022 status=ok (2.4s) - Dynasty Sweater (BD) Ltd. | remaining: 2074
[1208/3281] id=2029 status=ok (2.5s) - New Horizon (BD) Ltd. | remaining: 2073
[1209/3281] id=203 status=ok (2.5s) - Biswas Fashions Ltd. | remaining: 2072
[1210/3281] id=2030 status=ok (2.6s) - Seo Wan Bangladesh Ltd. | remaining: 2071
[1211/3281] id=2031 status=ok (2.5s) - Smile Apparels Ltd. | remaining: 2070
[1212/3281] id=2032 status=ok (2.5s) - Dream Fashion | remaining: 2069
[1213/3281] id=2033 status=ok (3.1s) - TSR Apparels Ltd. | remaining: 2068
[1214/3281] id=2034 status=ok (2.3s) - TSR Apparels Ltd. (Unit-2) | remaining: 2067
[1215/3281] id=2036 status=ok (2.5s) - Mild One Knit Composite Ltd. | remaining: 2066
[1216/3281] id=2037 status=ok (2.6s) - River Side Sweaters Ltd. | remaining: 2065
[1217/3281] id=204 status=ok (3.1s) - Vision Garments Ltd. | remaining: 2064
[1218/3281] id=2040 status=ok (3.0s) - ZA Sweaters Ltd. | remaining: 2063
[1219/3281] id=2041 status=ok (3.2s) - Dazzling Dresses Ltd. | remaining: 2062
[1220/3281] id=2042 status=ok (2.3s) - Al-Islam Textiles Ltd. | remaining: 2061
    -> checkpoint saved to mib_factories_full.xlsx
[1221/3281] id=2045 status=ok (2.6s) - Scandex (BD) Ltd. | remaining: 2060
[1222/3281] id=2047 status=ok (2.4s) - Oxford Shirts Ltd. | remaining: 2059
[1223/3281] id=2048 status=ok (2.4s) - Bea-Con Knit Wear Ltd. (Unit-2) | remaining: 2058
[1224/3281] id=2049 status=ok (2.5s) - Cutting Edge Inds. Ltd. | remaining: 2057
[1225/3281] id=205 status=ok (2.3s) - Vision Composite Knit Ltd. | remaining: 2056
[1226/3281] id=2051 status=ok (3.2s) - DK Sweater Ltd. | remaining: 2055
[1227/3281] id=2052 status=ok (2.4s) - M.K. Sweaters Ltd. | remaining: 2054
[1228/3281] id=2056 status=ok (2.3s) - DLF Korbang Ltd. | remaining: 2053
[1229/3281] id=2057 status=ok (2.5s) - Tusuka Jeans Ltd. | remaining: 2052
[1230/3281] id=206 status=ok (2.5s) - Dipta Apparels Ltd. | remaining: 2051
[1231/3281] id=2062 status=ok (2.5s) - Chowdhury Garments Ltd. | remaining: 2050
[1232/3281] id=2063 status=ok (2.4s) - Fashion Crafts & Design Ltd. | remaining: 2049
[1233/3281] id=2065 status=ok (2.5s) - Aurum Sweater Ltd. | remaining: 2048
[1234/3281] id=207 status=ok (2.4s) - Moon Readywears Ltd. | remaining: 2047
[1235/3281] id=2075 status=ok (3.1s) - Enrich Ltd. (Unit-2) | remaining: 2046
[1236/3281] id=2077 status=ok (3.1s) - Smug Sweater Ltd. | remaining: 2045
[1237/3281] id=2079 status=ok (2.5s) - Tusuka Trousers Ltd. | remaining: 2044
[1238/3281] id=2082 status=ok (2.5s) - M.M. Knitwear Ltd. | remaining: 2043
[1239/3281] id=2083 status=ok (2.5s) - Mamun Knitwear Ltd. | remaining: 2042
[1240/3281] id=2086 status=ok (2.5s) - Best Wool Sweaters Ltd. | remaining: 2041
    -> checkpoint saved to mib_factories_full.xlsx
[1241/3281] id=2087 status=ok (3.1s) - K.M. Nobely Garments Ltd. | remaining: 2040
[1242/3281] id=2088 status=ok (2.5s) - T-Design Sweaters Ltd. | remaining: 2039
[1243/3281] id=2089 status=ok (2.4s) - Astro Knitwear Ltd. | remaining: 2038
[1244/3281] id=209 status=ok (3.2s) - Zafar Enterprises (Pvt.) Ltd. | remaining: 2037
[1245/3281] id=2091 status=ok (2.0s) - Keya Knit Composite Ltd. | remaining: 2036
[1246/3281] id=2094 status=ok (2.5s) - Dressmen Ltd. | remaining: 2035
[1247/3281] id=2096 status=ok (2.5s) - Limart Capitaland Apparels Ltd. | remaining: 2034
[1248/3281] id=2097 status=ok (2.4s) - Dressmen Apparels Ltd. | remaining: 2033
[1249/3281] id=2098 status=ok (2.3s) - Dressmen Garments Ltd. | remaining: 2032
[1250/3281] id=2099 status=ok (3.3s) - Echoknits Ltd. | remaining: 2031
[1251/3281] id=21 status=ok (2.5s) - Southern Garments Ltd. | remaining: 2030
[1252/3281] id=2102 status=ok (2.5s) - Madinaple Fashions Craft Ltd. | remaining: 2029
[1253/3281] id=2103 status=ok (3.0s) - Creative Collections Ltd. | remaining: 2028
[1254/3281] id=2104 status=ok (2.3s) - B.H.I.S. Apparels Ltd. | remaining: 2027
[1255/3281] id=2105 status=ok (2.4s) - Dressmen Fashion Wear Ltd. | remaining: 2026
[1256/3281] id=2106 status=ok (2.4s) - A.G. Dresses Ltd. | remaining: 2025
[1257/3281] id=2108 status=ok (2.3s) - Pinaki Garments Ltd. | remaining: 2024
[1258/3281] id=2109 status=ok (2.9s) - Garments Export Village Ltd. | remaining: 2023
[1259/3281] id=2110 status=ok (2.5s) - Jamuna Apparels Ltd. | remaining: 2022
[1260/3281] id=2111 status=ok (2.4s) - Speedwell Fashions Ltd. | remaining: 2021
    -> checkpoint saved to mib_factories_full.xlsx
[1261/3281] id=2115 status=ok (3.2s) - Ananta Jeanswear Ltd. | remaining: 2020
[1262/3281] id=2126 status=ok (2.5s) - Pacific A-1 Sweater Ltd. | remaining: 2019
[1263/3281] id=2127 status=ok (2.9s) - That's It Garments Ltd. | remaining: 2018
[1264/3281] id=213 status=ok (2.3s) - Hollywood Garments (Pvt.) Ltd. | remaining: 2017
[1265/3281] id=2131 status=ok (3.2s) - Janani Traders | remaining: 2016
[1266/3281] id=2136 status=ok (2.5s) - Friends Knittings Ltd. | remaining: 2015
[1267/3281] id=2137 status=ok (2.5s) - Veronica Apparels | remaining: 2014
[1268/3281] id=2138 status=ok (2.6s) - Multitex Knit Composite Ltd. | remaining: 2013
[1269/3281] id=2139 status=ok (3.2s) - Bhuyan Warmtex (Pvt.) Ltd. | remaining: 2012
[1270/3281] id=214 status=ok (2.5s) - Fashion Knit Garments Ltd. | remaining: 2011
[1271/3281] id=2140 status=ok (2.5s) - Target Denim & Casual Wear Ltd. | remaining: 2010
[1272/3281] id=2142 status=ok (2.4s) - SF Sweaters Ltd. | remaining: 2009
[1273/3281] id=2143 status=ok (1.9s) - M.Z. Sweaters Ltd. | remaining: 2008
[1274/3281] id=2144 status=ok (3.1s) - IRIS Fabrics Ltd. | remaining: 2007
[1275/3281] id=2147 status=ok (2.5s) - Utah Fashions Ltd. | remaining: 2006
[1276/3281] id=2148 status=ok (2.6s) - Genesis Fashion Ltd. | remaining: 2005
[1277/3281] id=215 status=ok (2.5s) - H. R Textile Mills Ltd. | remaining: 2004
[1278/3281] id=2155 status=ok (2.3s) - Anthony Young Garments Ltd. | remaining: 2003
[1279/3281] id=2157 status=ok (1.9s) - Mukul Knitwear Ltd. | remaining: 2002
[1280/3281] id=2159 status=ok (4.9s) - Ripon Knitwear Ltd. | remaining: 2001
    -> checkpoint saved to mib_factories_full.xlsx
[1281/3281] id=216 status=ok (3.1s) - Anlima Textile Ltd. | remaining: 2000
[1282/3281] id=2161 status=ok (3.0s) - Shadhin Knitting & Textile Industries Ltd. | remaining: 1999
[1283/3281] id=2164 status=ok (2.5s) - Shadhin Garments (Pvt.) Ltd. | remaining: 1998
[1284/3281] id=2165 status=ok (2.5s) - Crystal Martin Knitwear Bangladesh Ltd. | remaining: 1997
[1285/3281] id=2169 status=ok (3.0s) - Polygon Fashion Ltd. | remaining: 1996
[1286/3281] id=217 status=ok (2.4s) - Islam Garments Ltd. | remaining: 1995
[1287/3281] id=2171 status=ok (3.1s) - Tusuka Denim Ltd. | remaining: 1994
[1288/3281] id=2174 status=ok (3.0s) - Libas Textiles Ltd. | remaining: 1993
[1289/3281] id=2176 status=ok (2.3s) - ARH Knit Composite Ltd. | remaining: 1992
[1290/3281] id=2177 status=ok (4.3s) - Liberty Knitwear Ltd. (Unit-2) | remaining: 1991
[1291/3281] id=2178 status=ok (2.0s) - Raiyan Knit Composite Ltd. | remaining: 1990
[1292/3281] id=2179 status=ok (3.1s) - Tillottama Fashions Ltd. | remaining: 1989
[1293/3281] id=218 status=ok (2.5s) - The Rose Dresses Ltd. | remaining: 1988
[1294/3281] id=2181 status=ok (2.5s) - Liz Fashion Industry Ltd. | remaining: 1987
[1295/3281] id=2183 status=ok (2.5s) - Tusuka Fashions Ltd. | remaining: 1986
[1296/3281] id=2186 status=ok (3.1s) - Eurotex Fashion Ltd. | remaining: 1985
[1297/3281] id=2187 status=ok (3.2s) - Knit Bazaar (Pvt.) Ltd. | remaining: 1984
[1298/3281] id=2189 status=ok (2.4s) - Galaxy Sweaters & Yarn Dy. Ltd. | remaining: 1983
[1299/3281] id=219 status=ok (2.5s) - Islam Dresses Ltd. | remaining: 1982
[1300/3281] id=220 status=ok (2.3s) - Bloomingtex Ltd. | remaining: 1981
    -> checkpoint saved to mib_factories_full.xlsx
[1301/3281] id=2204 status=ok (2.4s) - Orient Allure Knitwear Ltd. | remaining: 1980
[1302/3281] id=2209 status=ok (2.5s) - Shishir Knitting & Dyeing Ltd. | remaining: 1979
[1303/3281] id=221 status=ok (2.4s) - Jams Knitwear (Pvt.) Ltd. | remaining: 1978
[1304/3281] id=2211 status=ok (2.4s) - Masco Cottons Ltd. | remaining: 1977
[1305/3281] id=2213 status=ok (2.4s) - Innert Fabric & Quilt Ltd. | remaining: 1976
[1306/3281] id=2218 status=ok (2.4s) - Borshon Cap Fashion | remaining: 1975
[1307/3281] id=2219 status=ok (3.6s) - Benimoy Textile Mills | remaining: 1974
[1308/3281] id=2225 status=ok (2.3s) - East End Hats | remaining: 1973
[1309/3281] id=2226 status=ok (2.7s) - CIXING Bangladesh Ltd. | remaining: 1972
[1310/3281] id=223 status=ok (2.5s) - Solar Garments (Pvt.) Ltd. | remaining: 1971
[1311/3281] id=2231 status=ok (2.3s) - Jericho Imex Ltd. | remaining: 1970
[1312/3281] id=2232 status=ok (2.3s) - Atlantex Apparel (Pvt.) Ltd. | remaining: 1969
[1313/3281] id=2233 status=ok (2.4s) - Own-Kim Sweaters Ltd. | remaining: 1968
[1314/3281] id=2236 status=ok (2.3s) - International Classic Composite Ltd. | remaining: 1967
[1315/3281] id=2237 status=ok (2.5s) - Body Fashion (Pvt.) Ltd. | remaining: 1966
[1316/3281] id=2238 status=ok (2.5s) - EMP Dhaka Co. Ltd. | remaining: 1965
[1317/3281] id=2239 status=ok (2.5s) - Paragon Dress Ltd. | remaining: 1964
[1318/3281] id=224 status=ok (2.5s) - Zisa's Fashion Ltd. | remaining: 1963
[1319/3281] id=2240 status=ok (2.4s) - K.G. Garments Ltd. | remaining: 1962
[1320/3281] id=2245 status=ok (2.4s) - Ocean Sweater Ind. (Pvt.) Ltd. | remaining: 1961
    -> checkpoint saved to mib_factories_full.xlsx
[1321/3281] id=225 status=ok (2.6s) - Han A Hat & Caps Ltd. | remaining: 1960
[1322/3281] id=2250 status=ok (2.4s) - IRIS Knitwear Ltd. | remaining: 1959
[1323/3281] id=2251 status=ok (2.6s) - Multitech Apparels Ltd. | remaining: 1958
[1324/3281] id=2254 status=ok (2.3s) - Space Sweater Ltd. B-2 | remaining: 1957
[1325/3281] id=2255 status=ok (2.4s) - Meditex Industries Ltd. | remaining: 1956
[1326/3281] id=2258 status=ok (2.3s) - Space Sweater Ltd. | remaining: 1955
[1327/3281] id=2259 status=ok (2.8s) - Asif Apparels Ltd. | remaining: 1954
[1328/3281] id=2260 status=ok (5.2s) - Mother Apparels Ltd. | remaining: 1953
[1329/3281] id=2261 status=ok (2.5s) - Kimberley Design | remaining: 1952
[1330/3281] id=2262 status=ok (2.4s) - Carlos Leather Fashion Ltd. | remaining: 1951
[1331/3281] id=2263 status=ok (2.4s) - Jamuna Denims Ltd. | remaining: 1950
[1332/3281] id=2266 status=ok (3.3s) - Radial International Ltd. | remaining: 1949
[1333/3281] id=2267 status=ok (3.0s) - Radial International Ltd. (Unit-2) | remaining: 1948
[1334/3281] id=2268 status=ok (2.4s) - Cherry Knitwear Ltd. | remaining: 1947
[1335/3281] id=2269 status=ok (2.3s) - D.S. Fashion Ltd. | remaining: 1946
[1336/3281] id=227 status=ok (1.9s) - Jamuna Fashion Wears Ltd. | remaining: 1945
[1337/3281] id=2270 status=ok (2.5s) - Jams Sweaters (Pvt.) Ltd. | remaining: 1944
[1338/3281] id=2271 status=ok (2.5s) - Sienkee Apparels Ltd. | remaining: 1943
[1339/3281] id=2273 status=ok (3.1s) - Anupam Sweater Ltd. | remaining: 1942
[1340/3281] id=2275 status=ok (2.5s) - Turag Garments & Hosiery Mills Ltd. | remaining: 1941
    -> checkpoint saved to mib_factories_full.xlsx
[1341/3281] id=2276 status=ok (2.5s) - Masihata Sweaters Ltd. | remaining: 1940
[1342/3281] id=2278 status=ok (2.4s) - Fashion Fiber Ltd. | remaining: 1939
[1343/3281] id=228 status=ok (2.3s) - Prince Garments (Pvt.) Ltd. | remaining: 1938
[1344/3281] id=2280 status=ok (2.5s) - Araf Sweaters Fashion | remaining: 1937
[1345/3281] id=2282 status=ok (2.5s) - Majumder Garments Ltd. | remaining: 1936
[1346/3281] id=2284 status=ok (2.9s) - Concept Knitting Ltd. | remaining: 1935
[1347/3281] id=2286 status=ok (3.1s) - M.I.M. Fashion Wear Ltd. | remaining: 1934
[1348/3281] id=2287 status=ok (2.4s) - Diamond Attires Ltd. | remaining: 1933
[1349/3281] id=2288 status=ok (2.9s) - Crossline Knit Fabrics Ltd. | remaining: 1932
[1350/3281] id=2289 status=ok (3.2s) - S. Nahar Garments & Textile Mills Ltd. | remaining: 1931
[1351/3281] id=229 status=ok (2.5s) - Zyta Apparels Ltd. | remaining: 1930
[1352/3281] id=2290 status=ok (2.5s) - Shanta Expressions Ltd. | remaining: 1929
[1353/3281] id=2293 status=ok (2.3s) - Denim Attires Ltd. | remaining: 1928
[1354/3281] id=2296 status=ok (3.1s) - Pentagon Knit Com. Ltd. | remaining: 1927
[1355/3281] id=2299 status=ok (1.9s) - Shobuz Bangla Knitting Ltd. | remaining: 1926
[1356/3281] id=23 status=ok (2.4s) - Silver Apparels Ltd. | remaining: 1925
[1357/3281] id=2301 status=ok (3.1s) - Hoplun Apparels Ltd. | remaining: 1924
[1358/3281] id=2305 status=ok (2.5s) - Hong Kong Fashions Ltd. | remaining: 1923
[1359/3281] id=2312 status=ok (2.4s) - TM Designers Ltd. | remaining: 1922
[1360/3281] id=2313 status=ok (2.4s) - Norp Knit Industries Ltd. (Unit-2) | remaining: 1921
    -> checkpoint saved to mib_factories_full.xlsx
[1361/3281] id=2314 status=ok (2.5s) - Renaissance Apparels Ltd. | remaining: 1920
[1362/3281] id=2315 status=ok (2.3s) - Shanon Sweaters Ltd. | remaining: 1919
[1363/3281] id=2316 status=ok (2.5s) - SMH New Generation Apparels Ltd. | remaining: 1918
[1364/3281] id=2317 status=ok (2.5s) - S.R.M. Sweaters | remaining: 1917
[1365/3281] id=2319 status=ok (2.4s) - Sadia Fashion | remaining: 1916
[1366/3281] id=2320 status=ok (2.5s) - Next Export Zone Ltd. | remaining: 1915
[1367/3281] id=2322 status=ok (2.3s) - Sabah Designers Ltd. | remaining: 1914
[1368/3281] id=2324 status=ok (3.7s) - Tropical Knitex Ltd. | remaining: 1913
[1369/3281] id=2326 status=ok (2.3s) - Al-Tahsin Apparels Ltd. | remaining: 1912
[1370/3281] id=2332 status=ok (3.2s) - Sterling Designs Ltd. | remaining: 1911
[1371/3281] id=2338 status=ok (2.5s) - Lida Textile & Dyeing Ltd. | remaining: 1910
[1372/3281] id=2344 status=ok (2.4s) - Winsome Knit Composite Ltd. | remaining: 1909
[1373/3281] id=2345 status=ok (3.2s) - AB Mart Fashion Wear Ltd. | remaining: 1908
[1374/3281] id=2346 status=ok (1.9s) - Baraka Fashions Ltd. | remaining: 1907
[1375/3281] id=2348 status=ok (2.5s) - Shangu Tex Ltd. | remaining: 1906
[1376/3281] id=235 status=ok (2.4s) - Hossain Clothing Ltd. | remaining: 1905
[1377/3281] id=2351 status=ok (3.0s) - Pimkie Apparels Ltd. | remaining: 1904
[1378/3281] id=2361 status=ok (2.5s) - Fortis Garments Ltd. | remaining: 1903
[1379/3281] id=2363 status=ok (1.9s) - Gold Star Fashions Ltd. | remaining: 1902
[1380/3281] id=2365 status=ok (2.4s) - Sumi Apparels (Pvt.) Ltd. | remaining: 1901
    -> checkpoint saved to mib_factories_full.xlsx
[1381/3281] id=2369 status=ok (2.5s) - Shetu Knitwear | remaining: 1900
[1382/3281] id=2371 status=ok (2.4s) - Dody Export Wear Ltd. | remaining: 1899
[1383/3281] id=2377 status=ok (1.9s) - SRKH Design Ltd. | remaining: 1898
[1384/3281] id=2379 status=ok (3.1s) - Needle Drop Ltd. | remaining: 1897
[1385/3281] id=2380 status=ok (2.6s) - Oishi Wool Wear | remaining: 1896
[1386/3281] id=2381 status=ok (2.3s) - Titas Sweater (Knitting Unit) | remaining: 1895
[1387/3281] id=2383 status=ok (2.4s) - Panagea Fashion Wear Ltd. | remaining: 1894
[1388/3281] id=2385 status=ok (3.0s) - Ha-Meem Design Ltd. | remaining: 1893
[1389/3281] id=2386 status=ok (2.4s) - Purbachal Apparel Ltd. | remaining: 1892
[1390/3281] id=2388 status=ok (2.4s) - Swan Sweaters Ltd. | remaining: 1891
[1391/3281] id=2389 status=ok (2.4s) - A.B.M. Fashions Ltd. | remaining: 1890
[1392/3281] id=2391 status=ok (2.3s) - Absolute Quality Wear Ltd. | remaining: 1889
[1393/3281] id=2398 status=ok (2.4s) - Base Fashions Ltd. | remaining: 1888
[1394/3281] id=24 status=ok (2.4s) - Anzir Apparels Ltd. (Unit-2) | remaining: 1887
[1395/3281] id=240 status=ok (3.1s) - Welltouch Apparels Ltd. | remaining: 1886
[1396/3281] id=2405 status=ok (1.9s) - Auko-Tex Ltd. | remaining: 1885
[1397/3281] id=2406 status=ok (2.4s) - Yasin Knittex Inds. Ltd. | remaining: 1884
[1398/3281] id=2407 status=ok (3.1s) - Familiar Ltd. | remaining: 1883
[1399/3281] id=2408 status=ok (2.3s) - Northern Fashion Ltd. | remaining: 1882
[1400/3281] id=2409 status=ok (2.5s) - Jahara Fashions Ltd. | remaining: 1881
    -> checkpoint saved to mib_factories_full.xlsx
[1401/3281] id=241 status=ok (3.1s) - AKH Stitch Art Ltd. | remaining: 1880
[1402/3281] id=2411 status=ok (2.5s) - PRS Apparels Ltd. | remaining: 1879
[1403/3281] id=2414 status=ok (3.1s) - Work Field Fashion Wears | remaining: 1878
[1404/3281] id=2415 status=ok (2.4s) - Work Field Knit Wears | remaining: 1877
[1405/3281] id=2416 status=ok (1.9s) - Mesh Exports House (Pvt.) Ltd. | remaining: 1876
[1406/3281] id=242 status=ok (1.9s) - AB Apparels Ltd. | remaining: 1875
[1407/3281] id=2420 status=ok (2.4s) - Diganta Sweaters Ltd. | remaining: 1874
[1408/3281] id=2423 status=ok (2.4s) - Hanz Clothing BD Ltd. | remaining: 1873
[1409/3281] id=2425 status=ok (2.3s) - AZ Fashion | remaining: 1872
[1410/3281] id=2426 status=ok (2.5s) - Unity Fabric Inds. Ltd. | remaining: 1871
[1411/3281] id=2427 status=ok (2.3s) - Epyllion Style Ltd. | remaining: 1870
[1412/3281] id=243 status=ok (2.4s) - J.M. Knit & Stitch Wear Ltd. | remaining: 1869
[1413/3281] id=2430 status=ok (2.3s) - Cosmos Sweaters Ltd. | remaining: 1868
[1414/3281] id=2431 status=ok (2.6s) - GMARKS Style Ltd. | remaining: 1867
[1415/3281] id=2434 status=ok (2.4s) - Duranto Knit Composite Ltd. | remaining: 1866
[1416/3281] id=2435 status=ok (2.3s) - Kaniz Fashions Ltd. | remaining: 1865
[1417/3281] id=2436 status=ok (2.4s) - Kimberly Fashions Ltd. | remaining: 1864
[1418/3281] id=2439 status=ok (2.4s) - S.R.N. Cap & Hats | remaining: 1863
[1419/3281] id=244 status=ok (2.5s) - Apparel 4 Ltd. | remaining: 1862
[1420/3281] id=2440 status=ok (2.8s) - Elaborate Knit Wear Ltd. | remaining: 1861
    -> checkpoint saved to mib_factories_full.xlsx
[1421/3281] id=2441 status=ok (2.4s) - Adorn Fashions Ltd. | remaining: 1860
[1422/3281] id=2442 status=ok (2.4s) - Kojima Lyric Garments Ltd. | remaining: 1859
[1423/3281] id=2447 status=ok (2.5s) - Body Link Sweater Ltd. | remaining: 1858
[1424/3281] id=2448 status=ok (2.3s) - Sheema Fashion | remaining: 1857
[1425/3281] id=2449 status=ok (2.5s) - Sheema Fashion (Woven Unit) | remaining: 1856
[1426/3281] id=245 status=ok (2.3s) - M-Yew Fashion Ltd. | remaining: 1855
[1427/3281] id=2453 status=ok (2.5s) - Standard Group Ltd. | remaining: 1854
[1428/3281] id=2454 status=ok (2.4s) - International Trading Services Ltd. | remaining: 1853
[1429/3281] id=2457 status=ok (2.5s) - Mehedi Fashion Wear | remaining: 1852
[1430/3281] id=2461 status=ok (2.5s) - Zaara Composite Textiles Ltd. | remaining: 1851
[1431/3281] id=2462 status=ok (2.9s) - A & A Fashion Sweaters Ltd. | remaining: 1850
[1432/3281] id=2465 status=ok (2.3s) - Fashion Point Ltd. | remaining: 1849
[1433/3281] id=2466 status=ok (2.4s) - Tulaga Sweater Ltd. | remaining: 1848
[1434/3281] id=247 status=ok (2.6s) - Pakiza Knit Composite Ltd. | remaining: 1847
[1435/3281] id=2470 status=ok (2.5s) - Lumen Textile Mills Ltd. | remaining: 1846
[1436/3281] id=2473 status=ok (2.3s) - Full Way Garments (Pvt.) Ltd. | remaining: 1845
[1437/3281] id=2474 status=ok (2.3s) - That's It Knit Ltd. | remaining: 1844
[1438/3281] id=2475 status=ok (2.5s) - A M H Apparels Ltd. | remaining: 1843
[1439/3281] id=2477 status=ok (2.5s) - A & A Fashion Sweaters Ltd. (Unit-2) | remaining: 1842
[1440/3281] id=2478 status=ok (2.3s) - Reedisha Texstripe Ltd. | remaining: 1841
    -> checkpoint saved to mib_factories_full.xlsx
[1441/3281] id=248 status=ok (2.4s) - Noorun Nahar Knitwear Ltd. | remaining: 1840
[1442/3281] id=2482 status=ok (2.5s) - S.F. Jeans Ltd. | remaining: 1839
[1443/3281] id=2485 status=ok (2.4s) - Dalas Fashions Ltd. | remaining: 1838
[1444/3281] id=2487 status=ok (2.5s) - Sadma Fashion Wear Ltd. | remaining: 1837
[1445/3281] id=2488 status=ok (3.1s) - Mouchak Knit Composite Ltd. | remaining: 1836
[1446/3281] id=2489 status=ok (2.4s) - Blessing Knitwear Ltd. | remaining: 1835
[1447/3281] id=249 status=ok (2.3s) - Cotton Textile & Apparels Ltd. | remaining: 1834
[1448/3281] id=2490 status=ok (2.5s) - Hardy Associates Ltd. | remaining: 1833
[1449/3281] id=2491 status=ok (2.4s) - Northern Clothing Ltd. | remaining: 1832
[1450/3281] id=2492 status=ok (2.5s) - JMS Composite Knitwear Ltd. | remaining: 1831
[1451/3281] id=2494 status=ok (2.5s) - Divine Fabrics Ltd. | remaining: 1830
[1452/3281] id=2495 status=ok (2.5s) - Ahsan Composite Ltd. | remaining: 1829
[1453/3281] id=2496 status=ok (2.4s) - ASKO Knitwears Ltd. | remaining: 1828
[1454/3281] id=2497 status=ok (2.9s) - Romo Fashion Today Ltd. | remaining: 1827
[1455/3281] id=2498 status=ok (2.5s) - Far East Knitting & Dyeing Industries Ltd. | remaining: 1826
[1456/3281] id=2499 status=ok (2.4s) - T.J. Sweaters Ltd. | remaining: 1825
[1457/3281] id=25 status=ok (2.7s) - Paxko Ltd. | remaining: 1824
[1458/3281] id=250 status=ok (2.5s) - A.M. Design Ltd. | remaining: 1823
[1459/3281] id=2500 status=ok (2.4s) - Oishi Fashions (Pvt.) Ltd. | remaining: 1822
[1460/3281] id=2506 status=ok (2.4s) - Oishi Designs Ltd. (Unit-2) | remaining: 1821
    -> checkpoint saved to mib_factories_full.xlsx
[1461/3281] id=2507 status=ok (2.4s) - Stitch Right Ltd. | remaining: 1820
[1462/3281] id=251 status=ok (2.5s) - Virtual Bottoms Ltd. | remaining: 1819
[1463/3281] id=2511 status=ok (2.4s) - S. P. M. Designs Ltd. | remaining: 1818
[1464/3281] id=2514 status=ok (2.4s) - Cotton Field (BD) Ltd. | remaining: 1817
[1465/3281] id=2515 status=ok (2.4s) - T.J. Sweaters (Unit-3) | remaining: 1816
[1466/3281] id=2516 status=ok (2.5s) - Cotton Clothing (BD) Ltd. | remaining: 1815
[1467/3281] id=2517 status=ok (2.9s) - L Usine Fashion Ltd. (Unit-2) | remaining: 1814
[1468/3281] id=252 status=ok (2.4s) - Cotton Harvest Ltd. | remaining: 1813
[1469/3281] id=2521 status=ok (2.9s) - S.I. Knitting Ltd. | remaining: 1812
[1470/3281] id=2524 status=ok (2.4s) - Masco Industries Ltd. | remaining: 1811
[1471/3281] id=2526 status=ok (2.0s) - Disari Industries (Pvt.) Ltd. | remaining: 1810
[1472/3281] id=2528 status=ok (4.6s) - Tosy Knit Fabrics Ltd. | remaining: 1809
[1473/3281] id=2529 status=ok (2.4s) - Deoti Fashion Ltd. | remaining: 1808
[1474/3281] id=253 status=ok (2.4s) - Alliance Apparels Ltd. | remaining: 1807
[1475/3281] id=2530 status=ok (2.3s) - Ever Fashion Tongi Ltd. | remaining: 1806
[1476/3281] id=2531 status=ok (2.4s) - Radission Garments Ltd. | remaining: 1805
[1477/3281] id=2535 status=ok (2.5s) - Mccoy Sweater Ltd. | remaining: 1804
[1478/3281] id=2538 status=ok (2.3s) - Tex Zone Knit Wear Ltd. | remaining: 1803
[1479/3281] id=2539 status=ok (2.5s) - Jaroms Industries Ltd. | remaining: 1802
[1480/3281] id=2540 status=ok (2.9s) - Saturn Textiles Ltd. | remaining: 1801
    -> checkpoint saved to mib_factories_full.xlsx
[1481/3281] id=2542 status=ok (2.5s) - EON Knit Composite Ltd. | remaining: 1800
[1482/3281] id=2544 status=ok (2.3s) - Panache Knitted Creations Ltd. | remaining: 1799
[1483/3281] id=2545 status=ok (2.4s) - A.H.M Fashion | remaining: 1798
[1484/3281] id=2548 status=ok (2.3s) - Ekushe Fashions Ltd. | remaining: 1797
[1485/3281] id=2549 status=ok (2.5s) - Interfab Shirt Manufacturing Ltd. (Unit-2) | remaining: 1796
[1486/3281] id=255 status=ok (3.2s) - DK Knit Wear Ltd. | remaining: 1795
[1487/3281] id=2550 status=ok (2.4s) - Master Cham Ltd. | remaining: 1794
[1488/3281] id=2552 status=ok (2.4s) - B2B Excellence Ltd. | remaining: 1793
[1489/3281] id=2557 status=ok (3.2s) - Bulbul Knitting & Sewing Ltd. | remaining: 1792
[1490/3281] id=2558 status=ok (2.4s) - Bottoms Gallery (Pvt.) Ltd. | remaining: 1791
[1491/3281] id=256 status=ok (2.5s) - Aleya Apparels Ltd. | remaining: 1790
[1492/3281] id=2562 status=ok (2.4s) - Uttara Knitwears Ltd. | remaining: 1789
[1493/3281] id=2564 status=ok (2.4s) - Odessa Fashions Ltd. | remaining: 1788
[1494/3281] id=2566 status=ok (3.1s) - Doreen Garments Ltd. | remaining: 1787
[1495/3281] id=2567 status=ok (3.1s) - Mark Sweater Ltd. | remaining: 1786
[1496/3281] id=2569 status=ok (2.4s) - Mimo Cotton Zone Textile Ltd. | remaining: 1785
[1497/3281] id=2572 status=ok (2.5s) - Supreme Stitch Ltd. | remaining: 1784
[1498/3281] id=2573 status=ok (2.4s) - Three Brothers Enterprise | remaining: 1783
[1499/3281] id=2574 status=ok (3.0s) - Unity Sweaters Ltd. | remaining: 1782
[1500/3281] id=2575 status=ok (2.5s) - Doreen Apparels Ltd. | remaining: 1781
    -> checkpoint saved to mib_factories_full.xlsx
[1501/3281] id=2576 status=ok (2.5s) - KAC Fashion Wear Ltd. | remaining: 1780
[1502/3281] id=2579 status=ok (2.5s) - Din Fashion | remaining: 1779
[1503/3281] id=2583 status=ok (2.5s) - Columbia Apparels Ltd. | remaining: 1778
[1504/3281] id=2584 status=ok (4.6s) - Sparrow Apparels Ltd. | remaining: 1777
[1505/3281] id=2586 status=ok (3.2s) - Target Fine Wear Inds. Ltd. | remaining: 1776
[1506/3281] id=2588 status=ok (2.5s) - Norban Comtex Ltd. | remaining: 1775
[1507/3281] id=2589 status=ok (2.3s) - Youngones (BD) Ltd. (Unit-2) | remaining: 1774
[1508/3281] id=259 status=ok (2.5s) - A.K.M. Knit Wear Ltd. | remaining: 1773
[1509/3281] id=2590 status=ok (2.4s) - Youngones (BD) Ltd. | remaining: 1772
[1510/3281] id=2592 status=ok (2.3s) - Divine Fashion (Pvt.) Ltd. | remaining: 1771
[1511/3281] id=2594 status=ok (2.4s) - Stylecraft Ltd. | remaining: 1770
[1512/3281] id=2596 status=ok (2.5s) - Dewan Fashion Wears Ltd. | remaining: 1769
[1513/3281] id=2597 status=ok (7.6s) - Big Boss Corporation Ltd. | remaining: 1768
[1514/3281] id=2598 status=ok (3.5s) - Rezaul Apparels (Pvt.) Ltd. | remaining: 1767
[1515/3281] id=26 status=ok (2.5s) - Young Socks Ltd. | remaining: 1766
[1516/3281] id=2600 status=ok (2.5s) - P.B.L Knit Composite | remaining: 1765
[1517/3281] id=2601 status=ok (2.5s) - Noor Knit (BD) Ltd. | remaining: 1764
[1518/3281] id=2602 status=ok (2.4s) - Ixora Apparels Ltd. | remaining: 1763
[1519/3281] id=2604 status=ok (3.1s) - Stoffa Tex Fashions Ltd. (Unit-2) | remaining: 1762
[1520/3281] id=2605 status=ok (2.5s) - Pavel Apparels | remaining: 1761
    -> checkpoint saved to mib_factories_full.xlsx
[1521/3281] id=2606 status=ok (2.4s) - AST Knitwear Ltd. | remaining: 1760
[1522/3281] id=2607 status=ok (2.3s) - MG Knit Flair Ltd. | remaining: 1759
[1523/3281] id=2609 status=ok (3.0s) - Alif Casual Wear Ltd. | remaining: 1758
[1524/3281] id=261 status=ok (2.5s) - Standard Stitches Ltd. (Unit-2) | remaining: 1757
[1525/3281] id=2612 status=ok (3.0s) - Designtex Sweaters Ltd. | remaining: 1756
[1526/3281] id=2615 status=ok (2.3s) - Al-Falah Sweater's | remaining: 1755
[1527/3281] id=262 status=ok (3.1s) - Milina Fashion Co. Ltd. | remaining: 1754
[1528/3281] id=2621 status=ok (2.5s) - Le-Nouveautex Knit Fashion | remaining: 1753
[1529/3281] id=2622 status=ok (2.5s) - Rahmat Fashion Wear Ltd. | remaining: 1752
[1530/3281] id=2627 status=ok (2.5s) - SRP Sweaters Ltd. | remaining: 1751
[1531/3281] id=2628 status=ok (3.1s) - Mayer Doya Fashion | remaining: 1750
[1532/3281] id=263 status=ok (2.5s) - Dird Garments Ltd. | remaining: 1749
[1533/3281] id=2631 status=ok (2.5s) - Saturn Textiles Ltd. (Woven Unit) | remaining: 1748
[1534/3281] id=2633 status=ok (2.4s) - Total Textile Ltd. | remaining: 1747
[1535/3281] id=2636 status=ok (2.5s) - Nippon Garment Industries Ltd. | remaining: 1746
[1536/3281] id=2637 status=ok (3.3s) - Meek Sweater Ltd. | remaining: 1745
[1537/3281] id=2640 status=ok (2.5s) - Northern Garments Ltd. | remaining: 1744
[1538/3281] id=2643 status=ok (2.5s) - Shampa Garments Ltd. | remaining: 1743
[1539/3281] id=2644 status=ok (2.5s) - Capri Apparels Ltd. | remaining: 1742
[1540/3281] id=2645 status=ok (5.4s) - Stoffa Tex Fashions Ltd. | remaining: 1741
    -> checkpoint saved to mib_factories_full.xlsx
[1541/3281] id=2647 status=ok (2.5s) - Tas Knit And Fashion Ltd. | remaining: 1740
[1542/3281] id=2648 status=ok (3.0s) - E.H. Fabrics Ltd. | remaining: 1739
[1543/3281] id=2649 status=ok (2.5s) - Denim Fashions Ltd. | remaining: 1738
[1544/3281] id=265 status=ok (2.5s) - Smee Apparels Ltd. | remaining: 1737
[1545/3281] id=2650 status=ok (2.3s) - Faltex Composite Ltd. | remaining: 1736
[1546/3281] id=2651 status=ok (2.6s) - Mistia Sweaters Ltd. | remaining: 1735
[1547/3281] id=2654 status=ok (2.5s) - Tanaz Fashions Ltd. | remaining: 1734
[1548/3281] id=2656 status=ok (3.1s) - Masco Industries Ltd. (Composite Knit Garments) | remaining: 1733
[1549/3281] id=2657 status=ok (3.1s) - Radisson Apparels Ltd. | remaining: 1732
[1550/3281] id=266 status=ok (2.6s) - Mark 2000 Ltd. | remaining: 1731
[1551/3281] id=2661 status=ok (2.4s) - Mahtab Shah Fashion | remaining: 1730
[1552/3281] id=2667 status=ok (2.5s) - Viyellatex Ltd. | remaining: 1729
[1553/3281] id=2668 status=ok (2.5s) - Hagh Knitwears | remaining: 1728
[1554/3281] id=2669 status=ok (2.3s) - The Civil Engineers Ltd. (Sweater Unit) | remaining: 1727
[1555/3281] id=267 status=ok (2.5s) - Mark Designers Ltd. | remaining: 1726
[1556/3281] id=2671 status=ok (2.9s) - Mascotex Ltd. | remaining: 1725
[1557/3281] id=2675 status=ok (2.3s) - Dana Sweater Industries Ltd. | remaining: 1724
[1558/3281] id=2676 status=ok (3.1s) - Ershad Knit Fashion Ltd. | remaining: 1723
[1559/3281] id=2680 status=ok (2.4s) - Grameen Fabrics & Fashion Ltd. (Com. Unit) | remaining: 1722
[1560/3281] id=2681 status=ok (3.1s) - Logos Apparels Ltd. | remaining: 1721
    -> checkpoint saved to mib_factories_full.xlsx
[1561/3281] id=2682 status=ok (3.4s) - Karim Textiles Ltd. | remaining: 1720
[1562/3281] id=2684 status=ok (2.9s) - Ehsan Fashions Ltd. | remaining: 1719
[1563/3281] id=2685 status=ok (2.6s) - RBSR Fashions Ltd. | remaining: 1718
[1564/3281] id=2689 status=ok (2.3s) - MG Shirtex Ltd. | remaining: 1717
[1565/3281] id=269 status=ok (2.4s) - Morshed Ltd. | remaining: 1716
[1566/3281] id=2690 status=ok (2.4s) - Virgo M H Ltd. | remaining: 1715
[1567/3281] id=2692 status=ok (3.1s) - MG Niche Stitch Ltd. | remaining: 1714
[1568/3281] id=2693 status=ok (1.9s) - S.R Fashions | remaining: 1713
[1569/3281] id=2694 status=ok (2.5s) - Amco Knit Composite Ltd. | remaining: 1712
[1570/3281] id=2697 status=ok (3.0s) - Khan Brothers Knitwear Industries Ltd. | remaining: 1711
[1571/3281] id=2698 status=ok (2.3s) - OA Knit Design Ltd. | remaining: 1710
[1572/3281] id=27 status=ok (2.4s) - Bestex Fashions Ltd. | remaining: 1709
[1573/3281] id=2700 status=ok (2.4s) - Nazifa Corporation Ltd. | remaining: 1708
[1574/3281] id=2701 status=ok (3.1s) - Latest Garments Ltd. | remaining: 1707
[1575/3281] id=2704 status=ok (2.5s) - New Line Clothings Ltd. | remaining: 1706
[1576/3281] id=2705 status=ok (2.4s) - Knit Export (BD) Ltd. | remaining: 1705
[1577/3281] id=2707 status=ok (3.2s) - MHC Wears (Pvt.) Ltd. | remaining: 1704
[1578/3281] id=271 status=ok (3.1s) - Shamser Knit Fashions Ltd. | remaining: 1703
[1579/3281] id=2711 status=ok (2.5s) - Bellissima Apparels Ltd. | remaining: 1702
[1580/3281] id=2713 status=ok (2.5s) - Fashion Earth Sweater (Unit-3) | remaining: 1701
    -> checkpoint saved to mib_factories_full.xlsx
[1581/3281] id=2716 status=ok (3.1s) - Sailor Moon Sweater Ltd. | remaining: 1700
[1582/3281] id=272 status=ok (2.5s) - Orchid Styles Ltd. | remaining: 1699
[1583/3281] id=2721 status=ok (3.1s) - Red & Green Textile Ltd. | remaining: 1698
[1584/3281] id=2724 status=ok (2.5s) - La Camicia Ltd. | remaining: 1697
[1585/3281] id=2725 status=ok (2.5s) - Classic Fashion Concept Ltd. | remaining: 1696
[1586/3281] id=2726 status=ok (2.4s) - Masco Cottons Ltd. (Sample Section) | remaining: 1695
[1587/3281] id=2727 status=ok (2.4s) - Cassiopea Sweaters Ltd. | remaining: 1694
[1588/3281] id=2728 status=ok (2.4s) - Mayeda Apparels Ltd. | remaining: 1693
[1589/3281] id=2729 status=ok (1.8s) - Primordial Ltd. | remaining: 1692
[1590/3281] id=273 status=ok (2.5s) - Camlet Fashion Ltd. (Unit-2) | remaining: 1691
[1591/3281] id=2731 status=ok (2.4s) - Blithe Fashions Ltd. | remaining: 1690
[1592/3281] id=2733 status=ok (2.3s) - Mid Line Sweater Ltd. | remaining: 1689
[1593/3281] id=2734 status=ok (3.1s) - Arab Fashion Ltd. | remaining: 1688
[1594/3281] id=2736 status=ok (2.4s) - Silver Composits Textile Mills Ltd. | remaining: 1687
[1595/3281] id=2737 status=ok (2.4s) - MC Jacquard (BD) Ltd. | remaining: 1686
[1596/3281] id=274 status=ok (3.1s) - Dhaka Knitting Ltd. | remaining: 1685
[1597/3281] id=2740 status=ok (3.0s) - Euro Jeans Ltd. | remaining: 1684
[1598/3281] id=2744 status=ok (2.9s) - A.F.R Knit Fashion | remaining: 1683
[1599/3281] id=2748 status=ok (2.4s) - TS Atop Fashion | remaining: 1682
[1600/3281] id=2749 status=ok (2.5s) - Ama Syntex Ltd. | remaining: 1681
    -> checkpoint saved to mib_factories_full.xlsx
[1601/3281] id=275 status=ok (2.4s) - SB Knitex Ltd. | remaining: 1680
[1602/3281] id=2750 status=ok (2.3s) - BP Wears (Pvt.) Ltd. | remaining: 1679
[1603/3281] id=2752 status=ok (2.5s) - Mark Wear Ltd. | remaining: 1678
[1604/3281] id=2753 status=ok (2.3s) - Devor Industries (Pvt.) Ltd. | remaining: 1677
[1605/3281] id=2755 status=ok (3.0s) - ARK Pullover Ltd. | remaining: 1676
[1606/3281] id=2756 status=ok (2.9s) - Roddur Apparels Ltd. | remaining: 1675
[1607/3281] id=2758 status=ok (2.4s) - Moni Fashion Ltd. | remaining: 1674
[1608/3281] id=2761 status=ok (2.3s) - Garib & Garib Company Ltd. (Unit-2) | remaining: 1673
[1609/3281] id=2762 status=ok (2.5s) - Garib & Garib Company Ltd. | remaining: 1672
[1610/3281] id=2764 status=ok (2.5s) - Echotex Ltd. | remaining: 1671
[1611/3281] id=2765 status=ok (2.5s) - Meditex Knitwear Ltd. | remaining: 1670
[1612/3281] id=2768 status=ok (2.3s) - One Composite Mills Ltd. | remaining: 1669
[1613/3281] id=277 status=ok (2.3s) - Dreamwears Ltd. | remaining: 1668
[1614/3281] id=2770 status=ok (2.9s) - R.R. Sweaters Ltd. (Unit-2) | remaining: 1667
[1615/3281] id=2772 status=ok (2.9s) - Energypac Fashions Ltd. | remaining: 1666
[1616/3281] id=2773 status=ok (2.4s) - Meek Knit Ltd. | remaining: 1665
[1617/3281] id=2774 status=ok (2.4s) - Mark Ltd. | remaining: 1664
[1618/3281] id=2779 status=ok (2.5s) - Knitex Dresses Ltd. | remaining: 1663
[1619/3281] id=278 status=ok (2.5s) - Monowara Apparels Ltd. | remaining: 1662
[1620/3281] id=2782 status=ok (2.3s) - Suborno Bangladesh Ltd. | remaining: 1661
    -> checkpoint saved to mib_factories_full.xlsx
[1621/3281] id=2783 status=ok (2.4s) - Aliens Texwear Ltd. | remaining: 1660
[1622/3281] id=2784 status=ok (1.8s) - Moda Tex Ltd. | remaining: 1659
[1623/3281] id=2786 status=ok (2.4s) - Reaz Knitwear Ltd. | remaining: 1658
[1624/3281] id=2788 status=ok (2.3s) - Santirnir Sweaters | remaining: 1657
[1625/3281] id=2789 status=ok (2.4s) - Cotton Club (BD) Ltd. | remaining: 1656
[1626/3281] id=279 status=ok (2.5s) - Wega Apparels Ltd. | remaining: 1655
[1627/3281] id=2790 status=ok (2.5s) - Cotton Clout (BD) Ltd. | remaining: 1654
[1628/3281] id=2792 status=ok (2.4s) - Unimas Sportswear Ltd. | remaining: 1653
[1629/3281] id=2793 status=ok (2.3s) - DH Global Ltd. | remaining: 1652
[1630/3281] id=2795 status=ok (2.3s) - S.F.A Fashion | remaining: 1651
[1631/3281] id=2797 status=ok (2.3s) - Dresden Textiles Ltd. | remaining: 1650
[1632/3281] id=2798 status=ok (2.4s) - Flash Apparels Ltd. | remaining: 1649
[1633/3281] id=280 status=ok (2.6s) - Rizvi Fashions Ltd. | remaining: 1648
[1634/3281] id=2800 status=ok (2.0s) - Zaara Sara Knit Ind. Ltd. | remaining: 1647
[1635/3281] id=2801 status=ok (2.4s) - Globus Garments Ltd. | remaining: 1646
[1636/3281] id=2803 status=ok (2.4s) - Fashion Step Ltd. | remaining: 1645
[1637/3281] id=2809 status=ok (3.2s) - Utah Knitting & Dyeing Ltd. (G-D) | remaining: 1644
[1638/3281] id=281 status=ok (2.5s) - Florescent Apparels Ltd. | remaining: 1643
[1639/3281] id=2812 status=ok (3.0s) - N. A. Z. Bangladesh Ltd. | remaining: 1642
[1640/3281] id=2813 status=ok (2.5s) - Global Merchants Ltd. | remaining: 1641
    -> checkpoint saved to mib_factories_full.xlsx
[1641/3281] id=2814 status=ok (1.9s) - Hornbill Apparel Ltd. | remaining: 1640
[1642/3281] id=2816 status=ok (2.4s) - Nagarpur Sweaters Ltd. | remaining: 1639
[1643/3281] id=2818 status=ok (2.5s) - Concordia Pacific Garments Ltd. | remaining: 1638
[1644/3281] id=282 status=ok (3.2s) - Wintex Apparels Ltd. | remaining: 1637
[1645/3281] id=2820 status=ok (2.4s) - Tangon Garments Ltd. | remaining: 1636
[1646/3281] id=2821 status=ok (2.4s) - Patriot Eco Apparel Ltd. | remaining: 1635
[1647/3281] id=2822 status=ok (3.1s) - AFR Knitwear Ltd. | remaining: 1634
[1648/3281] id=2823 status=ok (2.5s) - Taratex Fashion Ltd. | remaining: 1633
[1649/3281] id=2826 status=ok (3.2s) - Sienkee Garments Ltd. | remaining: 1632
[1650/3281] id=2827 status=ok (2.4s) - Sag Fashion Ltd. | remaining: 1631
[1651/3281] id=2829 status=ok (3.1s) - April Fashions Ltd. | remaining: 1630
[1652/3281] id=283 status=ok (3.1s) - Century Design & Fashion (Pvt.) Ltd. | remaining: 1629
[1653/3281] id=2832 status=ok (2.5s) - ACE Apparel Ltd. | remaining: 1628
[1654/3281] id=2833 status=ok (2.4s) - Paramount Knitting Ltd. | remaining: 1627
[1655/3281] id=2835 status=ok (3.0s) - Bangla Poshak Ltd. | remaining: 1626
[1656/3281] id=2836 status=ok (2.5s) - Arabi Fashion Ltd. | remaining: 1625
[1657/3281] id=2837 status=ok (2.3s) - Novel Hurricane Knit Garments Ltd. | remaining: 1624
[1658/3281] id=2838 status=ok (2.5s) - TM Fashions Ltd. | remaining: 1623
[1659/3281] id=2840 status=ok (2.4s) - Hasan Tanvir Fashion Wears Ltd. | remaining: 1622
[1660/3281] id=2842 status=ok (3.1s) - Shafi Processing Industries Ltd. | remaining: 1621
    -> checkpoint saved to mib_factories_full.xlsx
[1661/3281] id=2844 status=ok (2.3s) - Giant Knit Fashions Ltd. | remaining: 1620
[1662/3281] id=2845 status=ok (2.5s) - Mavis Garments Ltd. | remaining: 1619
[1663/3281] id=2846 status=ok (2.5s) - Sahaba Yarn Ltd. | remaining: 1618
[1664/3281] id=2848 status=ok (2.3s) - Standard Stitches Ltd. (Woven Unit) | remaining: 1617
[1665/3281] id=285 status=ok (3.3s) - Clamoon Garments Ltd. | remaining: 1616
[1666/3281] id=2853 status=ok (2.4s) - Mitali Fashions Ltd. | remaining: 1615
[1667/3281] id=2854 status=ok (3.2s) - M.Q Fashion Ltd. | remaining: 1614
[1668/3281] id=2855 status=ok (2.3s) - Knit Plus Ltd. | remaining: 1613
[1669/3281] id=2857 status=ok (2.3s) - Panasia Clothing Ltd. | remaining: 1612
[1670/3281] id=2859 status=ok (3.0s) - Parkview Dresses Ltd. | remaining: 1611
[1671/3281] id=2862 status=ok (2.4s) - S.S. Sweater Ltd. | remaining: 1610
[1672/3281] id=2868 status=ok (3.1s) - Cassiopea Fashion Ltd. | remaining: 1609
[1673/3281] id=2869 status=ok (3.1s) - Cassiopea Apparels Ltd. | remaining: 1608
[1674/3281] id=287 status=ok (2.5s) - Zeysha Fashionwear Ltd. | remaining: 1607
[1675/3281] id=2870 status=ok (2.4s) - Dharla Fashion Ltd. | remaining: 1606
[1676/3281] id=2872 status=ok (2.4s) - Crossline Woven Apparels Ltd. | remaining: 1605
[1677/3281] id=2875 status=ok (2.3s) - AMS Int'l (Sweaters) Ltd. (Unit-2) | remaining: 1604
[1678/3281] id=2876 status=ok (2.4s) - Coast To Coast (Pvt.) Ltd. | remaining: 1603
[1679/3281] id=2877 status=ok (2.5s) - Coast To Coast Fashion Ltd. | remaining: 1602
[1680/3281] id=2878 status=ok (3.1s) - Athletic Support Ltd. | remaining: 1601
    -> checkpoint saved to mib_factories_full.xlsx
[1681/3281] id=2879 status=ok (2.5s) - Coast To Coast Apparels Ltd. | remaining: 1600
[1682/3281] id=288 status=ok (2.5s) - Dipta Garments Ltd. | remaining: 1599
[1683/3281] id=2880 status=ok (2.4s) - Tosrifa Industries Ltd. | remaining: 1598
[1684/3281] id=2881 status=ok (2.4s) - Amir Sweater & Apparels Ltd. | remaining: 1597
[1685/3281] id=2883 status=ok (3.0s) - Smart Fashion | remaining: 1596
[1686/3281] id=2884 status=ok (3.1s) - Shah Makhdum Garments Ltd. | remaining: 1595
[1687/3281] id=2885 status=ok (2.4s) - S.A. Sweater | remaining: 1594
[1688/3281] id=2886 status=ok (3.1s) - D.A. Sweater | remaining: 1593
[1689/3281] id=2887 status=ok (2.6s) - Seasons Dresses Ltd. | remaining: 1592
[1690/3281] id=2888 status=ok (2.5s) - Sunny Sweater Ltd. | remaining: 1591
[1691/3281] id=289 status=ok (2.3s) - Ayesha Clothing Co. Ltd. | remaining: 1590
[1692/3281] id=2891 status=ok (41.5s) - Well Lord Knit Wears Ltd. | remaining: 1589
[1693/3281] id=2892 status=ok (2.3s) - Zahintex Industries Ltd. | remaining: 1588
[1694/3281] id=2893 status=ok (2.3s) - Alim Knit (BD) Ltd. | remaining: 1587
[1695/3281] id=2894 status=ok (2.3s) - Mondol Knit Tex Ltd. | remaining: 1586
[1696/3281] id=2896 status=ok (1.8s) - Tivoli Apparels Ltd. | remaining: 1585
[1697/3281] id=2899 status=ok (2.4s) - M.J Knitwear | remaining: 1584
[1698/3281] id=29 status=ok (2.3s) - Husham Dresses Ltd. | remaining: 1583
[1699/3281] id=290 status=ok (2.5s) - Aristocral Sweater & Dyeing Ind. Ltd. | remaining: 1582
[1700/3281] id=2903 status=ok (2.4s) - New Light Sweaters Industries Ltd. | remaining: 1581
    -> checkpoint saved to mib_factories_full.xlsx
[1701/3281] id=2904 status=ok (3.1s) - Capital Fashions Ltd. | remaining: 1580
[1702/3281] id=2905 status=ok (2.4s) - Rawan Fashion Ltd. | remaining: 1579
[1703/3281] id=2906 status=ok (2.5s) - Epcot Apparels Ltd. | remaining: 1578
[1704/3281] id=2907 status=ok (2.4s) - Posmi Sweaters Ltd. | remaining: 1577
[1705/3281] id=2909 status=ok (2.5s) - DMS Fashion | remaining: 1576
[1706/3281] id=291 status=ok (1.8s) - Dibbo Fashions Ltd. | remaining: 1575
[1707/3281] id=2910 status=ok (2.5s) - Kaps Fashion Ltd. | remaining: 1574
[1708/3281] id=2911 status=ok (2.4s) - JF & Co. Ltd. | remaining: 1573
[1709/3281] id=2914 status=ok (2.5s) - APS Knit Composite Ltd. | remaining: 1572
[1710/3281] id=2915 status=ok (2.3s) - Safaa Sweaters Ltd. (Unit-2) | remaining: 1571
[1711/3281] id=2922 status=ok (2.4s) - Euro Knit Wear Ltd. | remaining: 1570
[1712/3281] id=2923 status=ok (2.3s) - Techno Fiber Ltd. | remaining: 1569
[1713/3281] id=2926 status=ok (2.5s) - Interlink Dresses | remaining: 1568
[1714/3281] id=2927 status=ok (2.3s) - Valmont Fashions Ltd. | remaining: 1567
[1715/3281] id=2928 status=ok (2.3s) - Horizon Fashion Wear Ltd. | remaining: 1566
[1716/3281] id=2929 status=ok (2.4s) - GMS Composite Knitting Inds. Ltd. | remaining: 1565
[1717/3281] id=293 status=ok (2.5s) - Han Apparels Ltd. | remaining: 1564
[1718/3281] id=2930 status=ok (2.9s) - Mondol Knitwears Ltd. | remaining: 1563
[1719/3281] id=2931 status=ok (3.1s) - Billah Resources Ltd. | remaining: 1562
[1720/3281] id=2936 status=ok (2.4s) - Rahmat Sweaters (BD) Ltd. | remaining: 1561
    -> checkpoint saved to mib_factories_full.xlsx
[1721/3281] id=2937 status=ok (3.2s) - Concord Creations Ltd. | remaining: 1560
[1722/3281] id=2938 status=ok (2.4s) - Hydroxide Knitwear Ltd. | remaining: 1559
[1723/3281] id=2939 status=ok (2.4s) - Golden Refit Garments Ltd. | remaining: 1558
[1724/3281] id=294 status=ok (2.5s) - Kims Corporation Ltd. | remaining: 1557
[1725/3281] id=2940 status=ok (3.1s) - SM Knitwears Ltd. | remaining: 1556
[1726/3281] id=2942 status=ok (1.8s) - Mom's Touch Sweater Garden Ltd. | remaining: 1555
[1727/3281] id=2945 status=ok (2.5s) - East West Fashion Garments Ltd. | remaining: 1554
[1728/3281] id=2946 status=ok (2.3s) - Fashion Trousers Ltd. | remaining: 1553
[1729/3281] id=2947 status=ok (2.5s) - Fashions Suits And Trousers Ltd. | remaining: 1552
[1730/3281] id=2948 status=ok (2.3s) - Rumana Fashion Ltd. | remaining: 1551
[1731/3281] id=2949 status=ok (2.3s) - United Fashion Trousers Ltd. | remaining: 1550
[1732/3281] id=295 status=ok (2.3s) - Monika Apparels | remaining: 1549
[1733/3281] id=2951 status=ok (2.4s) - Parents Sweater Ltd. | remaining: 1548
[1734/3281] id=2954 status=ok (2.5s) - MHC Apparels (Pvt.) Ltd. | remaining: 1547
[1735/3281] id=2955 status=ok (3.1s) - Starlight Sweaters Ltd. | remaining: 1546
[1736/3281] id=2956 status=ok (2.4s) - Nexus Sweaters Inds. (Pvt.) Ltd. | remaining: 1545
[1737/3281] id=2957 status=ok (2.4s) - Nexus Fashion Ltd. | remaining: 1544
[1738/3281] id=2959 status=ok (2.5s) - Lyric Industries (Pvt.) Ltd. | remaining: 1543
[1739/3281] id=2960 status=ok (2.4s) - Pantaloon Fashion Ltd. | remaining: 1542
[1740/3281] id=2961 status=ok (2.4s) - Fashion Skirt & Trousers Ltd. | remaining: 1541
    -> checkpoint saved to mib_factories_full.xlsx
[1741/3281] id=2964 status=ok (2.4s) - Gulf Knitting & Textile Ltd. | remaining: 1540
[1742/3281] id=2965 status=ok (2.6s) - Seaview Dresses Ltd. | remaining: 1539
[1743/3281] id=2966 status=ok (2.3s) - Aliza Fashion Ltd. | remaining: 1538
[1744/3281] id=2968 status=ok (2.3s) - Evitex Apparels Ltd. | remaining: 1537
[1745/3281] id=2969 status=ok (2.4s) - Mondol Intimates Ltd. | remaining: 1536
[1746/3281] id=297 status=ok (2.5s) - Nafa Apparels Ltd. | remaining: 1535
[1747/3281] id=2974 status=ok (3.1s) - Apparel Plus Ltd. | remaining: 1534
[1748/3281] id=2977 status=ok (2.3s) - Crescent Fashion And Design Ltd. | remaining: 1533
[1749/3281] id=2978 status=ok (2.5s) - Escorp Apparels Ltd. | remaining: 1532
[1750/3281] id=2980 status=ok (2.5s) - New Dacca Industries Ltd. | remaining: 1531
[1751/3281] id=2981 status=ok (2.5s) - International Knitwear & Apparels Ltd. | remaining: 1530
[1752/3281] id=2982 status=ok (2.5s) - Esses Fashions Ltd. | remaining: 1529
[1753/3281] id=2984 status=ok (3.1s) - NRR Jacquard Bangladesh | remaining: 1528
[1754/3281] id=2988 status=ok (2.4s) - Motex Fashion | remaining: 1527
[1755/3281] id=2989 status=ok (5.0s) - Crescent Fashion | remaining: 1526
[1756/3281] id=299 status=ok (3.2s) - Sams Attire Ltd. | remaining: 1525
[1757/3281] id=2991 status=ok (2.9s) - Queens Dhaka Apparels Ltd. | remaining: 1524
[1758/3281] id=2993 status=ok (2.3s) - Radix Ltd. | remaining: 1523
[1759/3281] id=2994 status=ok (2.4s) - Blue Planet Fashionwear Ltd. | remaining: 1522
[1760/3281] id=2995 status=ok (2.4s) - Siji Garments Co. Ltd. | remaining: 1521
    -> checkpoint saved to mib_factories_full.xlsx
[1761/3281] id=2996 status=ok (3.2s) - Tasniah Fabrics Ltd. | remaining: 1520
[1762/3281] id=2997 status=ok (2.3s) - Niagara Textiles Ltd. | remaining: 1519
[1763/3281] id=2998 status=ok (2.5s) - A.T.S. Apparels Ltd. | remaining: 1518
[1764/3281] id=2999 status=ok (2.5s) - Five Star Tex International Ltd. | remaining: 1517
[1765/3281] id=300 status=ok (2.5s) - Global Knittwear Ltd. | remaining: 1516
[1766/3281] id=3001 status=ok (2.5s) - Skylark Knit Composite Ltd. (Unit-2) | remaining: 1515
[1767/3281] id=3002 status=ok (2.5s) - SP Garments Ltd. | remaining: 1514
[1768/3281] id=3004 status=ok (2.5s) - Evitex Dress Shirt Ltd. | remaining: 1513
[1769/3281] id=3005 status=ok (3.0s) - Evitex Fashions Ltd. | remaining: 1512
[1770/3281] id=3006 status=ok (2.5s) - Tex-Design Knit Wear Ltd. | remaining: 1511
[1771/3281] id=3007 status=ok (3.1s) - Avant Garments Ltd. | remaining: 1510
[1772/3281] id=3008 status=ok (2.5s) - Matrix Styles Ltd. | remaining: 1509
[1773/3281] id=3014 status=ok (2.4s) - Pole Star Fashion Design Ltd. | remaining: 1508
[1774/3281] id=3016 status=ok (2.5s) - S. M. Sourcing | remaining: 1507
[1775/3281] id=3018 status=ok (2.3s) - Florence Fabrics Ltd. | remaining: 1506
[1776/3281] id=302 status=ok (3.0s) - Haesong Korea Ltd. (Knitting Unit) | remaining: 1505
[1777/3281] id=3021 status=ok (2.3s) - Faiza Industries Ltd. | remaining: 1504
[1778/3281] id=3023 status=ok (2.4s) - Handtech Knit Fashion Ltd. | remaining: 1503
[1779/3281] id=3025 status=ok (2.5s) - BG Collection Ltd. | remaining: 1502
[1780/3281] id=3028 status=ok (2.3s) - Kashmilon Sweaters Ltd. | remaining: 1501
    -> checkpoint saved to mib_factories_full.xlsx
[1781/3281] id=3029 status=ok (2.5s) - Self Innovative Fashion Ltd. | remaining: 1500
[1782/3281] id=303 status=ok (3.0s) - Haesong Korea Ltd. | remaining: 1499
[1783/3281] id=3030 status=ok (2.3s) - SK Sweaters Ltd. | remaining: 1498
[1784/3281] id=3031 status=ok (2.4s) - Probridhi Apparels Ltd. | remaining: 1497
[1785/3281] id=3032 status=ok (2.3s) - Towel Tex Ltd. | remaining: 1496
[1786/3281] id=3034 status=ok (2.5s) - Prostar Apparels Ltd. | remaining: 1495
[1787/3281] id=3036 status=ok (2.5s) - Khantex Fashions Ltd. | remaining: 1494
[1788/3281] id=3038 status=ok (2.5s) - Steadfast Knit Tex Ltd. | remaining: 1493
[1789/3281] id=3039 status=ok (2.4s) - Blue Planet Knitwear Ltd. | remaining: 1492
[1790/3281] id=304 status=ok (2.6s) - Anam Garments Ltd. | remaining: 1491
[1791/3281] id=3045 status=ok (2.4s) - Konabari Fashion Ltd. | remaining: 1490
[1792/3281] id=3046 status=ok (1.9s) - L Usine Fashion Ltd. | remaining: 1489
[1793/3281] id=3047 status=ok (1.9s) - K.A.S. Knitwear Ltd. | remaining: 1488
[1794/3281] id=3048 status=ok (2.4s) - CA Knitwear Ltd. | remaining: 1487
[1795/3281] id=3049 status=ok (2.5s) - Crown Exclusive Wears Ltd. | remaining: 1486
[1796/3281] id=3050 status=ok (2.3s) - AMS Int'l (Sweaters) Ltd. | remaining: 1485
[1797/3281] id=3053 status=ok (2.4s) - Ariyan Socks Industries Ltd. | remaining: 1484
[1798/3281] id=3054 status=ok (2.3s) - One Up Sweaters Ltd. | remaining: 1483
[1799/3281] id=3055 status=ok (2.3s) - Meghna Dresses Ltd. | remaining: 1482
[1800/3281] id=3056 status=ok (2.5s) - Update Fashion Ltd. | remaining: 1481
    -> checkpoint saved to mib_factories_full.xlsx
[1801/3281] id=3057 status=ok (3.1s) - Bakhrabad Knitting Inds. Ltd. | remaining: 1480
[1802/3281] id=3059 status=ok (2.5s) - Link-Tex Sportswear Ltd. | remaining: 1479
[1803/3281] id=3060 status=ok (2.5s) - Tirnoi Fashion Ltd. | remaining: 1478
[1804/3281] id=3065 status=ok (2.4s) - Interstoff Apparels Ltd. | remaining: 1477
[1805/3281] id=3066 status=ok (2.4s) - La-Muni Apparels Ltd. | remaining: 1476
[1806/3281] id=3068 status=ok (2.5s) - BD Knit Design Ltd. | remaining: 1475
[1807/3281] id=3069 status=ok (2.5s) - Denimach Ltd. | remaining: 1474
[1808/3281] id=307 status=ok (2.5s) - Mita Apparels (Pvt.) Ltd. | remaining: 1473
[1809/3281] id=3070 status=ok (3.0s) - Hotapara Garments Ltd. | remaining: 1472
[1810/3281] id=3071 status=ok (2.5s) - Needle Apparels Ltd. | remaining: 1471
[1811/3281] id=3072 status=ok (2.4s) - Alien Apparels Ltd. | remaining: 1470
[1812/3281] id=3073 status=ok (3.1s) - Amantex Ltd. | remaining: 1469
[1813/3281] id=3075 status=ok (3.0s) - Samytex Industries Ltd. | remaining: 1468
[1814/3281] id=3076 status=ok (2.3s) - Alluring Fashions Ltd. | remaining: 1467
[1815/3281] id=3078 status=ok (2.3s) - Crown Knitwear Ltd. | remaining: 1466
[1816/3281] id=3079 status=ok (2.5s) - Crown Fashion & Sweater Ind. Ltd. | remaining: 1465
[1817/3281] id=3082 status=ok (3.1s) - Texeurop (BD) Ltd. | remaining: 1464
[1818/3281] id=3083 status=ok (2.5s) - Gemtex Ltd. | remaining: 1463
[1819/3281] id=3084 status=ok (2.5s) - S2L Fashions (Pvt.) Ltd. | remaining: 1462
[1820/3281] id=3085 status=ok (2.3s) - AMC Knit Composite Ltd. | remaining: 1461
    -> checkpoint saved to mib_factories_full.xlsx
[1821/3281] id=3089 status=ok (3.1s) - HDF Apparels Ltd. | remaining: 1460
[1822/3281] id=309 status=ok (2.3s) - Pearl Garments Company Ltd. | remaining: 1459
[1823/3281] id=3090 status=ok (2.5s) - Mondol Fabrics Ltd. | remaining: 1458
[1824/3281] id=3092 status=ok (2.4s) - Montex Fabrics Ltd. | remaining: 1457
[1825/3281] id=3093 status=ok (3.0s) - Aman Tex Ltd. (Unit-2) | remaining: 1456
[1826/3281] id=3094 status=ok (1.9s) - Sagacious Fashions Ltd. | remaining: 1455
[1827/3281] id=3097 status=ok (2.5s) - Styline Knitting Inds. (Pvt.) Ltd. | remaining: 1454
[1828/3281] id=3098 status=ok (2.4s) - Day Apparels Ltd. | remaining: 1453
[1829/3281] id=3099 status=ok (3.9s) - Day Fashions Ltd. | remaining: 1452
[1830/3281] id=3102 status=ok (2.4s) - Multifabs Ltd. | remaining: 1451
[1831/3281] id=3103 status=ok (2.3s) - Mallick Fabrics Ltd. | remaining: 1450
[1832/3281] id=3104 status=ok (3.0s) - Apparel 21 Ltd. | remaining: 1449
[1833/3281] id=3105 status=ok (2.4s) - Famkam Fashion Ltd. | remaining: 1448
[1834/3281] id=3107 status=ok (2.4s) - Haesong Sweater Ltd. | remaining: 1447
[1835/3281] id=3108 status=ok (3.1s) - Haesong Corporation Ltd. (Unit-2) | remaining: 1446
[1836/3281] id=3109 status=ok (2.4s) - Crystal Martin Apparel Bangladesh Ltd. (Unit-2) | remaining: 1445
[1837/3281] id=311 status=ok (2.4s) - Civic Apparels Ltd. | remaining: 1444
[1838/3281] id=3110 status=ok (3.7s) - Hams Garments Ltd. | remaining: 1443
[1839/3281] id=3111 status=ok (2.3s) - Hams Fashion Ltd. | remaining: 1442
[1840/3281] id=3112 status=ok (2.4s) - GMS Textiles Ltd. | remaining: 1441
    -> checkpoint saved to mib_factories_full.xlsx
[1841/3281] id=3113 status=ok (2.9s) - Dhaka Garments & Washing Ltd. | remaining: 1440
[1842/3281] id=3114 status=ok (2.4s) - Unilliance Textiles Ltd. | remaining: 1439
[1843/3281] id=3115 status=ok (2.5s) - BKC Sweater Ltd. | remaining: 1438
[1844/3281] id=3116 status=ok (2.5s) - Confidence Knitwear Ltd. | remaining: 1437
[1845/3281] id=3117 status=ok (2.4s) - Fiat Fashion Ltd. | remaining: 1436
[1846/3281] id=3118 status=ok (2.4s) - Jang Won Corporation Ltd. | remaining: 1435
[1847/3281] id=312 status=ok (3.2s) - Impressive Garments (Pvt.) Ltd. | remaining: 1434
[1848/3281] id=3120 status=ok (2.5s) - Lakhsma Innerwear Ltd. | remaining: 1433
[1849/3281] id=3122 status=ok (3.0s) - Nasa Hitech Style Ltd. | remaining: 1432
[1850/3281] id=3124 status=ok (2.5s) - Dhaka Far East Ltd. | remaining: 1431
[1851/3281] id=3125 status=ok (2.3s) - Colour & Fashion Inds. Ltd. | remaining: 1430
[1852/3281] id=3129 status=ok (2.4s) - Fakhruddin Textile Mills Ltd. | remaining: 1429
[1853/3281] id=3130 status=ok (3.0s) - Cortz Apparels Ltd. | remaining: 1428
[1854/3281] id=3133 status=ok (1.8s) - M. S. D. International | remaining: 1427
[1855/3281] id=3134 status=ok (2.4s) - Amazing Fashions Ltd. | remaining: 1426
[1856/3281] id=3136 status=ok (2.4s) - Incredible Fashions Ltd. | remaining: 1425
[1857/3281] id=3139 status=ok (2.5s) - Asrotex Ltd. | remaining: 1424
[1858/3281] id=314 status=ok (2.4s) - Heaven Fashion Ltd. | remaining: 1423
[1859/3281] id=3140 status=ok (2.3s) - RGR Sweater Ltd. | remaining: 1422
[1860/3281] id=3142 status=ok (2.5s) - Vintage Denim Ltd. | remaining: 1421
    -> checkpoint saved to mib_factories_full.xlsx
[1861/3281] id=3144 status=ok (2.4s) - Fashions Support Ltd. | remaining: 1420
[1862/3281] id=3145 status=ok (2.5s) - Synergy Fashions Ltd. | remaining: 1419
[1863/3281] id=3146 status=ok (2.3s) - Essential Clothing Ltd. | remaining: 1418
[1864/3281] id=3147 status=ok (1.8s) - Trust Fabrics & Knitting (Pvt.) Ltd. | remaining: 1417
[1865/3281] id=3151 status=ok (2.4s) - ALIB Composite Ltd. | remaining: 1416
[1866/3281] id=3152 status=ok (3.0s) - Scandex Textile Industries Ltd. | remaining: 1415
[1867/3281] id=3155 status=ok (2.5s) - Network Clothing Ltd. | remaining: 1414
[1868/3281] id=3156 status=ok (2.4s) - Kaptex Sweater Ltd. | remaining: 1413
[1869/3281] id=3158 status=ok (2.3s) - Sung Kwang Apparels Ltd. | remaining: 1412
[1870/3281] id=3161 status=ok (2.5s) - Beats Fashion Ltd. | remaining: 1411
[1871/3281] id=3164 status=ok (1.8s) - Tex Tech Co. Ltd. | remaining: 1410
[1872/3281] id=3166 status=ok (3.0s) - Islam Knit Designs Ltd. (Unit-2) | remaining: 1409
[1873/3281] id=317 status=ok (2.3s) - Cut N Sew Ltd. | remaining: 1408
[1874/3281] id=3170 status=ok (2.5s) - All Weather Fashions Ltd. | remaining: 1407
[1875/3281] id=3171 status=ok (2.3s) - Zain Apparels Ltd. | remaining: 1406
[1876/3281] id=3172 status=ok (2.3s) - A & A Trousers Ltd. | remaining: 1405
[1877/3281] id=3175 status=ok (2.5s) - Sumaya Sweater | remaining: 1404
[1878/3281] id=3178 status=ok (2.4s) - Meghna Knit Composite Ltd. | remaining: 1403
[1879/3281] id=3179 status=ok (2.4s) - Padma Satel Arab Fashions Ltd. | remaining: 1402
[1880/3281] id=318 status=ok (2.3s) - Cotton Zone Ltd. | remaining: 1401
    -> checkpoint saved to mib_factories_full.xlsx
[1881/3281] id=3181 status=ok (2.4s) - Fresh Fashion Wear Ltd. | remaining: 1400
[1882/3281] id=3182 status=ok (2.3s) - Tamishna Fashion Wear Ltd. (Unit-2) | remaining: 1399
[1883/3281] id=3183 status=ok (2.5s) - Lakhsma Sweaters Ltd. | remaining: 1398
[1884/3281] id=3184 status=ok (2.3s) - Good Touch Fashion Ltd. | remaining: 1397
[1885/3281] id=3185 status=ok (2.3s) - Fardar Fashions Ltd. | remaining: 1396
[1886/3281] id=3186 status=ok (2.4s) - Network Apparel Ltd. | remaining: 1395
[1887/3281] id=3187 status=ok (2.4s) - Rose Sweaters Ltd. (Unit-2) | remaining: 1394
[1888/3281] id=319 status=ok (2.4s) - 4 You Clothing Ltd. | remaining: 1393
[1889/3281] id=3190 status=ok (1.9s) - Lazim Apparels Ltd. | remaining: 1392
[1890/3281] id=3191 status=ok (2.3s) - Woolen & Wool Ltd. | remaining: 1391
[1891/3281] id=3193 status=ok (2.3s) - Trust Knitwear Industries Ltd. | remaining: 1390
[1892/3281] id=3194 status=ok (2.4s) - Simftex Apparel & Washing Ltd. | remaining: 1389
[1893/3281] id=3195 status=ok (2.4s) - A.M. Fashion | remaining: 1388
[1894/3281] id=3197 status=ok (2.4s) - Rupa Knitwear (Pvt.) Ltd. | remaining: 1387
[1895/3281] id=3198 status=ok (2.4s) - Rupa Fabrics Ltd. | remaining: 1386
[1896/3281] id=3199 status=ok (2.3s) - Balaka Stitch (Pvt.) Ltd. | remaining: 1385
[1897/3281] id=32 status=ok (2.3s) - Borax Apparels Ltd. | remaining: 1384
[1898/3281] id=320 status=ok (2.4s) - Fashion 2000 Ltd. | remaining: 1383
[1899/3281] id=3200 status=ok (2.3s) - Desh Sweater Ltd. | remaining: 1382
[1900/3281] id=3202 status=ok (2.4s) - Ador Composite Ltd. | remaining: 1381
    -> checkpoint saved to mib_factories_full.xlsx
[1901/3281] id=3206 status=ok (2.5s) - Fin-Bangla Apparels Ltd. | remaining: 1380
[1902/3281] id=3210 status=ok (2.3s) - Pastel Apparels Ltd. | remaining: 1379
[1903/3281] id=3211 status=ok (2.3s) - Interlink Apparels Ltd. | remaining: 1378
[1904/3281] id=3213 status=ok (2.3s) - Pellucid Textile Ltd. (Sweater Unit-2) | remaining: 1377
[1905/3281] id=3214 status=ok (2.5s) - Alema Textiles Ltd. | remaining: 1376
[1906/3281] id=3215 status=ok (2.5s) - Libas Knit Wear Ltd. | remaining: 1375
[1907/3281] id=3217 status=ok (2.5s) - Your Fashion Sweater Ltd. | remaining: 1374
[1908/3281] id=3218 status=ok (3.1s) - Mim Design Ltd. | remaining: 1373
[1909/3281] id=322 status=ok (2.4s) - Appollo Knitwear (BD) Ltd. | remaining: 1372
[1910/3281] id=3221 status=ok (2.4s) - Louietex Manufacturing Ltd. | remaining: 1371
[1911/3281] id=3224 status=ok (3.0s) - Ali Garments Ltd. | remaining: 1370
[1912/3281] id=3226 status=ok (2.5s) - The Delta Apparels Ltd. | remaining: 1369
[1913/3281] id=3230 status=ok (2.3s) - Sweater Cottage Ltd. | remaining: 1368
[1914/3281] id=3231 status=ok (2.5s) - Apex Knit Composite Ltd. | remaining: 1367
[1915/3281] id=3232 status=ok (2.5s) - Zara Socks Inds. | remaining: 1366
[1916/3281] id=3236 status=ok (2.5s) - Pandora Fashion Ltd. | remaining: 1365
[1917/3281] id=3237 status=ok (2.3s) - Welldone Apparel Ltd. | remaining: 1364
[1918/3281] id=3238 status=ok (3.0s) - Fullcharm Fashion Knitters Ltd. | remaining: 1363
[1919/3281] id=3240 status=ok (2.4s) - Rose Sweater Ltd. | remaining: 1362
[1920/3281] id=3242 status=ok (3.0s) - MNR Design Ltd. | remaining: 1361
    -> checkpoint saved to mib_factories_full.xlsx
[1921/3281] id=3243 status=ok (2.3s) - Square Fashions Ltd. (Garments Unit-2) | remaining: 1360
[1922/3281] id=3244 status=ok (2.3s) - Tex-Tech Garments Ltd. | remaining: 1359
[1923/3281] id=3245 status=ok (2.5s) - Taj Knitting Industries Ltd. | remaining: 1358
[1924/3281] id=3253 status=ok (3.0s) - Columbia Garments Ltd. | remaining: 1357
[1925/3281] id=3254 status=ok (2.3s) - Lisha Tex Ltd. | remaining: 1356
[1926/3281] id=3261 status=ok (2.5s) - Meek Sweater & Fashions Ltd. | remaining: 1355
[1927/3281] id=3262 status=ok (2.3s) - ASR Sweater Ltd. | remaining: 1354
[1928/3281] id=3264 status=ok (2.4s) - Purba Knitwears | remaining: 1353
[1929/3281] id=3268 status=ok (2.5s) - TS Casual Wear Ltd. | remaining: 1352
[1930/3281] id=3269 status=ok (2.4s) - Jamalpur Sweater | remaining: 1351
[1931/3281] id=327 status=ok (2.3s) - Kazipur Fashions Ltd. | remaining: 1350
[1932/3281] id=3272 status=ok (2.4s) - Textil Fashions Ltd. | remaining: 1349
[1933/3281] id=3273 status=ok (2.5s) - ZR Sweaters | remaining: 1348
[1934/3281] id=3274 status=ok (2.4s) - Faruque Knit Wears Ltd. | remaining: 1347
[1935/3281] id=3275 status=ok (2.4s) - Designtex Knitwear Ltd. | remaining: 1346
[1936/3281] id=3278 status=ok (3.1s) - Divine Textile Ltd. | remaining: 1345
[1937/3281] id=3279 status=ok (2.3s) - Divine Textile Ltd. (Unit-2) | remaining: 1344
[1938/3281] id=3280 status=ok (2.4s) - Salek Textile Ltd. | remaining: 1343
[1939/3281] id=3281 status=ok (2.3s) - Knit Asia Ltd. (Unit-2) | remaining: 1342
[1940/3281] id=3282 status=ok (3.0s) - Sayem Fashions Ltd. | remaining: 1341
    -> checkpoint saved to mib_factories_full.xlsx
[1941/3281] id=3283 status=ok (2.5s) - Radiant Sweater Industries Ltd. | remaining: 1340
[1942/3281] id=3284 status=ok (2.5s) - Pandora Sweaters Ltd. | remaining: 1339
[1943/3281] id=3285 status=ok (2.5s) - Silken Sewing Ltd. | remaining: 1338
[1944/3281] id=3286 status=ok (3.1s) - Rowa Fashions Ltd. | remaining: 1337
[1945/3281] id=3287 status=ok (3.1s) - Labib Fashions Ltd. | remaining: 1336
[1946/3281] id=329 status=ok (3.1s) - Amity Design Ltd. | remaining: 1335
[1947/3281] id=3290 status=ok (2.3s) - R. S Sweaters | remaining: 1334
[1948/3281] id=3291 status=ok (1.9s) - Golden Sweater | remaining: 1333
[1949/3281] id=3293 status=ok (2.4s) - Rapid Sweater Ltd. | remaining: 1332
[1950/3281] id=3296 status=ok (2.5s) - Bondhu Sweater | remaining: 1331
[1951/3281] id=3297 status=ok (3.1s) - M.M. Fashions & Composite Ltd. | remaining: 1330
[1952/3281] id=3298 status=ok (2.4s) - Robin Fashion Ltd. | remaining: 1329
[1953/3281] id=33 status=ok (2.4s) - Bentex Apparels Ltd. | remaining: 1328
[1954/3281] id=3302 status=ok (2.5s) - Powertex Fashions Ltd. | remaining: 1327
[1955/3281] id=3303 status=ok (3.0s) - Best Shirts Ltd. | remaining: 1326
[1956/3281] id=3304 status=ok (2.4s) - Best Ladies Wear Ltd. | remaining: 1325
[1957/3281] id=3305 status=ok (3.2s) - Parkscene Bangladesh Ltd. | remaining: 1324
[1958/3281] id=3306 status=ok (2.5s) - Parkstar Apparel Ltd. | remaining: 1323
[1959/3281] id=3309 status=ok (2.7s) - Esprit Apparels Ltd. | remaining: 1322
[1960/3281] id=3314 status=ok (2.5s) - IRIS Design Ltd. | remaining: 1321
    -> checkpoint saved to mib_factories_full.xlsx
[1961/3281] id=3316 status=ok (2.3s) - Apex Lingerie Ltd. | remaining: 1320
[1962/3281] id=3317 status=ok (2.4s) - Apex Textile Printing Mills Ltd. | remaining: 1319
[1963/3281] id=3318 status=ok (2.4s) - Apex Spinning & Knitting Mills Ltd. | remaining: 1318
[1964/3281] id=3319 status=ok (2.3s) - Mahadi Fashion (Pvt.) Ltd. | remaining: 1317
[1965/3281] id=3320 status=ok (2.4s) - Zemtex Linkage Industries Ltd. | remaining: 1316
[1966/3281] id=3321 status=ok (2.5s) - Friends Stylewear Ltd. | remaining: 1315
[1967/3281] id=3323 status=ok (2.4s) - Spotfame Apparels Ltd. | remaining: 1314
[1968/3281] id=3326 status=ok (2.3s) - MNR Sweaters Ltd. | remaining: 1313
[1969/3281] id=3328 status=ok (2.4s) - Blue Planet Sweater Ltd. | remaining: 1312
[1970/3281] id=3329 status=ok (2.4s) - Relux Fashion Ltd. | remaining: 1311
[1971/3281] id=333 status=ok (2.5s) - Denitex Ltd. | remaining: 1310
[1972/3281] id=3331 status=ok (1.9s) - Golden Rain Attires Ltd. | remaining: 1309
[1973/3281] id=3335 status=ok (3.1s) - Sepal Garments Ltd. | remaining: 1308
[1974/3281] id=3336 status=ok (2.4s) - Orchid Garments Ltd. | remaining: 1307
[1975/3281] id=3337 status=ok (2.3s) - Glory Fashion Wear Ltd. | remaining: 1306
[1976/3281] id=3339 status=ok (1.9s) - Hannan Fashions Ltd. | remaining: 1305
[1977/3281] id=334 status=ok (2.5s) - Pratik Apparels Ltd. | remaining: 1304
[1978/3281] id=3341 status=ok (2.4s) - The Well-Tex Ltd. | remaining: 1303
[1979/3281] id=3342 status=ok (2.5s) - Unisense Apparels Ltd. | remaining: 1302
[1980/3281] id=3343 status=ok (1.9s) - Fancy Fashion Sweaters Ltd. | remaining: 1301
    -> checkpoint saved to mib_factories_full.xlsx
[1981/3281] id=3344 status=ok (2.9s) - Afrin Sweater | remaining: 1300
[1982/3281] id=3347 status=ok (2.5s) - T-Design KnitWear Ltd. | remaining: 1299
[1983/3281] id=3349 status=ok (3.1s) - Hannan Knit & Textiles Ltd. | remaining: 1298
[1984/3281] id=3350 status=ok (2.4s) - Vintage Denim Apparels Ltd. | remaining: 1297
[1985/3281] id=3356 status=ok (2.7s) - Interfab Shirt Manufacturing Ltd. | remaining: 1296
[1986/3281] id=3357 status=ok (3.0s) - Seha Fashion (BD) Ltd. | remaining: 1295
[1987/3281] id=3358 status=ok (2.3s) - World Asia Jacquard Ltd. | remaining: 1294
[1988/3281] id=3360 status=ok (2.5s) - BHML Industries Ltd. | remaining: 1293
[1989/3281] id=3361 status=ok (2.4s) - Anan Socks Ltd. | remaining: 1292
[1990/3281] id=3363 status=ok (2.5s) - Hannan Knitwears Ltd. | remaining: 1291
[1991/3281] id=3364 status=ok (2.5s) - Hannan Fashion's Ltd. (Unit-2) | remaining: 1290
[1992/3281] id=3365 status=ok (2.3s) - Waltz Fashions Ltd. | remaining: 1289
[1993/3281] id=3366 status=ok (2.4s) - Latest Fashion | remaining: 1288
[1994/3281] id=3367 status=ok (2.5s) - KSS Knit Composite Ltd. | remaining: 1287
[1995/3281] id=3368 status=ok (2.4s) - Knit Horizon Ltd. | remaining: 1286
[1996/3281] id=337 status=ok (2.3s) - Excellent Sweater Ltd. | remaining: 1285
[1997/3281] id=3370 status=ok (2.6s) - Nasrin Zaman Knit Wears Ltd. | remaining: 1284
[1998/3281] id=3371 status=ok (2.5s) - TNZ Apparels Ltd. | remaining: 1283
[1999/3281] id=3372 status=ok (2.5s) - Bassic Clothing Ltd. | remaining: 1282
[2000/3281] id=3379 status=ok (2.4s) - Interloop BD Ltd. | remaining: 1281
    -> checkpoint saved to mib_factories_full.xlsx
[2001/3281] id=338 status=ok (2.4s) - Pioneer Casual Wear Ltd. | remaining: 1280
[2002/3281] id=3382 status=ok (2.4s) - J.S. Design Ltd. | remaining: 1279
[2003/3281] id=3385 status=ok (2.3s) - Executive Intimates Ltd. | remaining: 1278
[2004/3281] id=3386 status=ok (2.4s) - Sublime Greentex Ltd. | remaining: 1277
[2005/3281] id=3388 status=ok (2.4s) - S.K Zaman Sewing Center | remaining: 1276
[2006/3281] id=339 status=ok (2.3s) - Badhan Corporation Ltd. | remaining: 1275
[2007/3281] id=3392 status=ok (2.4s) - Amreen Sweater Ltd. | remaining: 1274
[2008/3281] id=3393 status=ok (2.3s) - Decent Dresses Ltd. | remaining: 1273
[2009/3281] id=3394 status=ok (2.3s) - Apparel Plus Eco Ltd. | remaining: 1272
[2010/3281] id=3396 status=ok (2.4s) - Trouser World (Pvt.) Ltd. | remaining: 1271
[2011/3281] id=3397 status=ok (2.4s) - Dhaka Socks Manufacturing Co. Ltd. | remaining: 1270
[2012/3281] id=3398 status=ok (2.4s) - Mas Trade Int'l. Garments Ltd. | remaining: 1269
[2013/3281] id=3399 status=ok (2.4s) - Anowara Knit Composite Ltd. | remaining: 1268
[2014/3281] id=340 status=ok (3.1s) - Next Collections Ltd. | remaining: 1267
[2015/3281] id=3401 status=ok (2.4s) - Osman Goni Sweater (Unit-2) | remaining: 1266
[2016/3281] id=3403 status=ok (2.4s) - R. S Knit Fashion Ltd. | remaining: 1265
[2017/3281] id=3405 status=ok (2.3s) - Green Sweater Ltd. | remaining: 1264
[2018/3281] id=341 status=ok (2.5s) - Aman Winter Wears Ltd. | remaining: 1263
[2019/3281] id=3411 status=ok (2.5s) - Manali Jeans Ltd. | remaining: 1262
[2020/3281] id=3412 status=ok (2.5s) - Rafi Texmode Ltd. | remaining: 1261
    -> checkpoint saved to mib_factories_full.xlsx
[2021/3281] id=3413 status=ok (2.5s) - Liz Apparels Ltd. | remaining: 1260
[2022/3281] id=3417 status=ok (2.4s) - V & R Fashions Ltd. | remaining: 1259
[2023/3281] id=3418 status=ok (2.7s) - Sawftex Ltd. | remaining: 1258
[2024/3281] id=3419 status=ok (2.4s) - Eco Couture Ltd. | remaining: 1257
[2025/3281] id=342 status=ok (2.3s) - Creative Stylewear Ltd. | remaining: 1256
[2026/3281] id=3420 status=ok (2.5s) - Fast Jacquard Industries Ltd. | remaining: 1255
[2027/3281] id=3423 status=ok (2.4s) - Cheng Yi Garments Inds. Ltd. | remaining: 1254
[2028/3281] id=3424 status=ok (2.5s) - Ecofab Ltd. | remaining: 1253
[2029/3281] id=3426 status=ok (2.4s) - Ratool Apparels Ltd. | remaining: 1252
[2030/3281] id=3427 status=ok (2.5s) - Rafi Knitwear Ltd. | remaining: 1251
[2031/3281] id=3429 status=ok (2.3s) - Nur Fashion | remaining: 1250
[2032/3281] id=3431 status=ok (2.5s) - Denim Asia Ltd. | remaining: 1249
[2033/3281] id=3434 status=ok (2.9s) - Fashion Makers Ltd. | remaining: 1248
[2034/3281] id=3436 status=ok (2.5s) - Golden Thread Ltd. | remaining: 1247
[2035/3281] id=3439 status=ok (2.3s) - Basic Shirts Ltd. | remaining: 1246
[2036/3281] id=344 status=ok (2.4s) - Madinaple Fashions Craft Ltd. (Unit-2) | remaining: 1245
[2037/3281] id=3445 status=ok (2.3s) - Knit Studio Ltd. | remaining: 1244
[2038/3281] id=345 status=ok (2.5s) - Sterling Styles Ltd. | remaining: 1243
[2039/3281] id=3451 status=ok (2.4s) - Green Smart Shirts Ltd. | remaining: 1242
[2040/3281] id=3452 status=ok (2.5s) - Mawna Fashions Ltd. | remaining: 1241
    -> checkpoint saved to mib_factories_full.xlsx
[2041/3281] id=3453 status=ok (3.2s) - Indigo Fashions Ltd. | remaining: 1240
[2042/3281] id=3454 status=ok (2.4s) - Ornob Fashion Wear Ltd. | remaining: 1239
[2043/3281] id=3455 status=ok (3.1s) - Sweatertech Ltd. | remaining: 1238
[2044/3281] id=3456 status=ok (2.4s) - Maaa Apparels Ltd. | remaining: 1237
[2045/3281] id=3458 status=ok (2.4s) - Jazz Sweaters Ltd. | remaining: 1236
[2046/3281] id=3459 status=ok (2.4s) - Kashfi Knit Wear Ltd. | remaining: 1235
[2047/3281] id=346 status=ok (2.4s) - Safwan Garments Ltd. | remaining: 1234
[2048/3281] id=3461 status=ok (2.4s) - AMC Sweaters Ltd. | remaining: 1233
[2049/3281] id=3463 status=ok (2.4s) - SQ Celsius Ltd. | remaining: 1232
[2050/3281] id=3464 status=ok (2.5s) - Prime Sweaters Ltd. | remaining: 1231
[2051/3281] id=3465 status=ok (3.1s) - Arnab Knit Composite Ltd. | remaining: 1230
[2052/3281] id=3467 status=ok (2.3s) - Fyne Sweaters Ltd. | remaining: 1229
[2053/3281] id=3468 status=ok (2.5s) - Cosmic Sweaters Ltd. | remaining: 1228
[2054/3281] id=3472 status=ok (2.5s) - Nassa Apparels Ltd. | remaining: 1227
[2055/3281] id=3473 status=ok (2.5s) - Astex Garments Ltd. | remaining: 1226
[2056/3281] id=3474 status=ok (2.3s) - Citadel Apparels Ltd. | remaining: 1225
[2057/3281] id=3475 status=ok (2.4s) - Western Dresses Ltd. | remaining: 1224
[2058/3281] id=3476 status=ok (3.0s) - New Commence Fashion Ltd. | remaining: 1223
[2059/3281] id=3477 status=ok (1.8s) - Odyssey Dresses Ltd. | remaining: 1222
[2060/3281] id=3478 status=ok (2.5s) - Onus Design Ltd. | remaining: 1221
    -> checkpoint saved to mib_factories_full.xlsx
[2061/3281] id=348 status=ok (2.5s) - Mahmud Fashion Ltd. | remaining: 1220
[2062/3281] id=3481 status=ok (2.9s) - Fashion Store Ltd. | remaining: 1219
[2063/3281] id=3482 status=ok (2.4s) - M.I.M. Dresses Ltd. | remaining: 1218
[2064/3281] id=3483 status=ok (2.5s) - Ayasha & Galeya Fashions Ltd. | remaining: 1217
[2065/3281] id=3484 status=ok (2.5s) - M.T. Sweaters Ltd. | remaining: 1216
[2066/3281] id=3485 status=ok (2.3s) - Oasis Fashion Ltd. (Unit-2) | remaining: 1215
[2067/3281] id=349 status=ok (2.3s) - BD. SKy Composite Ltd. | remaining: 1214
[2068/3281] id=3490 status=ok (2.3s) - Tokio Mode Ltd. | remaining: 1213
[2069/3281] id=3492 status=ok (3.1s) - Space Sweater Ltd. (Unit-3) | remaining: 1212
[2070/3281] id=3497 status=ok (2.4s) - Polestar Knit Composite Ltd. | remaining: 1211
[2071/3281] id=35 status=ok (2.3s) - Aroma Fashion Wear Ltd. | remaining: 1210
[2072/3281] id=350 status=ok (2.5s) - The Cloth & Fashion Ltd. | remaining: 1209
[2073/3281] id=3500 status=ok (2.5s) - Angora Fashions Ltd. | remaining: 1208
[2074/3281] id=3503 status=ok (2.5s) - TRZ Garments Industry Ltd. | remaining: 1207
[2075/3281] id=3508 status=ok (2.3s) - Supertex Designs Ltd. | remaining: 1206
[2076/3281] id=3509 status=ok (3.1s) - Stylish Garments Ltd. | remaining: 1205
[2077/3281] id=3511 status=ok (2.3s) - Shova Dress | remaining: 1204
[2078/3281] id=3512 status=ok (2.5s) - Samin Wintermate Ltd. | remaining: 1203
[2079/3281] id=3513 status=ok (2.5s) - Samad Sweaters Ltd. | remaining: 1202
[2080/3281] id=3514 status=ok (2.5s) - Sadat Apparels Ltd. | remaining: 1201
    -> checkpoint saved to mib_factories_full.xlsx
[2081/3281] id=3518 status=ok (2.6s) - Reedisha Knitex Ltd. | remaining: 1200
[2082/3281] id=352 status=ok (2.5s) - Epoch Garments Ltd. | remaining: 1199
[2083/3281] id=3520 status=ok (2.5s) - Pusan Bangladesh Ltd. | remaining: 1198
[2084/3281] id=3521 status=ok (2.4s) - Pretty Sweaters Ltd. | remaining: 1197
[2085/3281] id=3523 status=ok (2.5s) - Peak Apparels Ltd. | remaining: 1196
[2086/3281] id=3524 status=ok (2.5s) - Onus Garments Ltd. | remaining: 1195
[2087/3281] id=3526 status=ok (2.3s) - Oasis Fashion Ltd. | remaining: 1194
[2088/3281] id=3527 status=ok (2.5s) - NPM Apparels Ltd. | remaining: 1193
[2089/3281] id=3528 status=ok (2.5s) - Norp Knit Industries Ltd. | remaining: 1192
[2090/3281] id=353 status=ok (2.3s) - Eton Fashions Ltd. | remaining: 1191
[2091/3281] id=3530 status=ok (3.0s) - Nandan Apparels | remaining: 1190
[2092/3281] id=3531 status=ok (2.3s) - M R Sweater | remaining: 1189
[2093/3281] id=3532 status=ok (2.3s) - Moonlight Garments Ltd. | remaining: 1188
[2094/3281] id=3535 status=ok (3.1s) - Lucky Star Apparels Ltd. | remaining: 1187
[2095/3281] id=3536 status=ok (2.5s) - Laurels Fashion Ltd. | remaining: 1186
[2096/3281] id=3541 status=ok (2.5s) - Eva Sweater Ltd. | remaining: 1185
[2097/3281] id=3543 status=ok (2.3s) - Enrich Ltd. | remaining: 1184
[2098/3281] id=3544 status=ok (2.4s) - Ehsan Garments Ltd. | remaining: 1183
[2099/3281] id=3546 status=ok (3.1s) - Dessin Wears Ltd. | remaining: 1182
[2100/3281] id=3548 status=ok (3.1s) - Azim & Son (Pvt.) Ltd. (Unit-2) | remaining: 1181
    -> checkpoint saved to mib_factories_full.xlsx
[2101/3281] id=3549 status=ok (2.4s) - Arrival Fashion Ltd. | remaining: 1180
[2102/3281] id=355 status=ok (2.3s) - Kaifeng Textiles Ltd. | remaining: 1179
[2103/3281] id=3557 status=ok (2.3s) - A.R.P Sweater | remaining: 1178
[2104/3281] id=356 status=ok (2.4s) - Teen Age Modern Fashion Ltd. | remaining: 1177
[2105/3281] id=3560 status=ok (2.3s) - M-Nur Sweaters Ltd. | remaining: 1176
[2106/3281] id=3561 status=ok (2.3s) - Mega Yarn Dyeing Mills Ltd. | remaining: 1175
[2107/3281] id=3565 status=ok (2.5s) - Elite Garments Inds. Ltd. | remaining: 1174
[2108/3281] id=3567 status=ok (2.4s) - Proshmoni Sweater Ltd. | remaining: 1173
[2109/3281] id=3574 status=ok (2.5s) - Besta Apparels | remaining: 1172
[2110/3281] id=3577 status=ok (2.5s) - Style Tex Asia | remaining: 1171
[2111/3281] id=3578 status=ok (2.4s) - Agami Fashions Ltd. | remaining: 1170
[2112/3281] id=3581 status=ok (2.4s) - Banga Fashion Ltd. | remaining: 1169
[2113/3281] id=3583 status=ok (2.4s) - Laila Styles Ltd. | remaining: 1168
[2114/3281] id=3585 status=ok (2.5s) - Farseeing Knit Composite Ltd. | remaining: 1167
[2115/3281] id=3586 status=ok (2.4s) - Flamingo Fashions Ltd. | remaining: 1166
[2116/3281] id=3587 status=ok (2.5s) - HBS Apparels Ltd. | remaining: 1165
[2117/3281] id=3588 status=ok (2.3s) - Indesore Sweater Ltd. | remaining: 1164
[2118/3281] id=3589 status=ok (2.3s) - Jinnat Apparels Ltd. | remaining: 1163
[2119/3281] id=359 status=ok (2.5s) - D.A. Knit & Fashion Wear | remaining: 1162
[2120/3281] id=3590 status=ok (2.3s) - Jinnat Fashions Ltd. | remaining: 1161
    -> checkpoint saved to mib_factories_full.xlsx
[2121/3281] id=3591 status=ok (2.3s) - Jinnat Knitwears Ltd. | remaining: 1160
[2122/3281] id=3592 status=ok (2.5s) - K.A. Design Wear Ltd. | remaining: 1159
[2123/3281] id=3593 status=ok (2.4s) - Karooni Fashions Ltd. | remaining: 1158
[2124/3281] id=3594 status=ok (2.5s) - Concordia Pacific Garments Ltd. (Unit-2) | remaining: 1157
[2125/3281] id=3595 status=ok (2.9s) - K.S. Apparels Ltd. | remaining: 1156
[2126/3281] id=3596 status=ok (2.3s) - Reaz Export Apparels Ltd. | remaining: 1155
[2127/3281] id=3597 status=ok (1.9s) - Bando Fashions Ltd. | remaining: 1154
[2128/3281] id=3598 status=ok (2.4s) - ABSS High-Tech Sweater Ltd. | remaining: 1153
[2129/3281] id=36 status=ok (2.4s) - Shrabony Knitwear Ltd. | remaining: 1152
[2130/3281] id=360 status=ok (2.3s) - Sajib Fashion Wear Ltd. | remaining: 1151
[2131/3281] id=36001 status=ok (2.4s) - A.M.F. Global Fashion Ltd. | remaining: 1150
[2132/3281] id=36002 status=ok (2.3s) - Orchid Knitwear Fashion Ltd. | remaining: 1149
[2133/3281] id=36005 status=ok (2.4s) - Yusra & Rumi Garments | remaining: 1148
[2134/3281] id=36007 status=ok (2.4s) - Sadia Style Wear Ltd. | remaining: 1147
[2135/3281] id=3601 status=ok (2.4s) - Unique Designers Ltd. | remaining: 1146
[2136/3281] id=3602 status=ok (2.4s) - Rabab Fashion Ind. Ltd. | remaining: 1145
[2137/3281] id=3603 status=ok (3.1s) - Tradefare Gloves Ltd. | remaining: 1144
[2138/3281] id=3604 status=ok (2.4s) - Newstar Fashions Ltd. | remaining: 1143
[2139/3281] id=3606 status=ok (2.5s) - Uni Gears Ltd. | remaining: 1142
[2140/3281] id=3607 status=ok (2.4s) - Panorama Apparels Ltd. | remaining: 1141
    -> checkpoint saved to mib_factories_full.xlsx
[2141/3281] id=3610 status=ok (2.3s) - Karooni Knit Composite Ltd. | remaining: 1140
[2142/3281] id=3612 status=ok (2.3s) - Leaf Grade Casualwear Ltd. | remaining: 1139
[2143/3281] id=3614 status=ok (2.4s) - Hop Lun Apparel Ltd. (Unit-2) | remaining: 1138
[2144/3281] id=3615 status=ok (3.0s) - Powertex Fashions Ltd. (Unit-2) | remaining: 1137
[2145/3281] id=3616 status=ok (2.4s) - DK Global Fashion Wear Ltd. (Unit-2) | remaining: 1136
[2146/3281] id=3619 status=ok (2.5s) - Anmona Fashions Ltd. | remaining: 1135
[2147/3281] id=362 status=ok (3.1s) - TMS Fashions Ltd. | remaining: 1134
[2148/3281] id=3620 status=ok (2.5s) - Marn Knit Apparels Ltd. | remaining: 1133
[2149/3281] id=3621 status=ok (2.4s) - Optimum Fashions Wear Ltd. | remaining: 1132
[2150/3281] id=3623 status=ok (3.1s) - Razia Knit Garments Ltd. | remaining: 1131
[2151/3281] id=3626 status=ok (1.9s) - MARS Stitch Ltd. | remaining: 1130
[2152/3281] id=3627 status=ok (2.3s) - Ragadi Textile Ltd. | remaining: 1129
[2153/3281] id=3628 status=ok (2.6s) - Panwin Designs Ltd. | remaining: 1128
[2154/3281] id=3629 status=ok (2.3s) - ABA Fashions Ltd. | remaining: 1127
[2155/3281] id=363 status=ok (2.5s) - Advance Attire Ltd. | remaining: 1126
[2156/3281] id=3632 status=ok (2.3s) - Cortz Apparels Ltd. (Unit-2) | remaining: 1125
[2157/3281] id=3633 status=ok (2.7s) - P.N. Composite Ltd. | remaining: 1124
[2158/3281] id=3634 status=ok (2.0s) - Flamingo Fashions Ltd. (Unit-2) | remaining: 1123
[2159/3281] id=3635 status=ok (2.2s) - Penny Design Knitwear | remaining: 1122
[2160/3281] id=3636 status=ok (1.9s) - Executive Hi-Fashions Ltd. | remaining: 1121
    -> checkpoint saved to mib_factories_full.xlsx
[2161/3281] id=3637 status=ok (1.9s) - Infinity Outfit Ltd. | remaining: 1120
[2162/3281] id=3639 status=ok (2.1s) - Jeans & Polo Ltd. | remaining: 1119
[2163/3281] id=364 status=ok (2.7s) - Cordial Design Ltd. | remaining: 1118
[2164/3281] id=3641 status=ok (2.5s) - Tusuka Apparels Ltd. | remaining: 1117
[2165/3281] id=3645 status=ok (2.9s) - Danny Dhaka Ltd. | remaining: 1116
[2166/3281] id=3646 status=ok (3.4s) - S&P Bangla Ltd. | remaining: 1115
[2167/3281] id=3648 status=ok (2.5s) - J.M. Fabrics Ltd. | remaining: 1114
[2168/3281] id=3649 status=ok (2.3s) - Transworld Ltd. | remaining: 1113
[2169/3281] id=365 status=ok (2.5s) - That's It Sports Wear Ltd. | remaining: 1112
[2170/3281] id=3650 status=ok (3.0s) - Fashion Flow Apparels Ltd. | remaining: 1111
[2171/3281] id=36501 status=ok (2.3s) - Simple Fashion | remaining: 1110
[2172/3281] id=3651 status=ok (2.5s) - Colors & Stitches Ltd. | remaining: 1109
[2173/3281] id=3652 status=ok (2.4s) - Nafa Apparels Ltd. (Unit-2) | remaining: 1108
[2174/3281] id=3653 status=ok (1.8s) - Mashallah Knit Fashion | remaining: 1107
[2175/3281] id=3654 status=ok (3.1s) - Comfit Composite Knit Ltd. (Unit-3) | remaining: 1106
[2176/3281] id=3655 status=ok (3.1s) - Shamoli Garments Ltd. | remaining: 1105
[2177/3281] id=3656 status=ok (3.1s) - LZ Textiles Ltd. | remaining: 1104
[2178/3281] id=3657 status=ok (3.2s) - EMS Apparels Ltd. | remaining: 1103
[2179/3281] id=3658 status=ok (2.5s) - Flaxen Dress Market Ltd. (Unit-2) | remaining: 1102
[2180/3281] id=3661 status=ok (2.4s) - D & S Pretty Fashions Ltd. | remaining: 1101
    -> checkpoint saved to mib_factories_full.xlsx
[2181/3281] id=3662 status=ok (2.5s) - Gumti Textiles Ltd. | remaining: 1100
[2182/3281] id=3664 status=ok (2.5s) - Daeyu Bangladesh Ltd. (Unit-2) | remaining: 1099
[2183/3281] id=3665 status=ok (2.5s) - Virtual Knitwear Ltd. | remaining: 1098
[2184/3281] id=3666 status=ok (2.5s) - Bonian Knit Fashions Ltd. | remaining: 1097
[2185/3281] id=367 status=ok (3.1s) - Fashion Forum Ltd. | remaining: 1096
[2186/3281] id=3670 status=ok (2.3s) - Grand Sweaters Ltd. | remaining: 1095
[2187/3281] id=3672 status=ok (2.4s) - Hasan Style & Design Ltd. | remaining: 1094
[2188/3281] id=3673 status=ok (2.3s) - Aswad Composite Mills Ltd. | remaining: 1093
[2189/3281] id=3675 status=ok (2.4s) - Emon Fashion Ltd. | remaining: 1092
[2190/3281] id=3676 status=ok (2.7s) - Tanrin Apparels Ltd. | remaining: 1091
[2191/3281] id=3677 status=ok (1.9s) - 4 Stitch Knit Composite Ltd. | remaining: 1090
[2192/3281] id=3683 status=ok (1.9s) - Kaveri Sweaters Ltd. | remaining: 1089
[2193/3281] id=3686 status=ok (2.2s) - J. S Knitting & Garments Ltd. | remaining: 1088
[2194/3281] id=3687 status=ok (1.8s) - Brooks (BD) Garments Co. Ltd. | remaining: 1087
[2195/3281] id=3688 status=ok (3.0s) - Virtual Knit & Leisure Wear Ltd. | remaining: 1086
[2196/3281] id=369 status=ok (3.1s) - Winter Dress Ltd. | remaining: 1085
[2197/3281] id=3690 status=ok (3.2s) - Noman Terry Towel Mills Ltd. | remaining: 1084
[2198/3281] id=3691 status=ok (3.1s) - Zalo Knitting Ltd. | remaining: 1083
[2199/3281] id=3692 status=ok (2.5s) - Gardenia Wears Ltd. | remaining: 1082
[2200/3281] id=3693 status=ok (2.3s) - Nihal Knitwear | remaining: 1081
    -> checkpoint saved to mib_factories_full.xlsx
[2201/3281] id=3694 status=ok (2.5s) - Orient Allure Lingerie Ltd. | remaining: 1080
[2202/3281] id=3695 status=ok (3.1s) - Valmont Sweaters Ltd. | remaining: 1079
[2203/3281] id=3698 status=ok (3.1s) - Titas Sweater Inds. Ltd. | remaining: 1078
[2204/3281] id=3699 status=ok (2.5s) - Design Express Ltd. | remaining: 1077
[2205/3281] id=37 status=ok (2.5s) - Harrods Knit Wear Ltd. | remaining: 1076
[2206/3281] id=37012 status=ok (2.9s) - Rain Apparels | remaining: 1075
[2207/3281] id=3703 status=ok (3.1s) - Jinnat Knitwears Ltd. (Unit-2) | remaining: 1074
[2208/3281] id=3704 status=ok (2.3s) - Southern Knitwear Ltd. | remaining: 1073
[2209/3281] id=3705 status=ok (2.5s) - Meghna Denims Ltd. | remaining: 1072
[2210/3281] id=3707 status=ok (2.4s) - Zee Fashion Ltd. | remaining: 1071
[2211/3281] id=3709 status=ok (2.9s) - Direct Sports & Leisure Wear (BD) Ltd. | remaining: 1070
[2212/3281] id=371 status=ok (2.3s) - Fabulous Fashions Ltd. | remaining: 1069
[2213/3281] id=3712 status=ok (2.0s) - Haseen Apparels Ltd. | remaining: 1068
[2214/3281] id=3713 status=ok (2.3s) - KL Fashion | remaining: 1067
[2215/3281] id=3715 status=ok (2.5s) - Pearl Prince Apparels Ltd. | remaining: 1066
[2216/3281] id=3716 status=ok (3.1s) - Islam Knit Designs Ltd. | remaining: 1065
[2217/3281] id=3717 status=ok (2.9s) - Quattro Fashion Ltd. | remaining: 1064
[2218/3281] id=3719 status=ok (2.0s) - Apex Fashion Wear Ltd. | remaining: 1063
[2219/3281] id=372 status=ok (3.3s) - Seha Design (BD) Ltd. | remaining: 1062
[2220/3281] id=3720 status=ok (2.4s) - F.B. Fashion (Pvt.) Ltd. | remaining: 1061
    -> checkpoint saved to mib_factories_full.xlsx
[2221/3281] id=3727 status=ok (2.6s) - Pan Pacific Sweaters Ltd. | remaining: 1060
[2222/3281] id=3728 status=ok (2.5s) - Islam Garments Ltd. (Unit-2) | remaining: 1059
[2223/3281] id=3729 status=ok (3.1s) - Trouser Land Ltd. | remaining: 1058
[2224/3281] id=373 status=ok (2.5s) - Olira Fashions Ltd. | remaining: 1057
[2225/3281] id=3732 status=ok (2.7s) - Mahmud Jeans Ltd. | remaining: 1056
[2226/3281] id=3733 status=ok (3.1s) - Matrix Sweaters Ltd. | remaining: 1055
[2227/3281] id=3737 status=ok (3.0s) - Anowara Knitting Ltd. | remaining: 1054
[2228/3281] id=3739 status=ok (2.4s) - Anowara Cotton Ltd. | remaining: 1053
[2229/3281] id=374 status=ok (3.2s) - Vision Apparels (Pvt.) Ltd. | remaining: 1052
[2230/3281] id=3740 status=ok (3.1s) - Modele De Capital Industries Ltd. | remaining: 1051
[2231/3281] id=3741 status=ok (2.5s) - H. K Apparels Ltd. | remaining: 1050
[2232/3281] id=3743 status=ok (2.4s) - F. M. Apparels | remaining: 1049
[2233/3281] id=3744 status=ok (3.0s) - Warn Knit Fashion | remaining: 1048
[2234/3281] id=3746 status=ok (2.5s) - Bea-Con Knitwear Ltd. | remaining: 1047
[2235/3281] id=3747 status=ok (3.2s) - R. T. Fashion | remaining: 1046
[2236/3281] id=3748 status=ok (2.5s) - Mother Sweater Ltd. | remaining: 1045
[2237/3281] id=375 status=ok (2.5s) - Lodestar Fashions Ltd. | remaining: 1044
[2238/3281] id=37503 status=ok (2.5s) - Cotton Heaven Ltd. | remaining: 1043
[2239/3281] id=37509 status=ok (3.1s) - Hazrat Sha Jalal-Sha Paran Fashion | remaining: 1042
[2240/3281] id=37514 status=ok (3.1s) - Eastern Garments (Unit-2) | remaining: 1041
    -> checkpoint saved to mib_factories_full.xlsx
[2241/3281] id=37517 status=ok (1.9s) - Zaman Fashion Wear | remaining: 1040
[2242/3281] id=376 status=ok (3.1s) - Mid Asia Fashions Ltd. | remaining: 1039
[2243/3281] id=3761 status=ok (3.0s) - Sinha Designers Ltd. | remaining: 1038
[2244/3281] id=3763 status=ok (2.3s) - KRC Composite Textile Industry Ltd. | remaining: 1037
[2245/3281] id=3766 status=ok (3.1s) - Bogra Fashion Wear | remaining: 1036
[2246/3281] id=3768 status=ok (2.4s) - Fame Apparels Ltd. | remaining: 1035
[2247/3281] id=3769 status=ok (2.5s) - Fatullah Fashion Ltd. | remaining: 1034
[2248/3281] id=377 status=ok (2.3s) - Aboni Knitwear Ltd. | remaining: 1033
[2249/3281] id=3770 status=ok (3.1s) - T-Shirt Fashion Ltd. | remaining: 1032
[2250/3281] id=3771 status=ok (2.4s) - Texture Knit Wear Ltd. | remaining: 1031
[2251/3281] id=3772 status=ok (2.5s) - N.K.K. Knitwear Ltd. | remaining: 1030
[2252/3281] id=3773 status=ok (2.5s) - ABF Knit Wear Ltd. | remaining: 1029
[2253/3281] id=3775 status=ok (2.5s) - Patricia Apparels Ltd. | remaining: 1028
[2254/3281] id=3776 status=ok (2.5s) - Razia Apparels Ltd. | remaining: 1027
[2255/3281] id=3778 status=ok (3.2s) - Azad Knit Composite Textile Mills (Pvt.) Ltd. | remaining: 1026
[2256/3281] id=378 status=ok (2.5s) - Babylon Casualwear Ltd. | remaining: 1025
[2257/3281] id=3782 status=ok (3.0s) - Al-Mamun Fashion & Design Ltd. | remaining: 1024
[2258/3281] id=3783 status=ok (2.5s) - R.B.R Fashion | remaining: 1023
[2259/3281] id=3784 status=ok (3.1s) - Sariha Knit Wears Ltd. | remaining: 1022
[2260/3281] id=379 status=ok (2.5s) - Trouser Line Ltd. | remaining: 1021
    -> checkpoint saved to mib_factories_full.xlsx
[2261/3281] id=3790 status=ok (2.4s) - Shristy Fashion Ltd. | remaining: 1020
[2262/3281] id=3791 status=ok (2.4s) - N. R. S. Knitwear Ltd. | remaining: 1019
[2263/3281] id=3792 status=ok (2.4s) - Young 4 Ever Textiles Ltd. | remaining: 1018
[2264/3281] id=3794 status=ok (2.5s) - Islam Fabrics Ltd. | remaining: 1017
[2265/3281] id=3795 status=ok (3.1s) - Quetex Apparels Industries | remaining: 1016
[2266/3281] id=3797 status=ok (2.4s) - Hamid Sweater Ltd. | remaining: 1015
[2267/3281] id=3798 status=ok (2.4s) - Afifa Fashion | remaining: 1014
[2268/3281] id=3799 status=ok (2.5s) - K. R. Knit Wear Ltd. | remaining: 1013
[2269/3281] id=380 status=ok (3.0s) - Yagi Bangladesh Garments Ltd. | remaining: 1012
[2270/3281] id=38001 status=ok (2.3s) - M.B Cotton Apparel | remaining: 1011
[2271/3281] id=38003 status=ok (2.5s) - Bismillah Fashion | remaining: 1010
[2272/3281] id=38007 status=ok (2.3s) - M.M Fashion | remaining: 1009
[2273/3281] id=38008 status=ok (3.2s) - AGM Fashion | remaining: 1008
[2274/3281] id=3801 status=ok (3.0s) - Precise Fashionwear Ltd. | remaining: 1007
[2275/3281] id=38011 status=ok (2.1s) - Lamiya Fashion Garments | remaining: 1006
[2276/3281] id=3802 status=ok (2.4s) - F. K. Knittax Ltd. | remaining: 1005
[2277/3281] id=38026 status=ok (2.5s) - Jarif And Jabir Garments | remaining: 1004
[2278/3281] id=3807 status=ok (2.9s) - Exotic Knit Apparels Ltd. | remaining: 1003
[2279/3281] id=3808 status=ok (2.5s) - Pritam Knitwear (Pvt.) Ltd. | remaining: 1002
[2280/3281] id=3809 status=ok (2.5s) - Asrotex | remaining: 1001
    -> checkpoint saved to mib_factories_full.xlsx
[2281/3281] id=381 status=ok (3.3s) - Buildex Knit Composite Ltd. | remaining: 1000
[2282/3281] id=3811 status=ok (1.9s) - Kazi Composite Ltd. | remaining: 999
[2283/3281] id=3812 status=ok (3.2s) - Le Reve Knitwear Ltd. (Unit-2) | remaining: 998
[2284/3281] id=3813 status=ok (2.4s) - Mark Trading | remaining: 997
[2285/3281] id=3822 status=ok (2.5s) - Boras Knitwear Ltd. | remaining: 996
[2286/3281] id=3823 status=ok (3.1s) - New Labour Hosiery & Garments | remaining: 995
[2287/3281] id=3824 status=ok (2.5s) - Oyritex Ltd. | remaining: 994
[2288/3281] id=3828 status=ok (3.1s) - Time Sweaters Ltd. | remaining: 993
[2289/3281] id=3834 status=ok (3.2s) - Ibrahim Knit Garments (Pvt.) Ltd. | remaining: 992
[2290/3281] id=3836 status=ok (2.5s) - Farida Garments (Pvt.) Ltd. | remaining: 991
[2291/3281] id=3839 status=ok (2.5s) - Samsons Knitwear Industries Ltd. | remaining: 990
[2292/3281] id=384 status=ok (1.8s) - Expo Dress Ltd. | remaining: 989
[2293/3281] id=3840 status=ok (2.4s) - Bay Creation Ltd. | remaining: 988
[2294/3281] id=3844 status=ok (2.4s) - Alpine Composite Ltd. | remaining: 987
[2295/3281] id=3845 status=ok (2.5s) - Green Life Apparels | remaining: 986
[2296/3281] id=3846 status=ok (2.4s) - Comptex Bangladesh Ltd. | remaining: 985
[2297/3281] id=3853 status=ok (2.6s) - Arjon Hosiery Ltd. | remaining: 984
[2298/3281] id=3855 status=ok (2.5s) - Dewaa Knit Composite Industries Ltd. | remaining: 983
[2299/3281] id=3856 status=ok (3.1s) - Advance World Ltd. | remaining: 982
[2300/3281] id=3857 status=ok (2.4s) - Lexel Knitwear Ltd. | remaining: 981
    -> checkpoint saved to mib_factories_full.xlsx
[2301/3281] id=3858 status=ok (2.6s) - Exotic Wears Ltd. | remaining: 980
[2302/3281] id=3859 status=ok (2.5s) - Prime Jeans Culture Ltd. | remaining: 979
[2303/3281] id=3860 status=ok (2.4s) - Aristo Fashions Ltd. | remaining: 978
[2304/3281] id=3861 status=ok (2.4s) - Pacific Sweaters Ltd. | remaining: 977
[2305/3281] id=3863 status=ok (3.1s) - United Apparel Composite Ltd. | remaining: 976
[2306/3281] id=3868 status=ok (3.1s) - Saheer Sweater Factory | remaining: 975
[2307/3281] id=3869 status=ok (2.5s) - V-Teac Fashion (Pvt.) Ltd. | remaining: 974
[2308/3281] id=387 status=ok (2.5s) - Quazi Abedin Tex Ltd. | remaining: 973
[2309/3281] id=3871 status=ok (2.4s) - Sakura Dyeing & Garments Ltd. | remaining: 972
[2310/3281] id=3872 status=ok (3.2s) - MPL Wear Ltd. | remaining: 971
[2311/3281] id=3873 status=ok (2.4s) - Dazzling Textile Ind. Ltd. | remaining: 970
[2312/3281] id=3874 status=ok (3.2s) - P. M. Knittex (Pvt.) Ltd. | remaining: 969
[2313/3281] id=3876 status=ok (2.5s) - Osman Garments Ltd. | remaining: 968
[2314/3281] id=3878 status=ok (3.2s) - Mazib Fashions Ltd. | remaining: 967
[2315/3281] id=388 status=ok (3.0s) - Birds Garments Ltd. (Unit-2) | remaining: 966
[2316/3281] id=3880 status=ok (2.4s) - IFS Texwear (Pvt.) Ltd. | remaining: 965
[2317/3281] id=3882 status=ok (2.4s) - R. N. Knit Tex Ltd. | remaining: 964
[2318/3281] id=3884 status=ok (3.0s) - Color Yard Apparels Ltd. | remaining: 963
[2319/3281] id=3886 status=ok (3.0s) - Maple Knit Wears Ltd. | remaining: 962
[2320/3281] id=3887 status=ok (2.9s) - N. R. Knitting Mills Ltd. | remaining: 961
    -> checkpoint saved to mib_factories_full.xlsx
[2321/3281] id=3889 status=ok (3.1s) - Badon Fashion Ltd. | remaining: 960
[2322/3281] id=389 status=ok (3.1s) - Birds RNR Fashions Ltd. | remaining: 959
[2323/3281] id=3890 status=ok (3.1s) - Anowara Styles Ltd. | remaining: 958
[2324/3281] id=3894 status=ok (2.4s) - West Fashion | remaining: 957
[2325/3281] id=3896 status=ok (2.5s) - N. S. Knitting & Fabrics | remaining: 956
[2326/3281] id=3897 status=ok (2.5s) - Taufiq Sweater Ltd. | remaining: 955
[2327/3281] id=3898 status=ok (3.1s) - New Resuli Apparels | remaining: 954
[2328/3281] id=3899 status=ok (2.3s) - Rupashi Knit Wears Ltd. | remaining: 953
[2329/3281] id=39 status=ok (2.5s) - Les Pulls D' Alex Ltd. | remaining: 952
[2330/3281] id=390 status=ok (2.4s) - Birds Fadrex Ltd. | remaining: 951
[2331/3281] id=3900 status=ok (2.5s) - Parity Fashion Ltd. | remaining: 950
[2332/3281] id=3901 status=ok (2.6s) - A. R Knitwear Ltd. | remaining: 949
[2333/3281] id=3903 status=ok (3.1s) - Al-Amin Attires Ltd. | remaining: 948
[2334/3281] id=3905 status=ok (2.5s) - Cotton Power Excel Knit Ltd. | remaining: 947
[2335/3281] id=3907 status=ok (2.5s) - R. K Fashion Ltd. | remaining: 946
[2336/3281] id=3911 status=ok (3.1s) - Amana Knit Fashion | remaining: 945
[2337/3281] id=3912 status=ok (3.1s) - Nikita Apparels Ltd. | remaining: 944
[2338/3281] id=3913 status=ok (2.4s) - Knit Emporium Ltd. | remaining: 943
[2339/3281] id=3914 status=ok (3.2s) - Krishnachura Designs Ltd. | remaining: 942
[2340/3281] id=3916 status=ok (2.6s) - Dowas-Land Apparels Ltd. | remaining: 941
    -> checkpoint saved to mib_factories_full.xlsx
[2341/3281] id=3917 status=ok (2.4s) - Uttara Fabrics (Pvt.) Ltd. | remaining: 940
[2342/3281] id=3918 status=ok (2.5s) - Sadia Fashion Wears Ltd. | remaining: 939
[2343/3281] id=392 status=ok (2.5s) - Aboni Fashions Ltd. | remaining: 938
[2344/3281] id=3921 status=ok (3.1s) - MG Niche Flair Ltd. (Unit-2) | remaining: 937
[2345/3281] id=3922 status=ok (3.1s) - Pawla Knitwear (Pvt.) Ltd. | remaining: 936
[2346/3281] id=3924 status=ok (3.0s) - Violet Fashion Ltd. | remaining: 935
[2347/3281] id=3927 status=ok (3.1s) - RIB Associates Ltd. | remaining: 934
[2348/3281] id=3929 status=ok (3.1s) - Opex Readywears Ltd. | remaining: 933
[2349/3281] id=393 status=ok (2.5s) - Babylon Garments Ltd. | remaining: 932
[2350/3281] id=3930 status=ok (2.5s) - Sinha Denimwear Ltd. | remaining: 931
[2351/3281] id=3932 status=ok (3.1s) - Starlet Apparels Ltd. | remaining: 930
[2352/3281] id=3933 status=ok (3.0s) - Satil Knit Wear (Pvt.) Ltd. | remaining: 929
[2353/3281] id=3934 status=ok (3.2s) - Chan Knit Fashion Ltd. | remaining: 928
[2354/3281] id=3935 status=ok (2.5s) - Crony Tex Sweater Ltd. | remaining: 927
[2355/3281] id=3937 status=ok (2.9s) - Stitch Village Ltd. | remaining: 926
[2356/3281] id=3938 status=ok (2.4s) - Sky Line Knit Fashion | remaining: 925
[2357/3281] id=3939 status=ok (2.5s) - Abir Fashions | remaining: 924
[2358/3281] id=3940 status=ok (2.4s) - Mohsin Knitwears Ltd. | remaining: 923
[2359/3281] id=3943 status=ok (2.5s) - Knitivo Fashions Ltd. | remaining: 922
[2360/3281] id=3945 status=ok (3.1s) - Manha Attires Composite Ltd. | remaining: 921
    -> checkpoint saved to mib_factories_full.xlsx
[2361/3281] id=3946 status=ok (1.9s) - Janani Fashion Ltd. | remaining: 920
[2362/3281] id=3948 status=ok (2.5s) - Wave Tex Apparels Ltd. | remaining: 919
[2363/3281] id=3954 status=ok (2.5s) - Zaheen Knitwears Ltd. | remaining: 918
[2364/3281] id=3955 status=ok (3.1s) - Mollah Knit Fashions Ltd. | remaining: 917
[2365/3281] id=3957 status=ok (3.1s) - Innovative Knitex Ltd. | remaining: 916
[2366/3281] id=3959 status=ok (2.5s) - Mother Color Ltd. | remaining: 915
[2367/3281] id=3960 status=ok (2.4s) - RS Composite | remaining: 914
[2368/3281] id=3961 status=ok (3.1s) - Al Joynal Hosiery & Garments | remaining: 913
[2369/3281] id=3965 status=ok (1.9s) - Prominent Apparels | remaining: 912
[2370/3281] id=3968 status=ok (2.4s) - F. K. Textile Mills | remaining: 911
[2371/3281] id=3969 status=ok (3.1s) - Diamond Knit Fashion Ltd. | remaining: 910
[2372/3281] id=397 status=ok (2.4s) - Jumer Fashion Ltd. | remaining: 909
[2373/3281] id=3970 status=ok (2.4s) - Wisdom Attires Ltd. | remaining: 908
[2374/3281] id=3976 status=ok (3.1s) - N.R.R Fashion Ltd. | remaining: 907
[2375/3281] id=3977 status=ok (2.6s) - Darkesh Tex Wear Ltd. | remaining: 906
[2376/3281] id=3982 status=ok (1.9s) - Nabil Knit Garments | remaining: 905
[2377/3281] id=3984 status=ok (2.5s) - Rib Line Ltd. | remaining: 904
[2378/3281] id=3985 status=ok (2.3s) - Ananna Knitex Ltd. | remaining: 903
[2379/3281] id=3987 status=ok (3.1s) - Barnali Collections Ltd. | remaining: 902
[2380/3281] id=399 status=ok (2.5s) - Tanzila Textile Ltd. | remaining: 901
    -> checkpoint saved to mib_factories_full.xlsx
[2381/3281] id=3990 status=ok (2.4s) - Five Link Knit Wear | remaining: 900
[2382/3281] id=3991 status=ok (2.5s) - Tex Asia Ltd. (Unit-2) | remaining: 899
[2383/3281] id=3994 status=ok (2.5s) - M.I.T Apparels Ltd. | remaining: 898
[2384/3281] id=3996 status=ok (3.1s) - Motaleb Monowara Composite (Pvt.) Ltd. | remaining: 897
[2385/3281] id=3997 status=ok (2.6s) - R. A. Z Apparels | remaining: 896
[2386/3281] id=3999 status=ok (2.5s) - Fresh Apparels Ltd. | remaining: 895
[2387/3281] id=40 status=ok (3.1s) - Bridgenet Apparels Ltd. | remaining: 894
[2388/3281] id=400 status=ok (3.2s) - Fashion.Com Ltd. | remaining: 893
[2389/3281] id=4003 status=ok (3.1s) - Fusion Knitwear | remaining: 892
[2390/3281] id=4005 status=ok (3.2s) - Sarada Fashions Ltd. | remaining: 891
[2391/3281] id=4013 status=ok (3.2s) - C B Knit Fashion | remaining: 890
[2392/3281] id=4017 status=ok (2.5s) - Korna Hosiery | remaining: 889
[2393/3281] id=4018 status=ok (2.5s) - Anupam Hosiery Inds (Pvt.) Ltd. | remaining: 888
[2394/3281] id=4025 status=ok (2.0s) - Luminous Textiles Ltd. | remaining: 887
[2395/3281] id=4028 status=ok (3.1s) - Knit Concern Ltd. | remaining: 886
[2396/3281] id=4030 status=ok (2.5s) - KC Apparels Ltd. | remaining: 885
[2397/3281] id=4031 status=ok (2.5s) - Dolphin Generation Knitwear Ltd. | remaining: 884
[2398/3281] id=4033 status=ok (3.1s) - Sourov Hosiery | remaining: 883
[2399/3281] id=4035 status=ok (2.5s) - G.S. Garments Ltd. | remaining: 882
[2400/3281] id=4036 status=ok (2.5s) - Miswar Fashion Wears | remaining: 881
    -> checkpoint saved to mib_factories_full.xlsx
[2401/3281] id=4037 status=ok (3.2s) - Robust Knit Fashion Ltd. | remaining: 880
[2402/3281] id=4040 status=ok (3.0s) - Moonlux Apparels Ltd. | remaining: 879
[2403/3281] id=4041 status=ok (3.1s) - Ronik Sweaters | remaining: 878
[2404/3281] id=4042 status=ok (3.0s) - Esquire Knit Composite Ltd. (Unit-2) | remaining: 877
[2405/3281] id=4044 status=ok (2.5s) - Gladiolus Fashion Wear Ltd. | remaining: 876
[2406/3281] id=4046 status=ok (2.5s) - Sensible Fashion (Pvt.) Ltd. | remaining: 875
[2407/3281] id=4047 status=ok (3.1s) - Old Town Fashions Ltd. | remaining: 874
[2408/3281] id=4048 status=ok (2.5s) - Safa Knit Wear Ltd. | remaining: 873
[2409/3281] id=4050 status=ok (2.5s) - Eurotex Knitwear Ltd. | remaining: 872
[2410/3281] id=4051 status=ok (3.1s) - Esquire Knit Composite Ltd. | remaining: 871
[2411/3281] id=4052 status=ok (3.2s) - Aryan Knitwear | remaining: 870
[2412/3281] id=4053 status=ok (3.1s) - Hera Sweaters Ltd. | remaining: 869
[2413/3281] id=4056 status=ok (2.5s) - Jamuna Knit Concern | remaining: 868
[2414/3281] id=4057 status=ok (2.5s) - West Apparels Ltd. | remaining: 867
[2415/3281] id=4058 status=ok (3.2s) - S.F. Fashion Wears Ltd. | remaining: 866
[2416/3281] id=406 status=ok (2.5s) - Safaa Sweaters Ltd. | remaining: 865
[2417/3281] id=4060 status=ok (3.2s) - Fakir Knitwears Ltd. | remaining: 864
[2418/3281] id=4063 status=ok (3.1s) - Ballycotton Knit Dress Ltd. | remaining: 863
[2419/3281] id=4064 status=ok (2.9s) - Pacific Sweater Ltd. (Unit-2) | remaining: 862
[2420/3281] id=4065 status=ok (2.0s) - S. B. Style Composite Ltd. | remaining: 861
    -> checkpoint saved to mib_factories_full.xlsx
[2421/3281] id=4066 status=ok (3.1s) - Master Textiles | remaining: 860
[2422/3281] id=407 status=ok (2.5s) - FNF Trend Fashion Ltd. | remaining: 859
[2423/3281] id=4072 status=ok (2.5s) - Knit Fair Ltd. | remaining: 858
[2424/3281] id=4074 status=ok (3.0s) - Green Bangla Fashion. | remaining: 857
[2425/3281] id=4076 status=placeholder_suspect (49.3s) - New Uday Sweaters | remaining: 856
[2426/3281] id=4079 status=ok (4.3s) - Green Garden Sweater | remaining: 855
[2427/3281] id=408 status=ok (2.3s) - K.M. Fashions Ltd. | remaining: 854
[2428/3281] id=4081 status=ok (2.5s) - Shovon Knitwear Ltd. | remaining: 853
[2429/3281] id=4085 status=ok (2.4s) - M. H Apparels | remaining: 852
[2430/3281] id=4086 status=ok (2.4s) - Conway Knitwear Ltd. | remaining: 851
[2431/3281] id=4087 status=ok (3.1s) - Amana Textile | remaining: 850
[2432/3281] id=4088 status=ok (2.5s) - FCPz Bunon Ltd. | remaining: 849
[2433/3281] id=409 status=ok (2.6s) - Triple Seven Apparels Ltd. | remaining: 848
[2434/3281] id=4090 status=ok (2.5s) - Ananta Denim Technology Ltd. | remaining: 847
[2435/3281] id=4091 status=ok (3.1s) - Sinha Knitting Ltd. | remaining: 846
[2436/3281] id=4092 status=ok (2.4s) - New R. S. Hi-Fashion Ltd. | remaining: 845
[2437/3281] id=4094 status=ok (3.2s) - Muna Sajj Design | remaining: 844
[2438/3281] id=4095 status=ok (2.5s) - Knit Concept Ltd. | remaining: 843
[2439/3281] id=4096 status=ok (1.9s) - S. S. B Knit Wear (Pvt.) Ltd. | remaining: 842
[2440/3281] id=410 status=ok (2.4s) - 3S International Ltd. | remaining: 841
    -> checkpoint saved to mib_factories_full.xlsx
[2441/3281] id=4100 status=ok (2.4s) - Al-Baraka Knitwear | remaining: 840
[2442/3281] id=41003 status=ok (2.0s) - Jahan Apparels Ltd. | remaining: 839
[2443/3281] id=41004 status=ok (2.4s) - R.F Fashion | remaining: 838
[2444/3281] id=41005 status=ok (2.5s) - M.K Mahim Apparels | remaining: 837
[2445/3281] id=4102 status=ok (2.5s) - Total Fashion Ltd. | remaining: 836
[2446/3281] id=4103 status=ok (2.4s) - Atlas Fabrics Ltd. | remaining: 835
[2447/3281] id=4105 status=ok (2.4s) - Crony Apparels Ltd. | remaining: 834
[2448/3281] id=4106 status=ok (2.4s) - Milanty Apparels Ltd. | remaining: 833
[2449/3281] id=4107 status=ok (3.0s) - Marson Knitwear | remaining: 832
[2450/3281] id=4108 status=ok (2.9s) - Keen Apparels Ltd. | remaining: 831
[2451/3281] id=4109 status=ok (2.5s) - Proud Textile | remaining: 830
[2452/3281] id=4117 status=ok (2.4s) - S-Six Fashions (Pvt.) Ltd. | remaining: 829
[2453/3281] id=4119 status=ok (2.4s) - Labib Fashion | remaining: 828
[2454/3281] id=4121 status=ok (2.5s) - Empiric Attires Ltd. | remaining: 827
[2455/3281] id=4126 status=ok (2.6s) - Russel Garments (Unit-2) | remaining: 826
[2456/3281] id=4127 status=ok (1.9s) - C. S. B. Knit Fashion | remaining: 825
[2457/3281] id=4128 status=ok (2.5s) - Acelon Knit Fashion Ltd. | remaining: 824
[2458/3281] id=413 status=ok (2.3s) - Temakaw Fashion Ltd. | remaining: 823
[2459/3281] id=4130 status=ok (1.9s) - Knit Reign (Pvt.) Ltd. | remaining: 822
[2460/3281] id=4134 status=ok (2.9s) - Vintage Attires Ltd. | remaining: 821
    -> checkpoint saved to mib_factories_full.xlsx
[2461/3281] id=4137 status=ok (2.4s) - Rahman Sports Wear | remaining: 820
[2462/3281] id=4138 status=ok (2.5s) - Vogue Axis Associates Ltd. | remaining: 819
[2463/3281] id=414 status=ok (2.3s) - K.A.W. Garments Industry Ltd. | remaining: 818
[2464/3281] id=4141 status=ok (2.4s) - Amazon Tex Knit Fashion Ltd. | remaining: 817
[2465/3281] id=4142 status=ok (2.5s) - Sayam Knit Fab | remaining: 816
[2466/3281] id=4145 status=ok (3.0s) - L.M. Knit Wear | remaining: 815
[2467/3281] id=4147 status=ok (3.1s) - R.S. Knitwears (Pvt.) Ltd. | remaining: 814
[2468/3281] id=4149 status=ok (2.5s) - Ahana Knit Composite Ltd. | remaining: 813
[2469/3281] id=415 status=ok (3.1s) - Sirajgonj Fashions Ltd. | remaining: 812
[2470/3281] id=4150 status=ok (2.5s) - Plummy Fashions Ltd. | remaining: 811
[2471/3281] id=4152 status=ok (3.1s) - N.T. Apparels Ltd. | remaining: 810
[2472/3281] id=4153 status=ok (2.5s) - Siraj Apparels (Pvt.) Ltd. | remaining: 809
[2473/3281] id=4155 status=ok (3.2s) - Fakir Apparels Ltd. | remaining: 808
[2474/3281] id=4156 status=ok (2.4s) - Dolphine Fashions (Pvt.) Ltd. | remaining: 807
[2475/3281] id=4159 status=ok (3.2s) - Martin Knitwear Ltd. | remaining: 806
[2476/3281] id=416 status=ok (3.2s) - Banex Apparel Ltd. | remaining: 805
[2477/3281] id=4162 status=ok (2.4s) - H. N. Apparels | remaining: 804
[2478/3281] id=4165 status=ok (2.6s) - Samsons Knitwear Industries Ltd. (Unit-2) | remaining: 803
[2479/3281] id=4168 status=ok (3.1s) - B. Brothers Garments Co. Ltd. (Unit-2) | remaining: 802
[2480/3281] id=417 status=ok (2.6s) - Bengal Leisure Wear Ltd. | remaining: 801
    -> checkpoint saved to mib_factories_full.xlsx
[2481/3281] id=4171 status=ok (2.5s) - A-One Polar Ltd. | remaining: 800
[2482/3281] id=4172 status=ok (2.5s) - Rony Knit Composite (Pvt.) Ltd. | remaining: 799
[2483/3281] id=4174 status=ok (2.3s) - Disney Sweater Ltd. | remaining: 798
[2484/3281] id=4177 status=ok (2.5s) - Prime Garments Ltd. | remaining: 797
[2485/3281] id=4178 status=ok (3.2s) - Rownak Textile Mills Ltd. | remaining: 796
[2486/3281] id=4180 status=ok (3.1s) - Mack Knit Wear | remaining: 795
[2487/3281] id=4181 status=ok (2.4s) - Friends Knit Fashions Ltd. | remaining: 794
[2488/3281] id=4184 status=ok (2.4s) - Denison Attires Ltd. | remaining: 793
[2489/3281] id=4185 status=ok (3.0s) - Max Sweater (BD) Ltd. | remaining: 792
[2490/3281] id=4186 status=ok (3.1s) - Knit Garden | remaining: 791
[2491/3281] id=4187 status=ok (2.3s) - Bishal Knit Wear Ltd. | remaining: 790
[2492/3281] id=4188 status=ok (2.5s) - P. M. Apparels (Pvt.) Ltd. | remaining: 789
[2493/3281] id=4192 status=ok (2.3s) - Rich Plus Knitwear Ltd. | remaining: 788
[2494/3281] id=4193 status=ok (3.1s) - K. C. Print Ltd. | remaining: 787
[2495/3281] id=4194 status=ok (3.2s) - Midland Knitwear Ltd. | remaining: 786
[2496/3281] id=4199 status=ok (2.9s) - Anik Composite Mills Ltd. | remaining: 785
[2497/3281] id=420 status=ok (3.0s) - Super Shine Fashions Ltd. | remaining: 784
[2498/3281] id=4200 status=ok (3.2s) - Fakir Fashion Ltd. | remaining: 783
[2499/3281] id=42001 status=ok (2.4s) - Elma Apparels | remaining: 782
[2500/3281] id=4201 status=ok (2.5s) - V-Knitwear & Composite Ltd. | remaining: 781
    -> checkpoint saved to mib_factories_full.xlsx
[2501/3281] id=42029 status=ok (2.5s) - Shafin Apparels | remaining: 780
[2502/3281] id=4204 status=ok (3.1s) - Kaisar Sanko JB Textile Ltd. | remaining: 779
[2503/3281] id=42049 status=ok (3.1s) - Style Fashion | remaining: 778
[2504/3281] id=4205 status=ok (3.1s) - Hi-Tech Apparels Ltd. | remaining: 777
[2505/3281] id=42051 status=ok (2.4s) - Texas Dresses Ltd. | remaining: 776
[2506/3281] id=42052 status=ok (3.1s) - SFU Fashion | remaining: 775
[2507/3281] id=42053 status=ok (2.3s) - J Alam Trading | remaining: 774
[2508/3281] id=4209 status=ok (2.5s) - A.N Knit Fashion | remaining: 773
[2509/3281] id=421 status=ok (2.5s) - DK Global Fashion Wear Ltd. | remaining: 772
[2510/3281] id=4210 status=ok (2.2s) - Fyne Knit Wear Ltd. | remaining: 771
[2511/3281] id=4214 status=ok (2.5s) - Rahimaaziz Knitspin Ltd. | remaining: 770
[2512/3281] id=4218 status=ok (2.5s) - York Composite Ltd. | remaining: 769
[2513/3281] id=4219 status=ok (3.2s) - S.F. Apparels Ltd. | remaining: 768
[2514/3281] id=4220 status=ok (3.1s) - S.R Fashion | remaining: 767
[2515/3281] id=4221 status=ok (2.5s) - Fine Tex Knitwears Ltd. | remaining: 766
[2516/3281] id=4226 status=ok (2.4s) - Maven Design Ltd. | remaining: 765
[2517/3281] id=4231 status=ok (2.9s) - Shoeb Knit Composite | remaining: 764
[2518/3281] id=4232 status=ok (3.1s) - Rhine Dress Ltd. | remaining: 763
[2519/3281] id=4238 status=ok (2.3s) - Maa Knit Wear | remaining: 762
[2520/3281] id=4239 status=ok (2.5s) - Nabila Fashion | remaining: 761
    -> checkpoint saved to mib_factories_full.xlsx
[2521/3281] id=424 status=ok (2.5s) - Green Arrow Sweater Ind. Ltd. | remaining: 760
[2522/3281] id=4240 status=ok (3.0s) - Metro Knitting & Dyeing Mills Ltd. | remaining: 759
[2523/3281] id=4245 status=ok (2.5s) - Shovon Silk & Knitting Mills (Pvt.) Ltd. | remaining: 758
[2524/3281] id=4246 status=ok (3.1s) - Mustafa Brother's | remaining: 757
[2525/3281] id=4247 status=ok (2.6s) - Fakir Garments Ltd. | remaining: 756
[2526/3281] id=425 status=ok (2.5s) - ABC Knit Dyeing & Finishing Mills Ltd. | remaining: 755
[2527/3281] id=42501 status=ok (2.5s) - Mokka Garments | remaining: 754
[2528/3281] id=42503 status=ok (2.4s) - RFM Fashions | remaining: 753
[2529/3281] id=42504 status=ok (3.1s) - Brothers Fashion | remaining: 752
[2530/3281] id=42505 status=ok (2.5s) - Al Jamila Fashion (Unit-2) | remaining: 751
[2531/3281] id=42509 status=ok (2.5s) - New Time Fashion Ltd. | remaining: 750
[2532/3281] id=4251 status=ok (2.4s) - Amana Knitex Ltd. | remaining: 749
[2533/3281] id=42510 status=ok (2.3s) - Man Garments | remaining: 748
[2534/3281] id=42511 status=ok (3.2s) - Blue Bell | remaining: 747
[2535/3281] id=42517 status=ok (2.4s) - Kazi Fashion | remaining: 746
[2536/3281] id=42518 status=ok (2.4s) - Daffodil Fashion | remaining: 745
[2537/3281] id=42519 status=ok (3.2s) - Izhaan Fashion | remaining: 744
[2538/3281] id=42520 status=ok (3.6s) - Mridha Mart Fashion | remaining: 743
[2539/3281] id=42524 status=ok (3.2s) - Chicago Apparels Ltd. | remaining: 742
[2540/3281] id=42525 status=ok (2.4s) - A S N B Garments | remaining: 741
    -> checkpoint saved to mib_factories_full.xlsx
[2541/3281] id=42526 status=ok (3.1s) - M.G Fashion | remaining: 740
[2542/3281] id=42533 status=ok (2.5s) - S.R. Fashion | remaining: 739
[2543/3281] id=4254 status=ok (2.4s) - Sinha Industries Ltd. | remaining: 738
[2544/3281] id=42544 status=ok (2.3s) - Al-Rafi Fashion | remaining: 737
[2545/3281] id=42545 status=ok (2.5s) - Mina Fashion | remaining: 736
[2546/3281] id=4257 status=ok (3.2s) - Fair Apparels Ltd. | remaining: 735
[2547/3281] id=4258 status=ok (2.5s) - United Fashion Wear Ltd. | remaining: 734
[2548/3281] id=4259 status=ok (2.5s) - Reactive Dress Maker Ltd. | remaining: 733
[2549/3281] id=426 status=ok (3.2s) - MS Knit Design Ltd. | remaining: 732
[2550/3281] id=4260 status=ok (2.5s) - HK Knit Fashion | remaining: 731
[2551/3281] id=4261 status=ok (2.3s) - Jabon Apparels Ltd. | remaining: 730
[2552/3281] id=4264 status=ok (3.0s) - Unigarden Incorporate Printing Solution | remaining: 729
[2553/3281] id=4265 status=ok (3.0s) - Baizeed Knit Garments Ltd. | remaining: 728
[2554/3281] id=4266 status=ok (3.1s) - Nirzhor Knitwear Ltd. | remaining: 727
[2555/3281] id=4269 status=ok (3.0s) - Mollah Apparels | remaining: 726
[2556/3281] id=427 status=ok (2.4s) - Glorious Dress Ltd. | remaining: 725
[2557/3281] id=4272 status=ok (2.5s) - Euro Knit Spin Garments Ltd. | remaining: 724
[2558/3281] id=4273 status=ok (3.1s) - Jubair Ahamed (Arif) Fashion | remaining: 723
[2559/3281] id=4278 status=ok (3.1s) - J. S. Attires Ltd. | remaining: 722
[2560/3281] id=4279 status=ok (3.0s) - Joy Auto Garments Ltd. | remaining: 721
    -> checkpoint saved to mib_factories_full.xlsx
[2561/3281] id=428 status=ok (2.6s) - Alpha Clothing Ltd. | remaining: 720
[2562/3281] id=4280 status=ok (2.4s) - J. N Apparels (Pvt.) Ltd. | remaining: 719
[2563/3281] id=4282 status=ok (3.2s) - Look Garments Ltd. | remaining: 718
[2564/3281] id=4284 status=ok (2.9s) - Shaikat Knitwear | remaining: 717
[2565/3281] id=4286 status=ok (3.0s) - Pritam Fashion Wear (Pvt.) Ltd. | remaining: 716
[2566/3281] id=4287 status=ok (2.4s) - Acelon Knit Composite Ltd. | remaining: 715
[2567/3281] id=4288 status=ok (2.5s) - R4 Fashion Wear (Pvt.) Ltd. | remaining: 714
[2568/3281] id=429 status=ok (3.1s) - Orient Fashion Ltd. | remaining: 713
[2569/3281] id=4290 status=ok (3.1s) - JS Cotton International | remaining: 712
[2570/3281] id=4291 status=ok (2.4s) - Raan Sports Knit Wear | remaining: 711
[2571/3281] id=4292 status=ok (3.0s) - Umeda SB Industries Ltd. | remaining: 710
[2572/3281] id=4295 status=ok (2.5s) - Maven Fashion Ltd. | remaining: 709
[2573/3281] id=4297 status=ok (3.1s) - Sayem Fashion | remaining: 708
[2574/3281] id=4298 status=ok (2.5s) - Bandhan Fashion Ltd. | remaining: 707
[2575/3281] id=4299 status=ok (1.8s) - Rahman Knit Garments Ltd. | remaining: 706
[2576/3281] id=430 status=ok (2.4s) - Golden Ducks Apparels Ltd. | remaining: 705
[2577/3281] id=4300 status=ok (2.5s) - Shohel Garments & Hosiery | remaining: 704
[2578/3281] id=4301 status=ok (3.0s) - Abanti Colour Tex Ltd. | remaining: 703
[2579/3281] id=4302 status=ok (3.1s) - Barnali Textile & Printing Industries (Pvt.) Ltd. | remaining: 702
[2580/3281] id=4303 status=ok (2.5s) - Pantex Dress Ltd. | remaining: 701
    -> checkpoint saved to mib_factories_full.xlsx
[2581/3281] id=4307 status=ok (3.1s) - Tex Asia Ltd. | remaining: 700
[2582/3281] id=4308 status=ok (2.4s) - Four Knit Wear Ltd. | remaining: 699
[2583/3281] id=4309 status=ok (3.2s) - AANE Tex BD. Ltd. | remaining: 698
[2584/3281] id=431 status=ok (2.5s) - Apparel Export Ltd. | remaining: 697
[2585/3281] id=4311 status=ok (2.5s) - Nemcon Design Ltd. | remaining: 696
[2586/3281] id=4314 status=ok (2.4s) - Samsons Winter Wear Industries Ltd. | remaining: 695
[2587/3281] id=4315 status=ok (3.1s) - Monira Knit Apparels Ltd. | remaining: 694
[2588/3281] id=4317 status=ok (2.4s) - Nazmul Hosiery (Pvt.) Ltd. | remaining: 693
[2589/3281] id=4318 status=ok (3.1s) - Garnish Sweaters Ltd. | remaining: 692
[2590/3281] id=4319 status=ok (2.4s) - Sarada Knit Wear Ltd. | remaining: 691
[2591/3281] id=432 status=ok (2.7s) - Daania Fashion Ltd. | remaining: 690
[2592/3281] id=4320 status=ok (2.5s) - Mack Knit Wear (Unit-2) | remaining: 689
[2593/3281] id=4322 status=ok (2.4s) - Bhuiyan Fabrics Ltd. | remaining: 688
[2594/3281] id=4323 status=ok (2.4s) - SIF Textile Industries Ltd. | remaining: 687
[2595/3281] id=4324 status=ok (2.4s) - Kashpean Sweater Ltd. | remaining: 686
[2596/3281] id=4328 status=ok (2.5s) - Muna Saaj Design (Unit-2) | remaining: 685
[2597/3281] id=4329 status=ok (2.5s) - Mahin Sweater Ltd. | remaining: 684
[2598/3281] id=433 status=ok (2.5s) - Ahmed Fashions | remaining: 683
[2599/3281] id=4330 status=ok (2.5s) - Knit Reflex Ltd. | remaining: 682
[2600/3281] id=4332 status=ok (2.5s) - Alif Industries Ltd. | remaining: 681
    -> checkpoint saved to mib_factories_full.xlsx
[2601/3281] id=4333 status=ok (2.6s) - Esquire Sweaters Ltd. | remaining: 680
[2602/3281] id=4339 status=ok (3.0s) - Pacific Export | remaining: 679
[2603/3281] id=4340 status=ok (2.5s) - Al-Fahad Trade Lines | remaining: 678
[2604/3281] id=4342 status=ok (1.9s) - M.M. Knitwear | remaining: 677
[2605/3281] id=4344 status=ok (2.4s) - Century Apparels Ltd. | remaining: 676
[2606/3281] id=4349 status=ok (3.1s) - Bhai Bhai Fashion | remaining: 675
[2607/3281] id=4350 status=ok (2.3s) - Rose Garden Apparels Ltd. | remaining: 674
[2608/3281] id=43501 status=ok (3.1s) - Kanij Fashion | remaining: 673
[2609/3281] id=43504 status=ok (2.5s) - Abdullah Knitwears Ltd. | remaining: 672
[2610/3281] id=4351 status=ok (3.1s) - Cosmo Knitwear (Pvt.) Ltd. | remaining: 671
[2611/3281] id=43510 status=ok (3.1s) - BDF Garments Ltd. | remaining: 670
[2612/3281] id=43513 status=ok (3.1s) - Epti Fashion | remaining: 669
[2613/3281] id=43515 status=ok (2.4s) - Orpat Sweaters Ltd. | remaining: 668
[2614/3281] id=43516 status=ok (2.4s) - FR. Fashion | remaining: 667
[2615/3281] id=4352 status=ok (2.4s) - S. S. Fashion Knitwear | remaining: 666
[2616/3281] id=4355 status=ok (2.5s) - Hanjala Textiles Park Ltd. | remaining: 665
[2617/3281] id=4358 status=ok (2.5s) - Moonlux Knit Garments Ltd. | remaining: 664
[2618/3281] id=4359 status=ok (2.3s) - Aus Bangla Jutex Ltd. | remaining: 663
[2619/3281] id=436 status=ok (2.6s) - Birds A & Z Ltd. | remaining: 662
[2620/3281] id=4360 status=ok (3.1s) - Fuji Knitwears Ltd. | remaining: 661
    -> checkpoint saved to mib_factories_full.xlsx
[2621/3281] id=4361 status=ok (1.9s) - United Costume Ltd. | remaining: 660
[2622/3281] id=4362 status=ok (2.5s) - United Knitwear (Pvt.) Ltd. | remaining: 659
[2623/3281] id=4363 status=ok (2.4s) - Modish Attires Ltd. | remaining: 658
[2624/3281] id=4365 status=ok (3.1s) - M.H.M Hosiery | remaining: 657
[2625/3281] id=4369 status=ok (3.1s) - Lethe Apparels Ltd. | remaining: 656
[2626/3281] id=437 status=ok (2.5s) - Decent Outerwear Ltd. | remaining: 655
[2627/3281] id=4371 status=ok (2.4s) - Fatullah Fabrics Ltd. | remaining: 654
[2628/3281] id=4374 status=ok (3.1s) - Seacotex Fabrics Ltd. | remaining: 653
[2629/3281] id=4376 status=ok (3.2s) - Maple Fashion Wears | remaining: 652
[2630/3281] id=4377 status=ok (2.5s) - H And R Apparels | remaining: 651
[2631/3281] id=4378 status=ok (1.9s) - Rupashi Fabrics Complex (Pvt.) Ltd. | remaining: 650
[2632/3281] id=438 status=ok (2.4s) - Impress Fashion Ltd. | remaining: 649
[2633/3281] id=4380 status=ok (2.4s) - Best Style Composite Ltd. | remaining: 648
[2634/3281] id=4382 status=ok (2.5s) - Dream Yard Attires Ltd. | remaining: 647
[2635/3281] id=4388 status=ok (2.4s) - Jakir Knit Wear | remaining: 646
[2636/3281] id=4391 status=ok (2.4s) - West Knitwear Ltd. | remaining: 645
[2637/3281] id=4392 status=ok (3.2s) - Krishnachura Fashions Ltd. | remaining: 644
[2638/3281] id=4395 status=ok (2.4s) - Goumati Knitwears Ltd. | remaining: 643
[2639/3281] id=4396 status=ok (3.1s) - M.K Sweaters | remaining: 642
[2640/3281] id=4398 status=ok (3.1s) - Vibgyor Knit Composite Ltd. (Unit-2) | remaining: 641
    -> checkpoint saved to mib_factories_full.xlsx
[2641/3281] id=4399 status=ok (2.3s) - Knit Syndicate | remaining: 640
[2642/3281] id=44 status=ok (2.5s) - Mascot Fashions Ltd. | remaining: 639
[2643/3281] id=440 status=ok (3.1s) - Golden Stitch Design Ltd. | remaining: 638
[2644/3281] id=4400 status=ok (3.1s) - J. M. Knitwear Ltd. | remaining: 637
[2645/3281] id=44007 status=ok (3.1s) - Tex Apparels | remaining: 636
[2646/3281] id=44009 status=ok (2.5s) - F M Denim Fashion | remaining: 635
[2647/3281] id=4401 status=ok (2.5s) - Amana Knittex | remaining: 634
[2648/3281] id=44010 status=ok (3.1s) - Zakaria Fashion (Unit-2) | remaining: 633
[2649/3281] id=44012 status=ok (2.3s) - Heritage Garments Ltd. | remaining: 632
[2650/3281] id=44015 status=ok (2.5s) - Raiment Calif | remaining: 631
[2651/3281] id=44018 status=ok (2.5s) - Tasmia Knit | remaining: 630
[2652/3281] id=4403 status=ok (2.5s) - Ishmam Knit Fashion | remaining: 629
[2653/3281] id=4404 status=ok (3.0s) - Opex Apparels Ltd. | remaining: 628
[2654/3281] id=4405 status=ok (2.4s) - Opex Industries Ltd. | remaining: 627
[2655/3281] id=4406 status=ok (3.2s) - ZAS Apparels (Pvt.) Ltd. | remaining: 626
[2656/3281] id=4408 status=ok (3.1s) - Fahim Apparels Ltd. | remaining: 625
[2657/3281] id=441 status=ok (3.2s) - SK Apparels Ltd. | remaining: 624
[2658/3281] id=4411 status=ok (2.5s) - Sincere Composite Ltd. | remaining: 623
[2659/3281] id=4413 status=ok (2.5s) - West Best Attires Ltd. | remaining: 622
[2660/3281] id=4414 status=ok (3.1s) - Tunic Style Wear Ltd. | remaining: 621
    -> checkpoint saved to mib_factories_full.xlsx
[2661/3281] id=4415 status=ok (3.1s) - Arobi Hosiery & Garments | remaining: 620
[2662/3281] id=442 status=ok (2.5s) - Snowtex Outerwear Ltd. | remaining: 619
[2663/3281] id=4422 status=ok (3.1s) - Rajmoni Apparels (Pvt.) Ltd. | remaining: 618
[2664/3281] id=4423 status=ok (2.4s) - Tamai Knit Fashion Ltd. | remaining: 617
[2665/3281] id=4424 status=ok (3.1s) - Star Union Fashion | remaining: 616
[2666/3281] id=4425 status=ok (2.4s) - Scarlet Knitwears Ltd. | remaining: 615
[2667/3281] id=4426 status=ok (2.3s) - M B Knit Fashion Ltd. | remaining: 614
[2668/3281] id=4427 status=ok (2.3s) - Knit Men Composite Ltd. | remaining: 613
[2669/3281] id=4428 status=ok (3.0s) - Uro Knit Sourcing Ltd. | remaining: 612
[2670/3281] id=443 status=ok (2.5s) - Enayet Garments Ltd. | remaining: 611
[2671/3281] id=4435 status=ok (3.1s) - Russel Garments | remaining: 610
[2672/3281] id=4438 status=ok (2.4s) - A. M. S Knitwear Ltd. | remaining: 609
[2673/3281] id=4439 status=ok (3.0s) - Al-Rayan Fashion Ltd. | remaining: 608
[2674/3281] id=4440 status=ok (2.0s) - Nemrac Design Ltd. | remaining: 607
[2675/3281] id=4444 status=ok (3.2s) - Badhan Knit Fashion Ltd. | remaining: 606
[2676/3281] id=4445 status=ok (3.1s) - Fair Cotton (Pvt.) Ltd. | remaining: 605
[2677/3281] id=4449 status=ok (2.9s) - Time Knitwear (Pvt.) Ltd. | remaining: 604
[2678/3281] id=445 status=ok (2.4s) - A.K.J. Fashions Fabrics Ltd. | remaining: 603
[2679/3281] id=4451 status=ok (3.2s) - Latif Knitting Mills Ltd. | remaining: 602
[2680/3281] id=4454 status=ok (3.1s) - Kazi Attires Ltd. | remaining: 601
    -> checkpoint saved to mib_factories_full.xlsx
[2681/3281] id=4456 status=ok (1.9s) - Tangon Knit-Wear Ltd. | remaining: 600
[2682/3281] id=4461 status=ok (2.4s) - Sarp Composite Ltd. | remaining: 599
[2683/3281] id=4462 status=ok (2.4s) - Navy Hosiery | remaining: 598
[2684/3281] id=4464 status=ok (3.1s) - Z S Garments | remaining: 597
[2685/3281] id=4465 status=ok (3.2s) - SM Knit Wear | remaining: 596
[2686/3281] id=4466 status=ok (2.5s) - R. B Knitwears Ltd. | remaining: 595
[2687/3281] id=447 status=ok (2.4s) - Intraco Fashion Ltd. | remaining: 594
[2688/3281] id=4470 status=ok (3.1s) - M.S. Dyeing, Printing & Finishing Ltd. | remaining: 593
[2689/3281] id=4471 status=ok (3.2s) - Fariha Knit Tex Ltd. | remaining: 592
[2690/3281] id=4472 status=ok (2.4s) - Safia Apparels Ltd. | remaining: 591
[2691/3281] id=4477 status=ok (2.5s) - The Life Fashion | remaining: 590
[2692/3281] id=4478 status=ok (3.0s) - Radical Design Ltd. | remaining: 589
[2693/3281] id=448 status=ok (3.1s) - Intraco Design Ltd. | remaining: 588
[2694/3281] id=4480 status=ok (2.4s) - K.C. Lingerie Ltd. | remaining: 587
[2695/3281] id=4481 status=ok (3.2s) - Marry Fashion Knedtext | remaining: 586
[2696/3281] id=4484 status=ok (3.3s) - B. Brothers Garments Co. Ltd. | remaining: 585
[2697/3281] id=4486 status=ok (3.2s) - Abloom Design Ltd. | remaining: 584
[2698/3281] id=4488 status=ok (2.5s) - Alpine Knit Fabrics Ltd. | remaining: 583
[2699/3281] id=4489 status=ok (3.1s) - Palash Apparels Ltd. | remaining: 582
[2700/3281] id=449 status=ok (3.1s) - Apparel Gallery Ltd. | remaining: 581
    -> checkpoint saved to mib_factories_full.xlsx
[2701/3281] id=4490 status=ok (2.5s) - Robintex (Bangladesh) Ltd. | remaining: 580
[2702/3281] id=4492 status=ok (1.8s) - A.B. Sweater Industries (BD) Ltd. | remaining: 579
[2703/3281] id=4493 status=ok (3.1s) - Tricot Fashion Ltd. | remaining: 578
[2704/3281] id=4495 status=ok (3.1s) - Favourite Knit Wears Ltd. | remaining: 577
[2705/3281] id=45 status=ok (3.1s) - Yara Knit Wear Ltd. | remaining: 576
[2706/3281] id=450 status=ok (2.6s) - Refat Garments Ltd. | remaining: 575
[2707/3281] id=4500 status=ok (3.1s) - Riverstar Fashion Wear Ltd. | remaining: 574
[2708/3281] id=45008 status=ok (3.1s) - S.K Enterprise | remaining: 573
[2709/3281] id=45010 status=ok (2.4s) - Allama Garments | remaining: 572
[2710/3281] id=4502 status=ok (3.1s) - Claxton Apparels and Textiles Ltd. | remaining: 571
[2711/3281] id=4504 status=ok (2.5s) - East Coast Knitwears (Pvt.) Ltd. | remaining: 570
[2712/3281] id=4507 status=ok (3.1s) - United Apparels | remaining: 569
[2713/3281] id=4508 status=ok (2.4s) - Unitex Cotton Wear (Pvt.) Ltd. | remaining: 568
[2714/3281] id=4509 status=ok (2.5s) - Sameer & Co. | remaining: 567
[2715/3281] id=451 status=ok (3.3s) - Harun Twisting Ind. (Pvt.) Ltd. | remaining: 566
[2716/3281] id=4510 status=ok (3.1s) - Liberty Knitwear Ltd. | remaining: 565
[2717/3281] id=4511 status=ok (1.8s) - Gramtech Knit Dye. Finishing & Gmts. Ind. Ltd. | remaining: 564
[2718/3281] id=4515 status=ok (3.2s) - Mother Sweater Ltd. (Unit-2) | remaining: 563
[2719/3281] id=4519 status=ok (2.4s) - Ahsan Apparels Ltd. | remaining: 562
[2720/3281] id=452 status=ok (1.8s) - South Bengal Apparels & Bartick Boutique Ltd. | remaining: 561
    -> checkpoint saved to mib_factories_full.xlsx
[2721/3281] id=4521 status=ok (3.2s) - 5S Composite Ltd. | remaining: 560
[2722/3281] id=4522 status=ok (3.0s) - Kappa Fashion Wear Ltd. | remaining: 559
[2723/3281] id=4523 status=ok (2.4s) - RMW Fashionwear Ltd. | remaining: 558
[2724/3281] id=4525 status=ok (2.4s) - Design Destination Ltd. | remaining: 557
[2725/3281] id=4527 status=ok (3.1s) - Raks Fashion Ltd. | remaining: 556
[2726/3281] id=4529 status=ok (2.5s) - NRG Knit-Composite | remaining: 555
[2727/3281] id=453 status=ok (3.2s) - Design & Fashion Ltd. | remaining: 554
[2728/3281] id=4530 status=ok (2.3s) - Ahsan Knitting Ltd. | remaining: 553
[2729/3281] id=4531 status=ok (2.5s) - Fatullah Apparels Ltd. | remaining: 552
[2730/3281] id=4532 status=ok (2.3s) - Sarder Apparels | remaining: 551
[2731/3281] id=4533 status=ok (2.4s) - Al-Amin Export Ltd. | remaining: 550
[2732/3281] id=4537 status=ok (2.4s) - Anowara Fashions Ltd. | remaining: 549
[2733/3281] id=4538 status=ok (3.0s) - Prisma Apparel | remaining: 548
[2734/3281] id=4539 status=ok (3.1s) - Chaity Composite Ltd. | remaining: 547
[2735/3281] id=4540 status=ok (2.4s) - Edgeway BD Ltd. | remaining: 546
[2736/3281] id=4541 status=ok (2.5s) - A.M. Fashion | remaining: 545
[2737/3281] id=4544 status=ok (3.1s) - Khatun Knit Wear Ltd. | remaining: 544
[2738/3281] id=4546 status=ok (3.1s) - Four Design (Pvt.) Ltd. | remaining: 543
[2739/3281] id=4547 status=ok (3.1s) - Brother Knit Composite Ltd. | remaining: 542
[2740/3281] id=4548 status=ok (2.3s) - Zian Tex Ltd. | remaining: 541
    -> checkpoint saved to mib_factories_full.xlsx
[2741/3281] id=455 status=ok (2.5s) - Comfort Apparels (Pvt.) Ltd. | remaining: 540
[2742/3281] id=4550 status=ok (3.3s) - Cadtex Garments Ltd. | remaining: 539
[2743/3281] id=45506 status=ok (2.4s) - Woania Garments | remaining: 538
[2744/3281] id=45508 status=ok (2.5s) - Smart Wear Fashion Ltd. | remaining: 537
[2745/3281] id=45509 status=ok (3.0s) - Advance Garments | remaining: 536
[2746/3281] id=45510 status=ok (3.1s) - R.R. Dynamic Garments | remaining: 535
[2747/3281] id=45516 status=ok (3.0s) - JIS Apparels BD Ltd. | remaining: 534
[2748/3281] id=4552 status=ok (2.5s) - Lereve Knitwear Ltd. | remaining: 533
[2749/3281] id=4553 status=ok (3.1s) - Knit Garden (Pvt.) Ltd. | remaining: 532
[2750/3281] id=4557 status=ok (2.4s) - Automation Knit Wear Ltd. | remaining: 531
[2751/3281] id=4559 status=ok (3.4s) - Knit Radix Ltd. | remaining: 530
[2752/3281] id=456 status=ok (3.5s) - Comfort Knit Fashion Ltd. | remaining: 529
[2753/3281] id=457 status=ok (2.3s) - Salma Fashion Wear Ltd. | remaining: 528
[2754/3281] id=458 status=ok (3.1s) - AKR Fashions Ltd. | remaining: 527
[2755/3281] id=459 status=ok (2.5s) - HRB Apparels Ltd. | remaining: 526
[2756/3281] id=46 status=ok (2.5s) - Mascot Garments Ltd. | remaining: 525
[2757/3281] id=460 status=ok (2.5s) - Global Attire Ltd. | remaining: 524
[2758/3281] id=462 status=ok (2.5s) - Good Day Apparels Ltd. | remaining: 523
[2759/3281] id=463 status=ok (2.3s) - Masud Apparels Ltd. | remaining: 522
[2760/3281] id=464 status=ok (1.8s) - Seha Apparels Int'l Ltd. | remaining: 521
    -> checkpoint saved to mib_factories_full.xlsx
[2761/3281] id=466 status=ok (2.4s) - Radiance Knitwears Ltd. | remaining: 520
[2762/3281] id=468 status=ok (3.5s) - Ornate International Ltd. | remaining: 519
[2763/3281] id=469 status=ok (2.4s) - Excom Fashions Ltd. | remaining: 518
[2764/3281] id=47 status=ok (2.9s) - Mascot Knits Ltd. | remaining: 517
[2765/3281] id=470 status=ok (2.4s) - Salman Adnan (Pvt.) Ltd. | remaining: 516
[2766/3281] id=471 status=ok (2.5s) - Azim & Sons (Pvt.) Ltd. | remaining: 515
[2767/3281] id=473 status=ok (3.1s) - Al-Ghousia Textiles Ltd. | remaining: 514
[2768/3281] id=474 status=ok (2.5s) - Pullman Knitwear (Pvt.) Ltd. | remaining: 513
[2769/3281] id=475 status=ok (3.2s) - Samia Garments (Pvt.) Ltd. | remaining: 512
[2770/3281] id=476 status=ok (2.5s) - Z-3 Composite Knitwear Ltd. | remaining: 511
[2771/3281] id=479 status=ok (3.2s) - Snowtex Apparels Ltd. | remaining: 510
[2772/3281] id=48 status=ok (2.6s) - Navid Knit Fabrics Ltd. | remaining: 509
[2773/3281] id=481 status=ok (3.3s) - Jokky Garments Ltd. | remaining: 508
[2774/3281] id=482 status=ok (3.2s) - A.R.R. Dismatics Ltd. | remaining: 507
[2775/3281] id=483 status=ok (2.5s) - Zoom Sweaters Ltd. | remaining: 506
[2776/3281] id=484 status=ok (3.1s) - Irene Knitwear Ltd. | remaining: 505
[2777/3281] id=485 status=ok (3.1s) - ATS Jeans Wear (Pvt.) Ltd. | remaining: 504
[2778/3281] id=48501 status=ok (2.3s) - Araf Fashions Ltd. | remaining: 503
[2779/3281] id=486 status=ok (3.0s) - Redwan Tex & Apparels Ltd. | remaining: 502
[2780/3281] id=487 status=ok (3.0s) - Achieve Fashion Ltd. | remaining: 501
    -> checkpoint saved to mib_factories_full.xlsx
[2781/3281] id=488 status=ok (3.1s) - Fine Crafts Ltd. | remaining: 500
[2782/3281] id=490 status=ok (3.1s) - Amichi Apparels Ltd. | remaining: 499
[2783/3281] id=491 status=ok (2.5s) - Jeans Manufacturing Co. Ltd. | remaining: 498
[2784/3281] id=492 status=ok (2.5s) - Rey-Tex Fashion Wears Ltd. | remaining: 497
[2785/3281] id=495 status=ok (2.9s) - Polite Apparels Ltd. | remaining: 496
[2786/3281] id=496 status=ok (2.4s) - Vintage Garments Ltd. | remaining: 495
[2787/3281] id=497 status=ok (2.5s) - Sigma Fashions Ltd. | remaining: 494
[2788/3281] id=50 status=ok (3.1s) - Nofs Garments Ltd. | remaining: 493
[2789/3281] id=500 status=ok (3.0s) - Fashion House (Southern) Ltd. | remaining: 492
[2790/3281] id=501 status=ok (2.4s) - Millennium Textiles (Southern) Ltd. | remaining: 491
[2791/3281] id=503 status=ok (2.4s) - The Finery Ltd. | remaining: 490
[2792/3281] id=505 status=ok (3.1s) - Diamond Sweater Industries Ltd. | remaining: 489
[2793/3281] id=507 status=ok (2.5s) - Rapid Design Ltd. | remaining: 488
[2794/3281] id=508 status=ok (2.4s) - Seven Links Apparels Ltd. | remaining: 487
[2795/3281] id=51 status=ok (3.1s) - Apparel Today Ltd. | remaining: 486
[2796/3281] id=510 status=ok (3.1s) - Apparel Industry Ltd. | remaining: 485
[2797/3281] id=512 status=ok (2.4s) - Apparel Crafts Ltd. | remaining: 484
[2798/3281] id=513 status=ok (2.5s) - Gimex Clothing Ltd. | remaining: 483
[2799/3281] id=514 status=ok (3.1s) - Susuka Knit Ltd. | remaining: 482
[2800/3281] id=515 status=ok (2.4s) - Southern Services Ltd. | remaining: 481
    -> checkpoint saved to mib_factories_full.xlsx
[2801/3281] id=51501 status=ok (3.1s) - Afifa Apparels Ltd. | remaining: 480
[2802/3281] id=516 status=ok (2.4s) - BLJ Apparels Ltd. | remaining: 479
[2803/3281] id=518 status=ok (2.4s) - Dynamic Sweater Inds. Ltd. | remaining: 478
[2804/3281] id=52 status=ok (2.5s) - Bando Apparels Ltd. | remaining: 477
[2805/3281] id=520 status=ok (3.3s) - Nipa Fashion Wear Industry Ltd. | remaining: 476
[2806/3281] id=521 status=ok (3.0s) - Nipa Knit Wear Company | remaining: 475
[2807/3281] id=522 status=ok (2.3s) - Selina Apparels Ltd. | remaining: 474
[2808/3281] id=523 status=ok (2.4s) - The Faiyaz Ltd. | remaining: 473
[2809/3281] id=524 status=ok (2.5s) - Versatile Apparel (Pvt.) Ltd. | remaining: 472
[2810/3281] id=525 status=ok (2.3s) - Versatile Fashions (Pvt.) Ltd. | remaining: 471
[2811/3281] id=52510 status=ok (1.8s) - Maria Fashion | remaining: 470
[2812/3281] id=52513 status=ok (3.1s) - New Faysal Garments | remaining: 469
[2813/3281] id=52516 status=ok (3.1s) - Fashion Linkers Ltd. | remaining: 468
[2814/3281] id=526 status=ok (4.5s) - Dishang Sweater Ltd. | remaining: 467
[2815/3281] id=527 status=ok (3.0s) - Top Tex Sweaters Ltd. | remaining: 466
[2816/3281] id=53 status=ok (3.0s) - Southern Designers Ltd. | remaining: 465
[2817/3281] id=530 status=ok (2.6s) - Active Composite Mills Ltd. | remaining: 464
[2818/3281] id=53007 status=ok (3.1s) - Soha Apparels | remaining: 463
[2819/3281] id=53008 status=ok (2.5s) - Ornate Fashion | remaining: 462
[2820/3281] id=53009 status=ok (3.3s) - Sadakah Fashion | remaining: 461
    -> checkpoint saved to mib_factories_full.xlsx
[2821/3281] id=531 status=ok (1.8s) - Sonia & Sweaters Ltd. | remaining: 460
[2822/3281] id=532 status=ok (3.1s) - Beq Knit Ltd. | remaining: 459
[2823/3281] id=533 status=ok (2.5s) - Southeast Sweaters Ltd. | remaining: 458
[2824/3281] id=534 status=ok (2.5s) - Swan Jeans Ltd. | remaining: 457
[2825/3281] id=536 status=ok (2.4s) - Faiyaz Apparel Ltd. | remaining: 456
[2826/3281] id=537 status=ok (5.0s) - Dhaka Pullovers Ltd. | remaining: 455
[2827/3281] id=539 status=ok (3.9s) - Shasha Garments Ltd. | remaining: 454
[2828/3281] id=54004 status=ok (2.3s) - Abedin Garments Ltd. | remaining: 453
[2829/3281] id=541 status=ok (3.1s) - Jams Design Ltd. | remaining: 452
[2830/3281] id=543 status=ok (2.5s) - Himalay Sourcing Ltd. | remaining: 451
[2831/3281] id=544 status=ok (3.1s) - Avrora Fashion Ltd. | remaining: 450
[2832/3281] id=54501 status=ok (2.5s) - Anannya Socks & Inners Industries Ltd. | remaining: 449
[2833/3281] id=546 status=ok (2.4s) - Needs Fashions (Pvt.) Ltd. | remaining: 448
[2834/3281] id=547 status=ok (2.4s) - Artistic Design Ltd. | remaining: 447
[2835/3281] id=55 status=ok (3.2s) - Ratul Knit Wears Ltd. | remaining: 446
[2836/3281] id=550 status=ok (2.5s) - Way Mart Apparels Ltd. | remaining: 445
[2837/3281] id=553 status=ok (2.4s) - Unicorn Sweaters Ltd. | remaining: 444
[2838/3281] id=554 status=ok (3.2s) - Aswad Composite Mills Ltd. (Unit-2) | remaining: 443
[2839/3281] id=55501 status=ok (3.1s) - Design & Source Ltd. | remaining: 442
[2840/3281] id=557 status=ok (3.0s) - Cold Asia Sweater Ltd. | remaining: 441
    -> checkpoint saved to mib_factories_full.xlsx
[2841/3281] id=559 status=ok (2.3s) - Bangla-Japan Trading Ltd. | remaining: 440
[2842/3281] id=56 status=ok (2.5s) - Ratul Fabrics Ltd. | remaining: 439
[2843/3281] id=561 status=ok (3.1s) - Tex Town Ltd. | remaining: 438
[2844/3281] id=562 status=ok (1.9s) - Ornate Knit Garment Industries Ltd. | remaining: 437
[2845/3281] id=564 status=ok (2.5s) - Matrix Dresses Ltd. | remaining: 436
[2846/3281] id=565 status=ok (2.5s) - The Civil Engineers Woven Ltd. | remaining: 435
[2847/3281] id=567 status=ok (2.4s) - Shams Styling Wears Ltd. | remaining: 434
[2848/3281] id=570 status=ok (3.2s) - Mohammadi Fashion Sweaters Ltd. | remaining: 433
[2849/3281] id=57201 status=ok (3.1s) - Star Mark Fashion | remaining: 432
[2850/3281] id=575 status=ok (2.3s) - Opex Fashions Ltd. | remaining: 431
[2851/3281] id=576 status=ok (2.5s) - Opex Garments Ltd. | remaining: 430
[2852/3281] id=58 status=ok (2.6s) - Farnoor Garments Ltd. | remaining: 429
[2853/3281] id=581 status=ok (3.1s) - Ananta Apparels Ltd. | remaining: 428
[2854/3281] id=582 status=ok (2.3s) - Ananta Fashion Ltd. | remaining: 427
[2855/3281] id=583 status=ok (2.5s) - S. Suhi Industrial Park Ltd. | remaining: 426
[2856/3281] id=585 status=ok (2.3s) - A.S.S Knitwear Ltd. | remaining: 425
[2857/3281] id=588 status=ok (2.3s) - Softex Sweater Inds. (Pvt.) Ltd. | remaining: 424
[2858/3281] id=59 status=ok (1.9s) - Kaniz Garments Ltd. | remaining: 423
[2859/3281] id=591 status=ok (3.4s) - Graphics Textiles Ltd. | remaining: 422
[2860/3281] id=592 status=ok (2.0s) - Bando Eco Apparels Ltd. | remaining: 421
    -> checkpoint saved to mib_factories_full.xlsx
[2861/3281] id=59211 status=ok (2.3s) - New Celebrity Garments Ltd. | remaining: 420
[2862/3281] id=59215 status=ok (2.2s) - Jeans And Jackets Ltd. | remaining: 419
[2863/3281] id=593 status=ok (2.2s) - Aman Graphics & Designs Ltd. | remaining: 418
[2864/3281] id=594 status=ok (2.1s) - APS Design Works Ltd. | remaining: 417
[2865/3281] id=596 status=ok (2.3s) - Continental Garments Inds. (Pvt.) Ltd. | remaining: 416
[2866/3281] id=598 status=ok (1.9s) - MBM Garments Ltd. | remaining: 415
[2867/3281] id=599 status=ok (1.9s) - MBM Fashion Wear Ltd. | remaining: 414
[2868/3281] id=60 status=ok (2.6s) - The Civil Engineers Ltd. | remaining: 413
[2869/3281] id=60006 status=ok (3.3s) - AM Woven Fashion | remaining: 412
[2870/3281] id=60011 status=ok (2.0s) - Celebrity Export Garments Ltd. (Unit-2) | remaining: 411
[2871/3281] id=60012 status=ok (2.2s) - Celebrity Export Garments Ltd. (Unit-3) | remaining: 410
[2872/3281] id=603 status=ok (2.5s) - Root Apparels Ltd. | remaining: 409
[2873/3281] id=607 status=ok (2.6s) - Genetic Fashions Ltd. | remaining: 408
[2874/3281] id=61 status=ok (2.4s) - Vertex Fashion Ltd. | remaining: 407
[2875/3281] id=610 status=ok (2.6s) - South End Sweater Co. Ltd. | remaining: 406
[2876/3281] id=61160 status=ok (2.2s) - E R Z Apparels | remaining: 405
[2877/3281] id=61241 status=ok (2.3s) - One Piece Fashion Ltd. | remaining: 404
[2878/3281] id=61242 status=ok (2.0s) - A-Line Apparels Ltd. | remaining: 403
[2879/3281] id=61245 status=ok (2.5s) - Bengal Glory Ltd. | remaining: 402
[2880/3281] id=613 status=ok (2.0s) - Emaz Fashion Wear Ltd. | remaining: 401
    -> checkpoint saved to mib_factories_full.xlsx
[2881/3281] id=61371 status=ok (2.0s) - Adiba Apparels | remaining: 400
[2882/3281] id=61505 status=ok (2.5s) - Tasin Enterprise | remaining: 399
[2883/3281] id=61676 status=ok (2.3s) - HK Global Knitwear | remaining: 398
[2884/3281] id=617 status=ok (1.9s) - Shamsher Apparels Ltd. | remaining: 397
[2885/3281] id=618 status=ok (2.2s) - Shagore Garments Ltd. | remaining: 396
[2886/3281] id=61826 status=ok (2.0s) - Mash Fashion | remaining: 395
[2887/3281] id=61863 status=ok (1.9s) - A.N. Enterprise | remaining: 394
[2888/3281] id=620 status=ok (2.8s) - Hossains Ltd. | remaining: 393
[2889/3281] id=621 status=ok (2.4s) - Hossains Ltd. (Unit-3) | remaining: 392
[2890/3281] id=62117 status=ok (2.4s) - R. R. Traders | remaining: 391
[2891/3281] id=622 status=ok (2.5s) - Hossains Ltd. (Unit-2) | remaining: 390

Building final Excel file...
Saved D:\work\BIDS\BGMEA\bids-map-analysis\excel\mib_factories_full.xlsx
This run: 2892 scraped, 0 login pause(s).
Traceback (most recent call last):
  File "D:\work\BIDS\BGMEA\bids-map-analysis\scraper\scrape_mib.py", line 230, in <module>
    main()
  File "D:\work\BIDS\BGMEA\bids-map-analysis\scraper\scrape_mib.py", line 211, in main
    print(f"[{i}/{remaining}] id={fid} status={status} ({elapsed:.1f}s) - {name} "
  File "C:\Users\hp\AppData\Local\Programs\Python\Python310\lib\encodings\cp1252.py", line 19, in encode
    return codecs.charmap_encode(input,self.errors,encoding_table)[0]
UnicodeEncodeError: 'charmap' codec can't encode character '\u2010' in position 42: character maps to <undefined>
Reading factory URLs from excel\mib_factories.xlsx
Found 3281 factory URLs.
Already scraped (resumable): 2892 (2891 ok, 1 need retry)
Connecting to Chrome at 127.0.0.1:9222 ...
Connected. Starting scrape. Press Ctrl+C to stop at any time (safe to resume).

[1/390] id=4076 status=placeholder_suspect (49.2s) - New Uday Sweaters | remaining: 389
[2/390] id=62293 status=ok (2.0s) - L.R.J Fashion | remaining: 388
[3/390] id=623 status=ok (2.4s) - Corona Fashion Ltd. | remaining: 387
[4/390] id=624 status=ok (2.6s) - TBH Fashion Tex. (Pvt.) Ltd. | remaining: 386
[5/390] id=62559 status=ok (1.9s) - Harrods Knit Wear Ltd. (Unit-2) | remaining: 385
[6/390] id=62578 status=ok (2.5s) - M.I. Khan Fashion | remaining: 384
[7/390] id=62585 status=ok (2.6s) - A.S.K. Fashion | remaining: 383
[8/390] id=62596 status=ok (2.3s) - HaMi Apparels Ltd. | remaining: 382
[9/390] id=626 status=ok (1.9s) - IFL Factory Ltd. | remaining: 381
[10/390] id=627 status=ok (2.1s) - Iftee Fashion Ltd. | remaining: 380
[11/390] id=62701 status=ok (4.0s) - HK Global Knitwear Ltd. | remaining: 379
[12/390] id=62711 status=ok (1.9s) - ARM Fashion | remaining: 378
[13/390] id=62722 status=ok (2.0s) - My Denim Garments | remaining: 377
[14/390] id=62724 status=ok (2.3s) - Zamzami Fashion | remaining: 376
[15/390] id=62725 status=ok (2.0s) - ABM Fashion Wear | remaining: 375
[16/390] id=62731 status=ok (2.4s) - Cotton View | remaining: 374
[17/390] id=62732 status=ok (2.5s) - Anabia Fashion | remaining: 373
[18/390] id=62733 status=ok (2.4s) - Mayer Dowa Apparels | remaining: 372
[19/390] id=62734 status=ok (1.9s) - Brannerson Apparel Ltd. | remaining: 371
[20/390] id=62741 status=ok (1.9s) - Meghla Fashion | remaining: 370
    -> checkpoint saved to mib_factories_full.xlsx
[21/390] id=62743 status=ok (2.2s) - Ayman Fashion | remaining: 369
[22/390] id=62744 status=ok (2.6s) - ZA Apparels Ltd. | remaining: 368
[23/390] id=62745 status=ok (2.0s) - Rim Tex Fashion | remaining: 367
[24/390] id=62751 status=ok (2.4s) - A. M. Fashion | remaining: 366
[25/390] id=62752 status=ok (2.4s) - Rafin Knitwears Ltd. | remaining: 365
[26/390] id=62753 status=ok (2.4s) - Purplix Apparels Ltd. | remaining: 364
[27/390] id=62771 status=ok (2.5s) - Trendy Choice Ltd. | remaining: 363
[28/390] id=628 status=ok (2.5s) - Shafi Knit Ltd. | remaining: 362
[29/390] id=63 status=ok (2.0s) - Ducati Apparels Ltd. | remaining: 361
[30/390] id=630 status=ok (4.6s) - Spartan Fashions Ltd. | remaining: 360
[31/390] id=634 status=ok (2.5s) - Torque Fashions Ltd. | remaining: 359
[32/390] id=63502 status=ok (2.6s) - Farha Fashion House | remaining: 358
[33/390] id=63506 status=ok (2.0s) - Madina Fashion & Design | remaining: 357
[34/390] id=63507 status=ok (2.8s) - SBS Collection | remaining: 356
[35/390] id=63508 status=ok (2.6s) - Golden Touch Apparel | remaining: 355
[36/390] id=63510 status=ok (2.0s) - MS Fashion | remaining: 354
[37/390] id=63513 status=ok (2.3s) - 3G Fashion Ltd. | remaining: 353
[38/390] id=63517 status=ok (2.5s) - MKS Fashion | remaining: 352
[39/390] id=63519 status=ok (2.5s) - JMS Design Ltd. | remaining: 351
[40/390] id=63520 status=ok (3.0s) - Mim Fashion | remaining: 350
    -> checkpoint saved to mib_factories_full.xlsx
[41/390] id=637 status=ok (2.4s) - Naba Knit Composite Ltd. | remaining: 349
[42/390] id=638 status=ok (1.9s) - Crystal Apparels Ltd. | remaining: 348
[43/390] id=64 status=ok (2.5s) - Shamsher Rezia Fashions Ltd. | remaining: 347
[44/390] id=641 status=ok (1.9s) - J.L. Sweater Ltd. | remaining: 346
[45/390] id=642 status=ok (2.4s) - Reza Fashions Ltd. | remaining: 345
[46/390] id=643 status=ok (1.9s) - Majhees Textile Mills Ltd. | remaining: 344
[47/390] id=644 status=ok (2.5s) - The Dress & The Ideas | remaining: 343
[48/390] id=645 status=ok (3.1s) - Orbid Apparels Ltd. | remaining: 342
[49/390] id=64602 status=ok (2.2s) - RIO Fashion Wear Ltd. (Unit-2) | remaining: 341
[50/390] id=64609 status=ok (1.9s) - Banga Garments Ltd. | remaining: 340
[51/390] id=64610 status=ok (2.0s) - M.E. Fashion Trade | remaining: 339
[52/390] id=64611 status=ok (1.9s) - Arwa Fashion | remaining: 338
[53/390] id=64803 status=ok (2.4s) - C.B.M. International Ltd. | remaining: 337
[54/390] id=64807 status=ok (1.9s) - Sadman Fashion Ltd. | remaining: 336
[55/390] id=64808 status=ok (1.9s) - Mehedi Fashion Ltd. | remaining: 335
[56/390] id=649 status=ok (2.3s) - Amena (Pvt.) Ltd. | remaining: 334
[57/390] id=65 status=ok (2.6s) - KA Design Ltd. | remaining: 333
[58/390] id=650 status=ok (2.6s) - Cosmopolitan Inds. (Pvt.) Ltd. | remaining: 332
[59/390] id=65005 status=ok (2.0s) - Rubana Fashion | remaining: 331
[60/390] id=65013 status=ok (3.1s) - Matrix Dresses Ltd. (Unit-2) | remaining: 330
    -> checkpoint saved to mib_factories_full.xlsx
[61/390] id=651 status=ok (3.1s) - Spring Trade Ltd. | remaining: 329
[62/390] id=65101 status=ok (1.9s) - M&N Fashion | remaining: 328
[63/390] id=652 status=ok (2.4s) - Radiance Jeans Ltd. | remaining: 327
[64/390] id=65204 status=ok (3.1s) - Techstream Corporation Ltd. | remaining: 326
[65/390] id=65205 status=ok (2.6s) - Tania Fashion | remaining: 325
[66/390] id=653 status=ok (2.5s) - Radiance Fashion Ltd. | remaining: 324
[67/390] id=655 status=ok (2.4s) - Eve Dress-Shirts Ltd. | remaining: 323
[68/390] id=65505 status=ok (2.4s) - Mollah Knitwears Ltd. | remaining: 322
[69/390] id=65512 status=ok (3.0s) - Seemly Fashion Ltd. | remaining: 321
[70/390] id=65541 status=ok (2.5s) - DJ Knit Wear Fashion | remaining: 320
[71/390] id=65542 status=ok (1.9s) - Saif Fashion | remaining: 319
[72/390] id=65543 status=ok (2.3s) - Arna Fashion | remaining: 318
[73/390] id=65551 status=ok (3.4s) - Rig Apparels | remaining: 317
[74/390] id=65552 status=ok (3.2s) - Eleven Apparels Ltd. | remaining: 316
[75/390] id=65553 status=ok (3.2s) - Yes Green Fashion Ltd. | remaining: 315
[76/390] id=65554 status=ok (3.1s) - Bitex Creations Ltd. | remaining: 314
[77/390] id=65555 status=ok (2.6s) - Beauty Fashion | remaining: 313
[78/390] id=65562 status=ok (2.5s) - A.R. Azad Apparels OPC | remaining: 312
[79/390] id=65563 status=ok (2.3s) - Future Apparels & Accessories | remaining: 311
[80/390] id=65565 status=ok (3.0s) - Kaif Maliha Apparels Ltd. | remaining: 310
    -> checkpoint saved to mib_factories_full.xlsx
[81/390] id=65569 status=ok (2.5s) - Divine Apparels | remaining: 309
[82/390] id=65572 status=ok (3.1s) - Top3 Fashion | remaining: 308
[83/390] id=65581 status=ok (2.3s) - Towhid Knitwear Ltd. | remaining: 307
[84/390] id=656 status=ok (2.4s) - 3A Fashions Ltd. | remaining: 306
[85/390] id=657 status=ok (3.0s) - Samira Fashion | remaining: 305
[86/390] id=658 status=ok (2.3s) - SAR International Clothing | remaining: 304
[87/390] id=66 status=ok (3.1s) - A Plus Industries Ltd. | remaining: 303
[88/390] id=662 status=ok (2.9s) - Zon Ron Sweaters Ltd. | remaining: 302
[89/390] id=66506 status=ok (2.3s) - Rifat & Sifat Apparels Ltd. | remaining: 301
[90/390] id=66507 status=ok (1.9s) - R.R. Fashion | remaining: 300
[91/390] id=66508 status=ok (2.4s) - 2 Star Cap Factory | remaining: 299
[92/390] id=66511 status=ok (3.1s) - M2B Knit Wear | remaining: 298
[93/390] id=66513 status=ok (3.0s) - Festive Apparels | remaining: 297
[94/390] id=66517 status=ok (2.5s) - Swapno Bunon Tex Ltd. | remaining: 296
[95/390] id=66518 status=ok (3.1s) - Brother Trade Wear | remaining: 295
[96/390] id=66519 status=ok (2.4s) - Shanzana Fashion | remaining: 294
[97/390] id=66520 status=ok (3.1s) - Maria Fashion | remaining: 293
[98/390] id=66525 status=ok (3.1s) - Sikder Fashion | remaining: 292
[99/390] id=66528 status=ok (2.5s) - Sawda Fashion | remaining: 291
[100/390] id=66532 status=ok (3.1s) - Needle Fighter Apparels Ltd. | remaining: 290
    -> checkpoint saved to mib_factories_full.xlsx
[101/390] id=66537 status=ok (2.3s) - Imagine Fashion Ltd. | remaining: 289
[102/390] id=66542 status=ok (3.1s) - AKR Fashion | remaining: 288
[103/390] id=666 status=ok (3.1s) - ONR Sweater Ltd. | remaining: 287
[104/390] id=668 status=ok (2.3s) - A J Fashions Ltd. | remaining: 286
[105/390] id=67 status=ok (2.4s) - Rising Fashions Ltd. | remaining: 285
[106/390] id=670 status=ok (2.4s) - Evince Ltd. | remaining: 284
[107/390] id=671 status=ok (3.2s) - Skyline Garments Ltd. | remaining: 283
[108/390] id=672 status=ok (3.0s) - Skyline Apparels Ltd. | remaining: 282
[109/390] id=673 status=ok (2.5s) - Good Rich Sweaters Ltd. | remaining: 281
[110/390] id=674 status=ok (3.1s) - Anzir Apparels Ltd. | remaining: 280
[111/390] id=675 status=ok (2.4s) - Prime Cap (BD) Ltd. | remaining: 279
[112/390] id=677 status=ok (2.5s) - K.C Bottom & Shirt Wear Company | remaining: 278
[113/390] id=678 status=ok (2.5s) - K.C Jacket Wear Company | remaining: 277
[114/390] id=68 status=ok (2.4s) - Sabarang Fashions Ltd. | remaining: 276
[115/390] id=680 status=ok (2.9s) - Evince Garments Ltd. | remaining: 275
[116/390] id=68003 status=ok (3.1s) - Dress Expert Ltd. | remaining: 274
[117/390] id=68007 status=ok (2.5s) - R.A.J Fashion | remaining: 273
[118/390] id=68017 status=ok (2.5s) - Friends Wear Ltd. | remaining: 272
[119/390] id=68024 status=ok (3.0s) - Bismillah Fashion | remaining: 271
[120/390] id=68049 status=ok (2.5s) - M.S. Fashion | remaining: 270
    -> checkpoint saved to mib_factories_full.xlsx
[121/390] id=683 status=ok (2.3s) - Elaine Apparels Ltd. | remaining: 269
[122/390] id=684 status=ok (3.3s) - Sunmoon Bangladesh Ltd. | remaining: 268
[123/390] id=686 status=ok (2.4s) - Shad Fashion Ltd. | remaining: 267
[124/390] id=687 status=ok (3.1s) - Generation Next Fashions Ltd. | remaining: 266
[125/390] id=689 status=ok (2.5s) - Attires Manufacturing Company Ltd. | remaining: 265
[126/390] id=69 status=ok (3.1s) - Centex Textile & Apparels Ltd. | remaining: 264
[127/390] id=692 status=ok (3.1s) - Euro Arte Apparels Ltd. | remaining: 263
[128/390] id=693 status=ok (3.1s) - Manami Fashions Ltd. | remaining: 262
[129/390] id=694 status=ok (2.5s) - Rudmila Knitwear Ltd. | remaining: 261
[130/390] id=695 status=ok (2.3s) - Musk Trousers Ltd. | remaining: 260
[131/390] id=696 status=ok (2.4s) - Wucho Fashion Ltd. | remaining: 259
[132/390] id=697 status=ok (3.0s) - Cassiopea Clothing Ltd. | remaining: 258
[133/390] id=698 status=ok (2.9s) - Appollo Fashions Ltd. | remaining: 257
[134/390] id=699 status=ok (3.1s) - Taurus Styles Ltd. | remaining: 256
[135/390] id=70 status=ok (3.0s) - Diana Garments (Pvt.) Ltd. | remaining: 255
[136/390] id=704 status=ok (2.4s) - Aman Fashions & Designs Ltd. | remaining: 254
[137/390] id=705 status=ok (3.1s) - Mega Chois Knitwear Ltd. | remaining: 253
[138/390] id=706 status=ok (2.6s) - Nalin Tex Ltd. | remaining: 252
[139/390] id=708 status=ok (3.2s) - Good Guys Ltd. | remaining: 251
[140/390] id=709 status=ok (2.4s) - PHS Design Ltd. | remaining: 250
    -> checkpoint saved to mib_factories_full.xlsx
[141/390] id=71 status=ok (3.1s) - Green World Fashions Ltd. | remaining: 249
[142/390] id=710 status=ok (3.0s) - Saadatia Sweaters Ltd. | remaining: 248
[143/390] id=71032 status=ok (2.2s) - Akther Sewing | remaining: 247
[144/390] id=71041 status=ok (2.3s) - Meher Fashion Ltd. | remaining: 246
[145/390] id=71042 status=ok (2.5s) - Trust Apparels Ltd. | remaining: 245
[146/390] id=71043 status=ok (3.1s) - Hi-Tech Performance Apparels Ltd. | remaining: 244
[147/390] id=714 status=ok (2.4s) - Azmery Garments Ltd. | remaining: 243
[148/390] id=715 status=ok (2.4s) - M & H Corporation (Pvt.) Ltd. | remaining: 242
[149/390] id=716 status=ok (2.4s) - Nassa Knit Ltd. | remaining: 241
[150/390] id=717 status=ok (2.5s) - Nassa Apparels Ltd. (Unit-2) | remaining: 240
[151/390] id=719 status=ok (3.1s) - Sterling Denims Ltd. | remaining: 239
[152/390] id=72 status=ok (2.3s) - Sincere Garments Ltd. | remaining: 238
[153/390] id=72019 status=ok (2.5s) - New Fashion | remaining: 237
[154/390] id=72070 status=ok (1.8s) - AA & S International Ltd. | remaining: 236
[155/390] id=721 status=ok (3.2s) - Nibir Sweater Ltd. | remaining: 235
[156/390] id=722 status=ok (3.0s) - Aftabunnesa Garments Ltd. | remaining: 234
[157/390] id=723 status=ok (2.9s) - Alternative Sweaters Ltd. | remaining: 233
[158/390] id=72501 status=ok (3.0s) - Tech Max Fashion | remaining: 232
[159/390] id=72502 status=ok (2.4s) - RS Fashion | remaining: 231
[160/390] id=72504 status=ok (2.4s) - SHRL Design | remaining: 230
    -> checkpoint saved to mib_factories_full.xlsx
[161/390] id=72513 status=ok (2.2s) - Sahadat Fashion | remaining: 229
[162/390] id=72517 status=ok (2.6s) - IFL Apparels Ltd. | remaining: 228
[163/390] id=72518 status=ok (3.1s) - Nice Woven Fashion Ltd. | remaining: 227
[164/390] id=72521 status=ok (3.1s) - Fiala Apparels Ltd. | remaining: 226
[165/390] id=72522 status=ok (2.6s) - Rabeya Garments (Unit-2) | remaining: 225
[166/390] id=72523 status=ok (2.5s) - J. M. Knit Apparels Ltd. | remaining: 224
[167/390] id=72526 status=ok (3.1s) - Smart Fashion | remaining: 223
[168/390] id=727 status=ok (2.1s) - Nems Apparels N Printing Ltd. | remaining: 222
[169/390] id=73 status=ok (2.5s) - Global Fashion Garments Ltd. | remaining: 221
[170/390] id=730 status=ok (2.5s) - RN Sweater | remaining: 220
[171/390] id=731 status=ok (2.4s) - Natural Denims Ltd. | remaining: 219
[172/390] id=733 status=ok (2.4s) - Maya Mithu Fashion Ltd. | remaining: 218
[173/390] id=734 status=ok (2.5s) - Green Life Knit Composite Ltd. | remaining: 217
[174/390] id=73503 status=ok (2.5s) - Ytex Garments Ltd. | remaining: 216
[175/390] id=73504 status=ok (2.6s) - Ayan Fashion | remaining: 215
[176/390] id=73509 status=ok (2.4s) - South Fashion | remaining: 214
[177/390] id=73511 status=ok (3.3s) - Good Look Fashion | remaining: 213
[178/390] id=73519 status=ok (2.4s) - SHRL Design (Unit-2) | remaining: 212
[179/390] id=73520 status=ok (2.4s) - Green Fashion | remaining: 211
[180/390] id=73521 status=ok (3.1s) - TBT Design | remaining: 210
    -> checkpoint saved to mib_factories_full.xlsx
[181/390] id=74 status=ok (3.2s) - Global Outerwear Ltd. | remaining: 209
[182/390] id=74008 status=ok (2.6s) - Maa Fashion | remaining: 208
[183/390] id=74009 status=ok (2.4s) - R.R. Fashion Garments | remaining: 207
[184/390] id=74011 status=ok (2.5s) - YM Garments Ltd. | remaining: 206
[185/390] id=74012 status=ok (2.5s) - MS Fashion | remaining: 205
[186/390] id=74015 status=ok (3.4s) - T&Z Fashion House | remaining: 204
[187/390] id=748 status=ok (3.2s) - Wear Mag Ltd. | remaining: 203
[188/390] id=75 status=ok (3.1s) - Arunima Sports Wear Ltd. | remaining: 202
[189/390] id=752 status=ok (3.1s) - The Green Sweater's | remaining: 201
[190/390] id=754 status=ok (3.0s) - Armin Sweaters (BD) Ltd. | remaining: 200
[191/390] id=755 status=ok (3.0s) - Boonon Knitting Ltd. | remaining: 199
[192/390] id=757 status=ok (3.0s) - GDM Wear Ltd. | remaining: 198
[193/390] id=759 status=ok (3.1s) - Manvill Styles Ltd. | remaining: 197
[194/390] id=76 status=ok (3.1s) - Capital Garments Ltd. | remaining: 196
[195/390] id=761 status=ok (2.4s) - Danial Enterprise | remaining: 195
[196/390] id=764 status=ok (2.5s) - Texville Apparel Ltd. | remaining: 194
[197/390] id=765 status=ok (3.1s) - ESE Knitwear Ltd. | remaining: 193
[198/390] id=767 status=ok (2.5s) - Ultimate Fashions Ltd. | remaining: 192
[199/390] id=77 status=ok (2.5s) - DMC Apparels Ltd. | remaining: 191
[200/390] id=78 status=ok (2.5s) - Collar Knittings | remaining: 190
    -> checkpoint saved to mib_factories_full.xlsx
[201/390] id=781 status=ok (2.4s) - Galpex Ltd. | remaining: 189
[202/390] id=784 status=ok (3.1s) - Eseta Apparels | remaining: 188
[203/390] id=78501 status=ok (3.2s) - SSMR Garments Ltd. | remaining: 187
[204/390] id=78502 status=ok (3.1s) - Alpha Blue Apparels Ltd. | remaining: 186
[205/390] id=787 status=ok (3.1s) - Sweater Homes | remaining: 185
[206/390] id=788 status=ok (2.4s) - Mahmuda Attires Ltd. | remaining: 184
[207/390] id=79 status=ok (2.5s) - Mondol Fashions Ltd. | remaining: 183
[208/390] id=792 status=ok (3.2s) - AKH Eco Apparels Ltd. | remaining: 182
[209/390] id=793 status=ok (2.4s) - MK Sons Ltd. | remaining: 181
[210/390] id=798 status=ok (3.2s) - Giant Star Fashion Ltd. | remaining: 180
[211/390] id=799 status=ok (2.9s) - Tihan Fashion | remaining: 179
[212/390] id=8 status=ok (2.5s) - Ratul Garments | remaining: 178
[213/390] id=800 status=ok (2.5s) - Afifa Knitting | remaining: 177
[214/390] id=80001 status=ok (3.1s) - Efrit International | remaining: 176
[215/390] id=80002 status=ok (2.4s) - Faria Fashion | remaining: 175
[216/390] id=80004 status=ok (3.0s) - Ocean Eco Apparels Ltd. | remaining: 174
[217/390] id=80005 status=ok (3.1s) - Matrix Apparels Ltd. | remaining: 173
[218/390] id=80007 status=ok (3.2s) - Expo Knitwears Ltd. | remaining: 172
[219/390] id=80008 status=ok (3.1s) - Dreams Sweaters | remaining: 171
[220/390] id=80009 status=ok (2.6s) - F.A.S Fashion | remaining: 170
    -> checkpoint saved to mib_factories_full.xlsx
[221/390] id=80011 status=ok (2.6s) - Jubair Export Knitwear | remaining: 169
[222/390] id=80012 status=ok (3.1s) - Mass Fashion BD | remaining: 168
[223/390] id=80016 status=ok (3.2s) - Ariba Apparels Ltd. | remaining: 167
[224/390] id=80017 status=ok (3.0s) - Stuff Ltd. | remaining: 166
[225/390] id=80018 status=ok (2.5s) - HP Smart Fashion | remaining: 165
[226/390] id=802 status=ok (3.2s) - Step-2 | remaining: 164
[227/390] id=808 status=ok (2.5s) - Taharat Composite Ltd. | remaining: 163
[228/390] id=811 status=ok (3.1s) - A.K.A. Nobin Sweater Knit Ltd. | remaining: 162
[229/390] id=816 status=ok (3.0s) - Adiyat Apparels Ltd. | remaining: 161
[230/390] id=818 status=ok (2.5s) - Beq Sweaters Ltd. | remaining: 160
[231/390] id=819 status=ok (3.3s) - ABU Apparels | remaining: 159
[232/390] id=821 status=ok (3.0s) - Skylark Fashions | remaining: 158
[233/390] id=825 status=ok (2.8s) - TM Apparels | remaining: 157
[234/390] id=828 status=ok (2.1s) - Murad Apparels Ltd. | remaining: 156
[235/390] id=83 status=ok (3.1s) - Falcon Int'l Knit Composite | remaining: 155
[236/390] id=83003 status=ok (3.2s) - Unicus Apparels Ltd. | remaining: 154
[237/390] id=83004 status=ok (1.9s) - DM Fashion | remaining: 153
[238/390] id=83005 status=ok (3.1s) - 2nd Steep | remaining: 152
[239/390] id=83006 status=ok (3.1s) - Taher Apparels Ltd. | remaining: 151
[240/390] id=83010 status=ok (3.1s) - UL Fashions | remaining: 150

Building final Excel file...
Traceback (most recent call last):
  File "D:\work\BIDS\BGMEA\bids-map-analysis\scraper\scrape_mib.py", line 222, in main
    build_excel_from_jsonl()
  File "D:\work\BIDS\BGMEA\bids-map-analysis\scraper\scrape_mib.py", line 144, in build_excel_from_jsonl
    wb.save(OUTPUT_XLSX)
  File "C:\Users\hp\AppData\Local\Programs\Python\Python310\lib\site-packages\openpyxl\workbook\workbook.py", line 386, in save
    save_workbook(self, filename)
  File "C:\Users\hp\AppData\Local\Programs\Python\Python310\lib\site-packages\openpyxl\writer\excel.py", line 291, in save_workbook
    archive = ZipFile(filename, 'w', ZIP_DEFLATED, allowZip64=True)
  File "C:\Users\hp\AppData\Local\Programs\Python\Python310\lib\zipfile.py", line 1240, in __init__
    self.fp = io.open(file, filemode)
PermissionError: [Errno 13] Permission denied: 'D:\\work\\BIDS\\BGMEA\\bids-map-analysis\\excel\\mib_factories_full.xlsx'

During handling of the above exception, another exception occurred:

Traceback (most recent call last):
  File "D:\work\BIDS\BGMEA\bids-map-analysis\scraper\scrape_mib.py", line 237, in <module>
    main()
  File "D:\work\BIDS\BGMEA\bids-map-analysis\scraper\scrape_mib.py", line 231, in main
    build_excel_from_jsonl()
  File "D:\work\BIDS\BGMEA\bids-map-analysis\scraper\scrape_mib.py", line 144, in build_excel_from_jsonl
    wb.save(OUTPUT_XLSX)
  File "C:\Users\hp\AppData\Local\Programs\Python\Python310\lib\site-packages\openpyxl\workbook\workbook.py", line 386, in save
    save_workbook(self, filename)
  File "C:\Users\hp\AppData\Local\Programs\Python\Python310\lib\site-packages\openpyxl\writer\excel.py", line 291, in save_workbook
    archive = ZipFile(filename, 'w', ZIP_DEFLATED, allowZip64=True)
  File "C:\Users\hp\AppData\Local\Programs\Python\Python310\lib\zipfile.py", line 1240, in __init__
    self.fp = io.open(file, filemode)
PermissionError: [Errno 13] Permission denied: 'D:\\work\\BIDS\\BGMEA\\bids-map-analysis\\excel\\mib_factories_full.xlsx'
Reading factory URLs from excel\mib_factories.xlsx
Found 3281 factory URLs.
Already scraped (resumable): 3131 (3130 ok, 1 need retry)
Connecting to Chrome at 127.0.0.1:9222 ...
Connected. Starting scrape. Press Ctrl+C to stop at any time (safe to resume).

[1/151] id=4076 status=placeholder_suspect (48.6s) - New Uday Sweaters | remaining: 150
[2/151] id=83013 status=ok (2.6s) - Mukta Fashions Ltd. | remaining: 149
[3/151] id=83015 status=ok (2.4s) - Mas Clothing Contriver Ltd. | remaining: 148
[4/151] id=83016 status=ok (2.3s) - J.R.H. Fashion | remaining: 147
[5/151] id=83022 status=ok (3.1s) - A & O Fashion & Printing | remaining: 146
[6/151] id=83023 status=ok (2.4s) - Amanot Fashions. | remaining: 145
[7/151] id=83024 status=ok (3.1s) - Top 3 Fashion | remaining: 144
[8/151] id=83025 status=ok (2.4s) - G-8 Apparels Ltd. | remaining: 143
[9/151] id=83030 status=ok (2.5s) - Sagor Fashion | remaining: 142
[10/151] id=83031 status=ok (2.4s) - Mbrella Ltd. | remaining: 141
[11/151] id=83032 status=ok (2.3s) - Sakib Apparels Ltd. | remaining: 140
[12/151] id=83034 status=ok (2.4s) - Patriot Garments Ltd. | remaining: 139
[13/151] id=83035 status=ok (2.5s) - Cavron Ltd. | remaining: 138
[14/151] id=83041 status=ok (2.4s) - Al Noor Fashion Wear | remaining: 137
[15/151] id=833 status=ok (2.5s) - Shangu Tex Ltd. (Unit-2) | remaining: 136
[16/151] id=834 status=ok (3.2s) - Plantinum Apparel Manufacturing Co. Ltd. | remaining: 135
[17/151] id=838 status=ok (2.4s) - Crystal Composite Ltd. | remaining: 134
[18/151] id=839 status=ok (3.1s) - L R Sports Ltd. | remaining: 133
[19/151] id=845 status=ok (2.5s) - Euphoria Apparels Ltd. | remaining: 132
[20/151] id=84501 status=ok (2.5s) - M.R Fashion | remaining: 131
    -> checkpoint saved to mib_factories_full.xlsx
[21/151] id=84502 status=ok (2.5s) - Multivers Apparel (Pvt.) Ltd. | remaining: 130
[22/151] id=84503 status=ok (2.4s) - Incity Style BD | remaining: 129
[23/151] id=84504 status=ok (2.4s) - Standard Fashion | remaining: 128
[24/151] id=84506 status=ok (2.4s) - Active Bd International | remaining: 127
[25/151] id=84507 status=ok (2.4s) - Joya Fashion Garments | remaining: 126
[26/151] id=84509 status=ok (2.5s) - Tex Hub Designs | remaining: 125
[27/151] id=84510 status=ok (2.6s) - Bravo Design Ltd. | remaining: 124
[28/151] id=84511 status=ok (2.5s) - SN Sweater Fashion | remaining: 123
[29/151] id=84514 status=ok (3.0s) - Shirt & Jacket Zone Ltd. | remaining: 122
[30/151] id=84517 status=ok (2.3s) - STM Clothing | remaining: 121
[31/151] id=84518 status=ok (2.5s) - Omaj Apparel Ltd. | remaining: 120
[32/151] id=84521 status=ok (3.3s) - Tarafdar Fashion | remaining: 119
[33/151] id=84522 status=ok (3.1s) - Saad Fashion | remaining: 118
[34/151] id=84523 status=ok (2.3s) - SS International | remaining: 117
[35/151] id=84525 status=ok (3.1s) - Pankouri Fashion | remaining: 116
[36/151] id=84533 status=ok (2.5s) - Winter Winner | remaining: 115
[37/151] id=84534 status=ok (2.4s) - Hoque's Garments Ltd. | remaining: 114
[38/151] id=84535 status=ok (2.3s) - Denimic Industry Ltd. | remaining: 113
[39/151] id=84537 status=ok (2.4s) - An-Noor Apparel Ltd. | remaining: 112
[40/151] id=84539 status=ok (3.0s) - Tex Troop | remaining: 111
    -> checkpoint saved to mib_factories_full.xlsx
[41/151] id=84545 status=ok (2.3s) - GM Apparels Ltd. | remaining: 110
[42/151] id=84546 status=ok (3.3s) - Meead Apparels | remaining: 109
[43/151] id=84548 status=ok (3.1s) - NRK Fashion Ltd. | remaining: 108
[44/151] id=84558 status=ok (3.0s) - MR Apparels | remaining: 107
[45/151] id=849 status=ok (2.5s) - Al-Afaz Sweater Ltd. | remaining: 106
[46/151] id=85 status=ok (2.3s) - Create Design Ltd. | remaining: 105
[47/151] id=853 status=ok (2.4s) - Aanytex Ltd. | remaining: 104
[48/151] id=854 status=ok (3.2s) - Unity Fashion BD | remaining: 103
[49/151] id=856 status=ok (3.1s) - S.S. International (BD) | remaining: 102
[50/151] id=86 status=ok (2.5s) - The New Delta Apparels Ltd. | remaining: 101
[51/151] id=86001 status=ok (2.4s) - Merchantex Co. (BD) Ltd. | remaining: 100
[52/151] id=866 status=ok (2.5s) - Badrunnesa Sweaters Ltd. | remaining: 99
[53/151] id=87 status=ok (2.4s) - Four Brothers Fashion | remaining: 98
[54/151] id=873 status=ok (3.1s) - Tory Fashion Wear Ltd. | remaining: 97
[55/151] id=874 status=ok (2.4s) - Q Tex | remaining: 96
[56/151] id=877 status=ok (3.0s) - Dhaka Jacquard Fashion Ltd. | remaining: 95
[57/151] id=88 status=ok (3.2s) - Rajdhani Apparels Ltd. | remaining: 94
[58/151] id=883 status=ok (3.1s) - Oaishe Fashion | remaining: 93
[59/151] id=885 status=ok (2.3s) - Zakaria Fashion | remaining: 92
[60/151] id=889 status=ok (3.1s) - Feroza International | remaining: 91
    -> checkpoint saved to mib_factories_full.xlsx
[61/151] id=89 status=ok (2.4s) - Bongo Stitches Ltd. | remaining: 90
[62/151] id=890 status=ok (2.4s) - Marjan Fashion | remaining: 89
[63/151] id=89001 status=ok (2.5s) - White Tex Ltd. | remaining: 88
[64/151] id=89002 status=ok (2.6s) - Eva Fashion | remaining: 87
[65/151] id=89003 status=ok (3.1s) - Tohfa Fashion Ltd. | remaining: 86
[66/151] id=89004 status=ok (2.3s) - Ahmed Socks Industries | remaining: 85
[67/151] id=89005 status=ok (2.4s) - Tahreem Sweaters | remaining: 84
[68/151] id=89006 status=ok (2.5s) - Muntasim Sweater Ltd. | remaining: 83
[69/151] id=89007 status=ok (2.4s) - Integra Design Ltd. | remaining: 82
[70/151] id=89008 status=ok (3.0s) - ER Sweater | remaining: 81
[71/151] id=89009 status=ok (2.4s) - K.N Fashion Ltd. | remaining: 80
[72/151] id=89010 status=ok (1.8s) - Smile Outfits Ltd. | remaining: 79
[73/151] id=89012 status=ok (2.3s) - Frank Sourcing Ltd. | remaining: 78
[74/151] id=89014 status=ok (2.4s) - S.M Dream Fashion | remaining: 77
[75/151] id=89017 status=ok (2.5s) - K.B.S Knit Wear Ltd. | remaining: 76
[76/151] id=89018 status=ok (2.4s) - Raar Sweaters Ltd. | remaining: 75
[77/151] id=89019 status=ok (2.3s) - Best Sportswear Ltd. | remaining: 74
[78/151] id=89020 status=ok (3.0s) - Garments Manufacturing And Assembling Ltd. | remaining: 73
[79/151] id=89023 status=ok (2.3s) - Radix Collections Ltd. | remaining: 72
[80/151] id=89024 status=ok (2.3s) - Unity Caps & Headwears Ltd. | remaining: 71
    -> checkpoint saved to mib_factories_full.xlsx
[81/151] id=89025 status=ok (3.1s) - Tahsim & Nasim Fashion | remaining: 70
[82/151] id=89026 status=ok (2.3s) - Today Sweater Ltd. | remaining: 69
[83/151] id=891 status=ok (2.5s) - Tunic Apparels Ltd. | remaining: 68
[84/151] id=892 status=ok (2.9s) - O'Dell Apparels Ltd. | remaining: 67
[85/151] id=895 status=ok (1.8s) - SNS Apparels Ltd. | remaining: 66
[86/151] id=9 status=ok (2.4s) - Armana Fashions Ltd. | remaining: 65
[87/151] id=90 status=ok (3.1s) - Angora Sweaters Ltd. | remaining: 64
[88/151] id=903 status=ok (2.9s) - SF Fashion | remaining: 63
[89/151] id=904 status=ok (2.5s) - Alps Apparels Ltd. | remaining: 62
[90/151] id=907 status=ok (2.5s) - B S M Fashion | remaining: 61
[91/151] id=908 status=ok (2.3s) - Soultex Fashion Ltd. | remaining: 60
[92/151] id=915 status=ok (3.0s) - Pabna Fashion Ltd. | remaining: 59
[93/151] id=918 status=ok (1.8s) - KRSS Sportswear Ltd. | remaining: 58
[94/151] id=919 status=ok (2.5s) - Z.R. Fashion | remaining: 57
[95/151] id=920 status=ok (2.0s) - Lovely Sweater | remaining: 56
[96/151] id=924 status=ok (2.4s) - Basic Apparels Ltd. | remaining: 55
[97/151] id=925 status=ok (2.2s) - KTJ Gloves Ltd. | remaining: 54
[98/151] id=931 status=ok (3.2s) - Ujan Char Sweater Ltd. | remaining: 53
[99/151] id=94 status=ok (2.0s) - Sisal Composite Ltd. | remaining: 52
[100/151] id=942 status=ok (1.9s) - Rabeya Garments | remaining: 51
    -> checkpoint saved to mib_factories_full.xlsx
[101/151] id=945 status=ok (2.0s) - Venix Bangladesh Ltd. | remaining: 50
[102/151] id=94501 status=ok (1.9s) - Snowtex Sportswear Ltd. | remaining: 49
[103/151] id=946 status=ok (1.9s) - HN Garments Ltd. | remaining: 48
[104/151] id=948 status=ok (1.9s) - Gallery Tex Ltd. | remaining: 47
[105/151] id=95 status=ok (1.9s) - Urmi Garments Ltd. | remaining: 46
[106/151] id=95001 status=ok (2.0s) - Momo Fashions Ltd. | remaining: 45
[107/151] id=956 status=ok (1.8s) - Brothers Sweater & Knitting Ltd. | remaining: 44
[108/151] id=961 status=ok (2.4s) - Donglian Fashion (BD) Ltd. | remaining: 43
[109/151] id=966 status=ok (2.4s) - Genesis Fashions Ltd. (Unit-2) | remaining: 42
[110/151] id=97 status=ok (2.9s) - Arunima Apparels Ltd. | remaining: 41
[111/151] id=97505 status=ok (2.3s) - Ify & Noyon Fashion Point | remaining: 40
[112/151] id=97506 status=ok (2.4s) - Al-Nesar Garments | remaining: 39
[113/151] id=976 status=ok (2.5s) - 9 Star Apparels Industries Ltd. | remaining: 38
[114/151] id=97660 status=ok (2.3s) - Ahsiar Textile Ltd. | remaining: 37
[115/151] id=97662 status=ok (2.4s) - M H P Apparels | remaining: 36
[116/151] id=97667 status=ok (3.3s) - SRS Design & Fashion Ltd. | remaining: 35
[117/151] id=97673 status=ok (3.1s) - Outlet Stitches Ltd. | remaining: 34
[118/151] id=97800 status=ok (2.5s) - U Protection Ltd. | remaining: 33
[119/151] id=97801 status=ok (3.0s) - Pioneer Apparels Ltd. (Unit-2) | remaining: 32
[120/151] id=97805 status=ok (2.3s) - Apple Green Apparels | remaining: 31
    -> checkpoint saved to mib_factories_full.xlsx
[121/151] id=97817 status=ok (3.0s) - North Bengal Sweater | remaining: 30
[122/151] id=97818 status=ok (2.4s) - Ma Babar Doya Fashion House | remaining: 29
[123/151] id=97821 status=ok (4.7s) - Pacific Blue Jeans Wear Ltd. (Unit-2) | remaining: 28
[124/151] id=98 status=ok (2.4s) - K-Tex Industrial Co. Ltd. | remaining: 27
[125/151] id=981 status=ok (3.1s) - J.S. Fashion Design | remaining: 26
[126/151] id=98262 status=ok (3.0s) - Bibhushan Apparels | remaining: 25
[127/151] id=98265 status=ok (3.1s) - Kamal Sweater | remaining: 24
[128/151] id=98458 status=ok (3.1s) - Maxime Expo Apparels Ltd. | remaining: 23
[129/151] id=98662 status=ok (2.3s) - Amir Fashion | remaining: 22
[130/151] id=98681 status=ok (2.4s) - Marigold Knittex Ltd. | remaining: 21
[131/151] id=99 status=ok (3.2s) - Amtranet Ltd. | remaining: 20
[132/151] id=99001 status=ok (3.1s) - Delicate Knitwears Ltd. | remaining: 19
[133/151] id=99022 status=ok (2.5s) - Texpro Eco Apparel Ltd. | remaining: 18
[134/151] id=99023 status=ok (2.5s) - North Bengal Fashions | remaining: 17
[135/151] id=99041 status=ok (3.0s) - J Mars Fashion Ltd. | remaining: 16
[136/151] id=99044 status=ok (3.1s) - MRS Design Ltd. | remaining: 15
[137/151] id=99051 status=ok (2.4s) - Essential Apparel Ltd. | remaining: 14
[138/151] id=99052 status=ok (3.1s) - Rosemary Fashion | remaining: 13
[139/151] id=99053 status=ok (2.4s) - EFG Fashion | remaining: 12
[140/151] id=99062 status=ok (3.1s) - Marquee Manufacturers Ltd. | remaining: 11
    -> checkpoint saved to mib_factories_full.xlsx
[141/151] id=99063 status=ok (1.9s) - Axon Fashion Ltd. | remaining: 10
[142/151] id=99071 status=ok (2.4s) - Nadia Apperal | remaining: 9
[143/151] id=99081 status=ok (3.1s) - Mila Industrial Ltd. | remaining: 8
[144/151] id=99101 status=ok (3.1s) - Revella Apparels Ltd. | remaining: 7
[145/151] id=99105 status=ok (2.4s) - Jeans Manufacturing Co. Ltd. | remaining: 6
[146/151] id=99106 status=ok (3.2s) - Fashion Zone Ltd. | remaining: 5
[147/151] id=99107 status=ok (1.9s) - N S Apparel | remaining: 4
[148/151] id=99108 status=ok (3.0s) - Rupkatha Apparels Ltd. | remaining: 3
[149/151] id=99109 status=ok (3.0s) - BNM Garments Industry Ltd. | remaining: 2
[150/151] id=996 status=ok (2.4s) - Risingtex Fashion Ltd. | remaining: 1
[151/151] id=999 status=ok (2.3s) - Brother's Apparels | remaining: 0

Building final Excel file...
Saved D:\work\BIDS\BGMEA\bids-map-analysis\excel\mib_factories_full.xlsx
This run: 151 scraped, 0 login pause(s).
